geolocation_zip_code_prefix,geolocation_lat,geolocation_lng,geolocation_city,geolocation_state
01037,-23.54562128115268,-46.63929204800168,sao paulo,sp
01046,-23.54608112703553,-46.64482029837157,sao paulo,sp
01041,-23.5443921648681,-46.63949930627844,sao paulo,sp
01035,-23.541577961711493,-46.64160722329613,sao paulo,sp
01012,-23.547762303364262,-46.63536053788448,sao paulo,sp
01047,-23.54627311241268,-46.64122516971552,sao paulo,sp
01013,-23.546923208436723,-46.6342636964915,sao paulo,sp
01029,-23.543769055769133,-46.63427784085132,sao paulo,sp
01011,-23.547639550320632,-46.63603162315495,sao paulo,sp
01032,-23.53841810407414,-46.634778375266734,sao paulo,sp
01014,-23.546435343326205,-46.63383023397196,sao paulo,sp
01039,-23.54188300998332,-46.63991946670314,sao paulo,sp
01024,-23.541389521053937,-46.62989908781218,sao paulo,sp
01009,-23.54693540437998,-46.63658792659698,sao paulo,sp
01020,-23.55223547100232,-46.6284406588955,sao paulo,sp
01043,-23.546656718016017,-46.64078762115524,sao paulo,sp
01050,-23.549773516504185,-46.64559900666509,sao paulo,sp
01045,-23.541593762969622,-46.64189378810082,sao paulo,sp
01007,-23.550392524842728,-46.63730164071784,sao paulo,sp
01005,-23.549819091869107,-46.63560588995324,sao paulo,sp
01017,-23.55001091199737,-46.63116636914989,sao paulo,sp
01019,-23.552151883432384,-46.63080224715792,sao paulo,sp
01027,-23.538301166801343,-46.63076391104508,sao paulo,sp
01033,-23.54032130474925,-46.636394815973325,sao paulo,sp
01006,-23.55052430835593,-46.63669363835193,sao paulo,sp
01034,-23.54239162719593,-46.63770927785183,sao paulo,sp
01042,-23.54487359810152,-46.64030309449483,sao paulo,sp
01040,-23.540316757429707,-46.63735536871719,sao paulo,sp
01026,-23.539494799586286,-46.63284391414975,sao paulo,sp
01036,-23.541700023861782,-46.64131782056096,sao paulo,sp
01048,-23.547448918662464,-46.64016924063704,sao paulo,sp
01002,-23.54831797807146,-46.63542110199666,sao paulo,sp
01031,-23.536864121011018,-46.63349313820771,sao paulo,sp
01022,-23.54498660505508,-46.63345367485142,sao paulo,sp
01008,-23.54425493154535,-46.634639135589296,sao paulo,sp
01010,-23.547806958346342,-46.63612181853806,sao paulo,sp
01003,-23.54903244546711,-46.63531311226845,sao paulo,sp
01001,-23.54929199999999,-46.633559478233785,sao paulo,sp
01015,-23.544826346129778,-46.63086956396899,sao paulo,sp
01038,-23.542679676299095,-46.63819683884986,sao paulo,sp
01016,-23.54849512877264,-46.633490627676125,sao paulo,sp
01049,-23.54530659310986,-46.636994571065735,sao paulo,sp
01021,-23.54516769470249,-46.63224867958328,sao paulo,sp
01018,-23.550218647763327,-46.63188,sao paulo,sp
01044,-23.54575105023373,-46.64132693574358,sao paulo,sp
01030,-23.538363904524203,-46.63293009824575,sao paulo,sp
01025,-23.539920936547933,-46.6283479287932,sao paulo,sp
01004,-23.550115903139226,-46.63512161420169,sao paulo,sp
01023,-23.54260295697964,-46.63094283625709,sao paulo,sp
01028,-23.536027749379617,-46.632878533585306,sao paulo,sp
01155,-23.52878808243405,-46.664404203300826,sao paulo,sp
01122,-23.531280767701485,-46.637260391482464,sao paulo,sp
01150,-23.532255303364263,-46.662756071469765,sao paulo,sp
01123,-23.529307180131543,-46.63490526351788,sao paulo,sp
01139,-23.52076037607479,-46.661384138207694,sao paulo,sp
01153,-23.52811869885744,-46.65645154579032,sao paulo,sp
01104,-23.535218462115523,-46.62461223313523,sao paulo,sp
01136,-23.52350959838998,-46.666944167638064,sao paulo,sp
01130,-23.52663823480868,-46.64380970358929,sao paulo,sp
01103,-23.53538864556528,-46.631747708436734,sao paulo,sp
01156,-23.5298272739339,-46.66466605744709,sao paulo,sp
01151,-23.527788191788307,-46.66030962184773,sao paulo,sp
01140,-23.517930174303164,-46.66742959008009,sao paulo,sp
01120,-23.53076048626577,-46.639216010416,sao paulo,sp
01106,-23.53249635607949,-46.62640566388715,sao paulo,sp
01124,-23.527367392723217,-46.63188348903572,sao paulo,sp
01131,-23.52164183207347,-46.64747554830047,sao paulo,sp
01121,-23.524588477378973,-46.634392141554585,sao paulo,sp
01141,-23.52011919677996,-46.66584000098096,sao paulo,sp
01125,-23.529050497085805,-46.63889432139766,sao paulo,sp
01102,-23.52261021648681,-46.62942387523806,sao paulo,sp
01127,-23.52773504025041,-46.64480016028046,sao paulo,sp
01137,-23.51957274271452,-46.654271565497176,sao paulo,sp
01135,-23.52122103136361,-46.65296293450282,sao paulo,sp
01138,-23.5188254074384,-46.65562359824576,sao paulo,sp
01128,-23.52296856571061,-46.64174928255676,sao paulo,sp
01109,-23.525355372756565,-46.62754223036526,sao paulo,sp
01132,-23.51929180460501,-46.64980089647412,sao paulo,sp
01108,-23.52375957536492,-46.6324154521322,sao paulo,sp
01107,-23.522004902014046,-46.63397365860703,sao paulo,sp
01154,-23.53158118373822,-46.66174681473255,sao paulo,sp
01152,-23.52916893282939,-46.65214846073055,sao paulo,sp
01134,-23.51867680707737,-46.6531159131789,sao paulo,sp
01144,-23.52362350735759,-46.67201579877662,sao paulo,sp
01129,-23.5259237463212,-46.642131776011375,sao paulo,sp
01105,-23.533744232586976,-46.63063486274458,sao paulo,sp
01126,-23.52915073382772,-46.64042336234055,sao paulo,sp
01142,-23.51993430515264,-46.6251300217966,sao paulo,sp
01133,-23.522591105747573,-46.651049014715184,sao paulo,sp
01101,-23.533718588348005,-46.63327836278268,sao paulo,sp
01189,-23.53210825506378,-46.63839470107914,sao paulo,sp
01202,-23.530243903687488,-46.65091042186511,sao paulo,sp
01230,-23.532734734664448,-46.654324449073776,sao paulo,sp
01221,-23.54601532944774,-46.64900196003804,sao paulo,sp
01217,-23.533844773241405,-46.64940663613022,sao paulo,sp
01243,-23.54946977906979,-46.65509829793992,sao paulo,sp
01203,-23.537119379681474,-46.64438743865777,sao paulo,sp
01214,-23.53569581346678,-46.64141313885349,sao paulo,sp
01257,-23.54507217346644,-46.68438057799065,sao paulo,sp
01231,-23.5367081559813,-46.6596418411045,sao paulo,sp
01216,-23.53597285667968,-46.651407002063245,sao paulo,sp
01226,-23.534478565641404,-46.65502761740432,sao paulo,sp
01220,-23.542757999999992,-46.64547398167813,sao paulo,sp
01223,-23.54377251788917,-46.6482729970858,sao paulo,sp
01213,-23.536400280050746,-46.64003758881069,sao paulo,sp
01227,-23.537290117980763,-46.65443089812821,sao paulo,sp
01240,-23.54378694284137,-46.65861209437926,sao paulo,sp
01258,-23.54499310130417,-46.685597180824026,sao paulo,sp
01222,-23.547159576461446,-46.64989460560333,sao paulo,sp
01211,-23.53582223582903,-46.651605049299015,sao paulo,sp
01244,-23.54499336358131,-46.65968022344037,sao paulo,sp
01238,-23.54195269441404,-46.65931762155928,sao paulo,sp
01204,-23.53680115237462,-46.644416271856414,sao paulo,sp
01234,-23.537055499855768,-46.66361722052618,sao paulo,sp
01228,-23.54839279655493,-46.659018341392965,sao paulo,sp
01224,-23.541718547319537,-46.64883066180968,sao paulo,sp
01229,-23.54108734139297,-46.65733920275257,sao paulo,sp
01232,-23.53676737440136,-46.65507313113856,sao paulo,sp
01218,-23.531544680824037,-46.65066866833055,sao paulo,sp
01215,-23.537982300854097,-46.64927618235323,sao paulo,sp
01239,-23.548781693029053,-46.65745981155857,sao paulo,sp
01205,-23.53176047100233,-46.64592571455356,sao paulo,sp
01201,-23.53435725950717,-46.64935629739165,sao paulo,sp
01259,-23.54335652677597,-46.683946373016354,sao paulo,sp
01210,-23.540860990564934,-46.64385528059898,sao paulo,sp
01249,-23.54756594892955,-46.66977043395457,sao paulo,sp
01212,-23.537511255832708,-46.63705730743676,sao paulo,sp
01248,-23.547307547319537,-46.66789155107045,sao paulo,sp
01233,-23.540299470713855,-46.66278360519932,sao paulo,sp
01219,-23.540223573951277,-46.645277138092126,sao paulo,sp
01235,-23.53645971856428,-46.66424678602334,sao paulo,sp
01209,-23.539446764643067,-46.639378335968615,sao paulo,sp
01236,-23.54169219568345,-46.66747262574287,sao paulo,sp
01206,-23.535535799324883,-46.64305202830518,sao paulo,sp
01207,-23.536840620318525,-46.640393035807016,sao paulo,sp
01251,-23.54700826311385,-46.67399273506846,sao paulo,sp
01242,-23.547526626983625,-46.65580327269316,sao paulo,sp
01241,-23.54567660866176,-46.6569934730798,sao paulo,sp
01208,-23.540822507357586,-46.6397147149576,sao paulo,sp
01254,-23.54196785483874,-46.68191419135562,sao paulo,sp
01255,-23.545782460730543,-46.68119826089217,sao paulo,sp
01245,-23.54929680904841,-46.66359454884875,sao paulo,sp
01225,-23.54064714772717,-46.648251782670506,sao paulo,sp
01252,-23.54173205190716,-46.67710841548848,sao paulo,sp
01237,-23.544317693577312,-46.66982279920932,sao paulo,sp
01200,-23.531567773241413,-46.64986907784642,sao paulo,sp
01250,-23.548106335564583,-46.67255083804609,sao paulo,sp
01247,-23.551341734760975,-46.66937701435217,sao paulo,sp
01246,-23.55259069386578,-46.6664048798257,sao paulo,sp
01262,-23.550856391462712,-46.67735184892536,sao paulo,sp
01253,-23.54320796973291,-46.680244701079125,sao paulo,sp
01290,-23.54096134139296,-46.657748702752585,sao paulo,sp
01256,-23.54856753595123,-46.683293049685474,sao paulo,sp
01303,-23.55001132944774,-46.64818240521669,sao paulo,sp
01309,-23.557323688585655,-46.65692890729416,sao paulo,sp
01310,-23.556926913670807,-46.6615417904381,sao paulo,sp
01323,-23.56360092810872,-46.64096891541434,sao paulo,sp
01321,-23.55896103857696,-46.64089188579832,sao paulo,sp
01333,-23.56356993894623,-46.65184216708981,sao paulo,sp
01314,-23.550271219805023,-46.641530430203645,sao paulo,sp
01331,-23.562327520947598,-46.6503277425703,sao paulo,sp
01307,-23.549360699694148,-46.65412441687346,sao paulo,sp
01318,-23.56503810268915,-46.64731633542034,sao paulo,sp
01322,-23.564189902302505,-46.64356963725542,sao paulo,sp
01308,-23.555182505135885,-46.65226234401868,sao paulo,sp
01306,-23.55433380183505,-46.64967363918865,sao paulo,sp
01301,-23.550812799901816,-46.65525802969017,sao paulo,sp
01302,-23.547650962519555,-46.64357747515727,sao paulo,sp
01312,-23.55364600943506,-46.64827785290551,sao paulo,sp
01319,-23.55156260866176,-46.64021297307979,sao paulo,sp
01316,-23.55298158090484,-46.63977389064573,sao paulo,sp
01317,-23.56281094772712,-46.64538049222014,sao paulo,sp
01313,-23.556513287803007,-46.65025319729151,sao paulo,sp
01324,-23.551359454065437,-46.64339075477531,sao paulo,sp
01327,-23.56521929669917,-46.6451517253736,sao paulo,sp
01304,-23.55217944962204,-46.652991998615015,sao paulo,sp
01332,-23.559874596168275,-46.65312715543304,sao paulo,sp
01326,-23.558908285042403,-46.64517207853889,sao paulo,sp
01315,-23.552592988343235,-46.64068338732753,sao paulo,sp
01325,-23.56040415015292,-46.64409070038665,sao paulo,sp
01329,-23.563145744936214,-46.64661879892085,sao paulo,sp
01330,-23.556817623925213,-46.64986083625707,sao paulo,sp
01311,-23.560566359426364,-46.65761042867444,sao paulo,sp
01305,-23.556083049685476,-46.658022684978974,sao paulo,sp
01320,-23.557337937272795,-46.63877749362335,sao paulo,sp
01328,-23.55542941271852,-46.64533779225576,sao paulo,sp
01402,-23.58406691212703,-46.66998067037748,sao paulo,sp
01421,-23.562331512897508,-46.66120425339033,sao paulo,sp
01403,-23.57034735804139,-46.65315099653755,sao paulo,sp
01409,-23.5613664276935,-46.657593869005645,sao paulo,sp
01411,-23.568546850380155,-46.66483313596545,sao paulo,sp
01452,-23.56883153079836,-46.69199439364803,sao paulo,sp
01423,-23.568918203156603,-46.656995139736914,sao paulo,sp
01417,-23.48850962531019,-46.714606281435714,sao paulo,sp
01408,-23.569438714409333,-46.66342129141903,sao paulo,sp
01455,-23.580690704974277,-46.68751888037395,sao paulo,sp
01401,-23.569747571977175,-46.65100357197719,sao paulo,sp
01410,-23.558595737434405,-46.65657075535223,sao paulo,sp
01453,-23.583435663338896,-46.68646270038665,sao paulo,sp
01415,-23.551840037191976,-46.65455309547579,sao paulo,sp
01416,-23.55951039494492,-46.66706390175425,sao paulo,sp
01445,-23.568346382739897,-46.68910543089613,sao paulo,sp
01424,-23.56816235942637,-46.66117892867444,sao paulo,sp
01422,-23.55978441771017,-46.6660792610364,sao paulo,sp
01419,-23.557767998615013,-46.662673347769605,sao paulo,sp
01414,-23.56362276547979,-46.667603824167614,sao paulo,sp
01420,-23.56851813765943,-46.65191532569683,sao paulo,sp
01451,-23.583489065785624,-46.68508055092622,sao paulo,sp
01446,-23.575692782128208,-46.67656975659298,sao paulo,sp
01406,-23.56582006549717,-46.65801073994457,sao paulo,sp
01454,-23.582148872612336,-46.68638063183105,sao paulo,sp
01426,-23.562597147293012,-46.66968807621716,sao paulo,sp
01413,-23.55863183097696,-46.66070142630853,sao paulo,sp
01433,-23.58188488758732,-46.66848679753589,sao paulo,sp
01427,-23.573515117952592,-46.66112293352187,sao paulo,sp
01405,-23.566964123780973,-46.65698270719597,sao paulo,sp
01435,-23.579681908967608,-46.66963177269314,sao paulo,sp
01449,-23.576292199001667,-46.68142310352587,sao paulo,sp
01425,-23.572330354982963,-46.66082327699232,sao paulo,sp
01430,-23.881629353829144,-46.643818799723405,sao paulo,sp
01404,-23.56994326977895,-46.657093704685806,sao paulo,sp
01442,-23.56370226740048,-46.67529085698279,sao paulo,sp
01407,-23.5784800999192,-46.67516750652087,sao paulo,sp
01418,-23.56312173510022,-46.656566708353616,sao paulo,sp
01472,-23.57054369248079,-46.69129667943905,sao paulo,sp
01443,-23.56750865000869,-46.68471805799536,sao paulo,sp
01428,-23.576461470165608,-46.65933149278663,sao paulo,sp
01434,-23.57791700859833,-46.66945260115993,sao paulo,sp
01457,-23.57883550069249,-46.69092820399332,sao paulo,sp
01412,-23.5644233366611,-46.66684085068379,sao paulo,sp
01448,-23.57741669608748,-46.67817482139765,sao paulo,sp
01456,-23.578504155433038,-46.690118296987634,sao paulo,sp
01432,-23.574420691644068,-46.66422198695826,sao paulo,sp
01441,-23.575656697760916,-46.68951882930351,sao paulo,sp
01489,-23.57664998889148,-46.68740004775216,sao paulo,sp
01429,-23.57524108520401,-46.66307398459231,sao paulo,sp
01450,-23.574925477927227,-46.68505199999999,sao paulo,sp
01440,-23.56448527782904,-46.674418610595005,sao paulo,sp
01438,-23.570325577009708,-46.67299258050082,sao paulo,sp
01444,-23.605675658895493,-46.74544468220901,sao paulo,sp
01436,-23.572650803768283,-46.66771704607878,sao paulo,sp
01447,-23.572517679150597,-46.680710766460734,sao paulo,sp
01439,-23.566283267268798,-46.67340369415422,sao paulo,sp
01431,-23.578166638380598,-46.66288281851213,sao paulo,sp
01437,-23.57095471827582,-46.66969642853022,sao paulo,sp
01526,-23.56690212960936,-46.6300592031566,sao paulo,sp
01509,-23.567590529834398,-46.63545150721337,sao paulo,sp
01504,-23.56375858312654,-46.63899210115993,sao paulo,sp
01536,-23.56253963239443,-46.622343972359054,sao paulo,sp
01535,-23.569618023313524,-46.62490078227243,sao paulo,sp
01511,-23.555682314184303,-46.63309991286275,sao paulo,sp
01534,-23.56284740383172,-46.62391126354653,sao paulo,sp
01514,-23.55306435468261,-46.62768625580495,sao paulo,sp
01529,-23.569353157366287,-46.63690014002537,sao paulo,sp
01539,-23.573782561198005,-46.62058066708981,sao paulo,sp
01532,-23.572060847625384,-46.636136837497816,sao paulo,sp
01542,-23.57081105190717,-46.62114560866177,sao paulo,sp
01548,-23.578346556754592,-46.614710870390624,sao paulo,sp
01543,-23.575755845951942,-46.62009625506377,sao paulo,sp
01544,-23.576922503462445,-46.622911919095145,sao paulo,sp
01546,-23.576252951151247,-46.62235967583239,sao paulo,sp
01523,-23.56366379462169,-46.61929091188178,sao paulo,sp
01506,-23.56180273327946,-46.63479182904371,sao paulo,sp
01518,-23.558930444630374,-46.62292373757862,sao paulo,sp
01510,-23.55619865667379,-46.63344748251487,sao paulo,sp
01537,-23.569022776299825,-46.62199066665712,sao paulo,sp
01531,-23.570124170696488,-46.63265515860704,sao paulo,sp
01549,-23.57732126894224,-46.61708484846209,sao paulo,sp
01533,-23.57219854010617,-46.63913109824576,sao paulo,sp
01525,-23.567008903139214,-46.63752874701368,sao paulo,sp
01520,-23.559238666108847,-46.61831887996994,sao paulo,sp
01550,-23.57203616319466,-46.61521226741304,sao paulo,sp
01503,-23.555488240827945,-46.63559923847351,sao paulo,sp
01541,-23.568722298084143,-46.61880092397124,sao paulo,sp
01545,-23.581373061053768,-46.6178758329102,sao paulo,sp
01522,-23.55916467499565,-46.61546691825843,sao paulo,sp
01508,-23.56014607245072,-46.633346125858445,sao paulo,sp
01519,-23.56007528864907,-46.62182990175425,sao paulo,sp
01547,-23.58202355453289,-46.62322245045877,sao paulo,sp
01538,-23.573205,-46.62290025,sao paulo,sp
01501,-23.5519314837556,-46.63569089731083,sao paulo,sp
01521,-23.56012381877193,-46.62080822384439,sao paulo,sp
01530,-23.586145389375964,-46.72796029067322,sao paulo,sp
01505,-23.555396514570944,-46.6328610313636,sao paulo,sp
01502,-23.55498324839867,-46.63569905288812,sao paulo,sp
01551,-23.576649380518187,-46.61216232569684,sao paulo,sp
01540,-23.56461420122337,-46.62049830030583,sao paulo,sp
01528,-23.563268623088483,-46.62567806771887,sao paulo,sp
01513,-23.556895554532897,-46.63100370483005,sao paulo,sp
01527,-23.563144561198005,-46.62658014155458,sao paulo,sp
01524,-23.5670455434244,-46.61611199999999,sao paulo,sp
01507,-23.558197452680457,-46.63164907507647,sao paulo,sp
01512,-23.553644898695826,-46.63261889578163,sao paulo,sp
01552,-23.573835900917526,-46.61101337290079,sao paulo,sp
01553,-23.57430307573513,-46.60968254215087,sao paulo,sp
01516,-23.55948466195392,-46.61446206064973,sao paulo,sp
01517,-23.560247933666105,-46.624831454209655,sao paulo,sp
02019,-23.498262,-46.62855053996195,sao paulo,sp
02069,-23.506887635581972,-46.61434088051819,sao paulo,sp
02067,-23.505895624473467,-46.60638997293555,sao paulo,sp
02020,-23.499083916977654,-46.63226647191997,sao paulo,sp
02075,-23.502028505135893,-46.60034967291817,sao paulo,sp
02012,-23.50836123028566,-46.62752418968636,sao paulo,sp
02076,-23.50692178074323,-46.5989496135092,sao paulo,sp
02035,-23.500395,-46.62233251442673,sao paulo,sp
02034,-23.50412273877685,-46.6246075311652,sao paulo,sp
02022,-23.50623786745398,-46.64043238758518,sao paulo,sp
02021,-23.499439994171624,-46.63380353274858,sao paulo,sp
02080,-23.49781772078598,-46.60657423175024,sao paulo,sp
02066,-23.508759080212357,-46.602973042876144,sao paulo,sp
02085,-23.4974436813723,-46.61260908702167,sao paulo,sp
02030,-23.504769581649203,-46.62470303231384,sao paulo,sp
02064,-23.519807581453097,-46.5960457342604,sao paulo,sp
02029,-23.510936587354013,-46.62008933890293,sao paulo,sp
02060,-23.51886128198398,-46.60382280391252,sao paulo,sp
02054,-23.51636255037796,-46.60569249861501,sao paulo,sp
02072,-23.500810509290837,-46.60427196058632,sao paulo,sp
02017,-23.501381250870143,-46.639206505591815,sao paulo,sp
02018,-23.493511048012017,-46.63106708174157,sao paulo,sp
02043,-23.490223040798668,-46.61732558589649,sao paulo,sp
02074,-23.509075809596663,-46.59346383582438,sao paulo,sp
02038,-23.49857049347913,-46.6233534590571,sao paulo,sp
02016,-23.50097763469062,-46.62712333406575,sao paulo,sp
02040,-23.489022991949916,-46.62186690299499,sao paulo,sp
02056,-23.510640635581964,-46.6040934060534,sao paulo,sp
02051,-23.51226773910784,-46.60874803052688,sao paulo,sp
02041,-23.49010232139766,-46.61972998972821,sao paulo,sp
02039,-23.49231066388715,-46.6205286217035,sao paulo,sp
02073,-23.501230323619367,-46.60751038343238,sao paulo,sp
02082,-23.49467072799935,-46.609653122396,sao paulo,sp
02033,-23.50215379349651,-46.61688101249347,sao paulo,sp
02013,-23.5030857485429,-46.63382294171621,sao paulo,sp
02079,-23.50036682653355,-46.60264059824574,sao paulo,sp
02037,-23.499986521784315,-46.618730413266775,sao paulo,sp
02083,-23.49552085567545,-46.599274267557256,sao paulo,sp
02068,-23.50320809186911,-46.61302451304173,sao paulo,sp
02071,-23.50313753733621,-46.609684480437394,sao paulo,sp
02047,-23.51836389286744,-46.61420872522939,sao paulo,sp
02078,-23.502460609498485,-46.59374588980903,sao paulo,sp
02044,-23.49568082347514,-46.61894670690752,sao paulo,sp
02084,-23.495675029141907,-46.59947756924808,sao paulo,sp
02055,-23.512952943937883,-46.6083024672514,sao paulo,sp
02042,-23.48802239938832,-46.61900150236592,sao paulo,sp
02045,-23.494406023962647,-46.617320553160994,sao paulo,sp
02036,-23.50210750375091,-46.62196127699232,sao paulo,sp
02046,-23.48774784542202,-46.61152878400604,sao paulo,sp
02010,-23.514929559813023,-46.62640583152521,sao paulo,sp
02081,-23.49664721787179,-46.6050361851232,sao paulo,sp
02050,-23.51654350320264,-46.61056315903973,sao paulo,sp
02052,-23.509466926452752,-46.606867502077456,sao paulo,sp
02031,-23.51506899745697,-46.6253165150725,sao paulo,sp
02028,-23.50751845268047,-46.6174707485429,sao paulo,sp
02065,-23.50172637108313,-46.602397760747934,sao paulo,sp
02077,-23.501001111575956,-46.59626327601136,sao paulo,sp
02011,-23.50190277027253,-46.626229169812845,sao paulo,sp
02049,-23.5149758170985,-46.61611264542106,sao paulo,sp
02032,-23.5107769477988,-46.62390842770356,sao paulo,sp
02053,-23.510427444341925,-46.60117949988444,sao paulo,sp
02009,-23.515799103830265,-46.64113909097136,sao paulo,sp
02089,-23.51709448459233,-46.616673100755904,sao paulo,sp
02088,-23.50424025971884,-46.620742066583865,sao paulo,sp
02150,-23.495750203445063,-46.56850788842403,sao paulo,sp
02133,-23.500291464048765,-46.585615159039705,sao paulo,sp
02167,-23.522903946448046,-46.58180409758191,sao paulo,sp
02130,-23.508100938657773,-46.58282425353455,sao paulo,sp
02188,-23.507509473772288,-46.56565713558197,sao paulo,sp
02152,-23.498158714409342,-46.573211734116185,sao paulo,sp
02138,-23.49565160199666,-46.57582722508515,sao paulo,sp
02134,-23.499318080212344,-46.578124372468125,sao paulo,sp
02176,-23.51226784347044,-46.5737047327312,sao paulo,sp
02117,-23.52019456333894,-46.593538927981854,sao paulo,sp
02119,-23.513593871775623,-46.59299115736628,sao paulo,sp
02131,-23.50281070858096,-46.581761933117846,sao paulo,sp
02124,-23.50636475575626,-46.58066375575627,sao paulo,sp
02129,-23.50521569969416,-46.58945986733221,sao paulo,sp
02132,-23.49833145406544,-46.58041450069248,sao paulo,sp
02110,-23.52188843014645,-46.59374225679054,sao paulo,sp
02135,-23.498807971146547,-46.573631134485446,sao paulo,sp
02127,-23.50238052178431,-46.582730947544576,sao paulo,sp
02114,-23.522853341941214,-46.59177958367481,sao paulo,sp
02178,-23.519838404668437,-46.57027290507246,sao paulo,sp
02177,-23.511112774078125,-46.56976216763806,sao paulo,sp
02120,-23.510416629107844,-46.594217747359366,sao paulo,sp
02161,-23.491262189566605,-46.57078597807146,sao paulo,sp
02112,-23.512668178041054,-46.58665534166385,sao paulo,sp
02126,-23.506858079375625,-46.59162343505108,sao paulo,sp
02169,-23.51932718168024,-46.57580722635043,sao paulo,sp
02123,-23.510773697472448,-46.57804828074323,sao paulo,sp
02189,-23.507621497085808,-46.56616243450284,sao paulo,sp
02128,-23.50399490536093,-46.5946382411853,sao paulo,sp
02179,-23.51950161226844,-46.567310496104845,sao paulo,sp
02136,-23.4982544454671,-46.57847265889549,sao paulo,sp
02174,-23.523062564007805,-46.57189679679223,sao paulo,sp
02186,-23.51335483236194,-46.56877347114656,sao paulo,sp
02137,-23.50176923397196,-46.57187320760001,sao paulo,sp
02185,-23.512283612268444,-46.56782303996194,sao paulo,sp
02181,-23.52093290536093,-46.56270976672054,sao paulo,sp
02180,-23.51997318512321,-46.5659400380287,sao paulo,sp
02111,-23.515789212043405,-46.59197639370417,sao paulo,sp
02187,-23.515125715794323,-46.56489950138496,sao paulo,sp
02121,-23.51181353788448,-46.58921527477062,sao paulo,sp
02190,-23.5099120335853,-46.56318688703905,sao paulo,sp
02139,-23.494134939494487,-46.57343969969415,sao paulo,sp
02143,-23.50799229892086,-46.57521706910386,sao paulo,sp
02122,-23.513172191788303,-46.58263962184772,sao paulo,sp
02115,-23.526499508561297,-46.59188593503609,sao paulo,sp
02118,-23.51661167998731,-46.59476458159733,sao paulo,sp
02125,-23.507957137111184,-46.58846138051819,sao paulo,sp
02113,-23.51528796497884,-46.58734465236856,sao paulo,sp
02147,-23.49955674271452,-46.5652199639332,sao paulo,sp
02141,-23.489125655104345,-46.57563101727822,sao paulo,sp
02170,-23.525379999999927,-46.576089999999965,sao paulo,sp
02166,-23.525060091869104,-46.583738219401,sao paulo,sp
02175,-23.516718741284578,-46.57445726194335,sao paulo,sp
02168,-23.520174883432382,-46.57883175284207,sao paulo,sp
02116,-23.522700069940573,-46.58754575881468,sao paulo,sp
02145,-23.50149553621103,-46.56529291326677,sao paulo,sp
02151,-23.493537729684284,-46.56649157558708,sao paulo,sp
02146,-23.50095702331352,-46.57088226395057,sao paulo,sp
02144,-23.505075172949205,-46.57083605675562,sao paulo,sp
02162,-23.49030645045876,-46.56191043118461,sao paulo,sp
02142,-23.509860072593558,-46.57548531556786,sao paulo,sp
02251,-23.479894623925205,-46.595511282820695,sao paulo,sp
02256,-23.476069676380632,-46.5875753993883,sao paulo,sp
02246,-23.49191347960067,-46.60200386081135,sao paulo,sp
02223,-23.47872104025041,-46.58108916028048,sao paulo,sp
02225,-23.480339500692484,-46.57586314071786,sao paulo,sp
02204,-23.483740588954927,-46.5898570932541,sao paulo,sp
02235,-23.479438693865774,-46.5790147857349,sao paulo,sp
02245,-23.48347746211553,-46.60599175145708,sao paulo,sp
02243,-23.49083843519532,-46.5983578447112,sao paulo,sp
02208,-23.48101574715792,-46.58546644517863,sao paulo,sp
02222,-23.48463030030584,-46.57788816694557,sao paulo,sp
02232,-23.476190144324534,-46.56109123841534,sao paulo,sp
02203,-23.491692314184306,-46.59024532431184,sao paulo,sp
02250,-23.486549521784305,-46.59469228282069,sao paulo,sp
02263,-23.46353280183505,-46.57715608159734,sao paulo,sp
02238,-23.47019809031553,-46.56484109288583,sao paulo,sp
02261,-23.46735986594724,-46.57715992131685,sao paulo,sp
02267,-23.47643279877663,-46.598178216486815,sao paulo,sp
02270,-23.472793571469776,-46.59464741395925,sao paulo,sp
02227,-23.483253583126537,-46.569258712187626,sao paulo,sp
02273,-23.45886783036675,-46.58574627053405,sao paulo,sp
02244,-23.49047396142303,-46.60639166527211,sao paulo,sp
02229,-23.47929118373822,-46.56787618526742,sao paulo,sp
02215,-23.491089052455425,-46.5850818805182,sao paulo,sp
02259,-23.471607970858106,-46.580389438802,sao paulo,sp
02228,-23.480055932281125,-46.569816911189314,sao paulo,sp
02254,-23.4851179664147,-46.59617458979163,sao paulo,sp
02218,-23.486735252842077,-46.58408012476191,sao paulo,sp
02247,-23.484890608661765,-46.6021051866524,sao paulo,sp
02226,-23.484632448237065,-46.57191858451151,sao paulo,sp
02274,-23.46824404524207,-46.585030834727874,sao paulo,sp
02220,-23.490745910352587,-46.57794383819032,sao paulo,sp
02217,-23.490335892030725,-46.58028421051419,sao paulo,sp
02265,-23.47651943519532,-46.59554967707312,sao paulo,sp
02276,-23.459902378084543,-46.58449611703253,sao paulo,sp
02242,-23.488133029141903,-46.60765995712386,sao paulo,sp
02269,-23.474592953372944,-46.596153017485136,sao paulo,sp
02221,-23.481978422701832,-46.58058753344108,sao paulo,sp
02279,-23.46048082737028,-46.57585219747245,sao paulo,sp
02249,-23.49108295475793,-46.59518841465175,sao paulo,sp
02237,-23.46503080460501,-46.56958828587911,sao paulo,sp
02206,-23.487076247013697,-46.589872683594,sao paulo,sp
02258,-23.47623536441803,-46.58210664723873,sao paulo,sp
02236,-23.474632525679453,-46.56894074606139,sao paulo,sp
02205,-23.489101697472453,-46.58859076977895,sao paulo,sp
02241,-23.490518793784968,-46.60742305591787,sao paulo,sp
02219,-23.487935688874103,-46.5808627924,sao paulo,sp
02257,-23.47172419594325,-46.58517130919263,sao paulo,sp
02230,-23.48274827338563,-46.56490113044606,sao paulo,sp
02210,-23.48653952622772,-46.57926775506377,sao paulo,sp
02266,-23.47351767860233,-46.59417129378496,sao paulo,sp
02211,-23.497022021928537,-46.59590298182237,sao paulo,sp
02280,-23.454232910352587,-46.57383309103239,sao paulo,sp
02278,-23.463538962259747,-46.58182067485141,sao paulo,sp
02264,-23.463067641410348,-46.57733468803738,sao paulo,sp
02201,-23.48564922814357,-46.59218589286744,sao paulo,sp
02253,-23.479545520399327,-46.596922621847725,sao paulo,sp
02281,-23.44917893415549,-46.57435094932181,sao paulo,sp
02248,-23.48220703719198,-46.6000034089676,sao paulo,sp
02255,-23.47597013183105,-46.59145922384439,sao paulo,sp
02277,-23.46274979156327,-46.58200180099831,sao paulo,sp
02272,-23.46986315459632,-46.58785305259964,sao paulo,sp
02271,-23.468912247420523,-46.58807266436532,sao paulo,sp
02282,-23.44562184901036,-46.56747062476192,sao paulo,sp
02224,-23.481351072998997,-46.567048185815686,sao paulo,sp
02275,-23.465097152256583,-46.590503021857714,sao paulo,sp
02233,-23.47538490091753,-46.564339557591325,sao paulo,sp
02209,-23.485064826913263,-46.58236126674555,sao paulo,sp
02212,-23.494525155981307,-46.58841008381904,sao paulo,sp
02288,-23.432886000000003,-46.57132349999999,sao paulo,sp
02260,-23.469302576551907,-46.57550486934105,sao paulo,sp
02234,-23.476274393968733,-46.56835100557099,sao paulo,sp
02213,-23.49287325284208,-46.58454115751052,sao paulo,sp
02202,-23.493126080212345,-46.59436597807144,sao paulo,sp
02262,-23.46668605023373,-46.57587710713256,sao paulo,sp
02216,-23.494534007655435,-46.5778358295101,sao paulo,sp
02214,-23.49363686955392,-46.58577018151652,sao paulo,sp
02268,-23.468822748542905,-46.59341772967277,sao paulo,sp
02207,-23.485869985284825,-46.59066163474524,sao paulo,sp
02239,-23.483926269699744,-46.60867003954127,sao paulo,sp
02252,-23.479316999999995,-46.5904340471753,sao paulo,sp
02240,-23.48014781848348,-46.604095532892806,sao paulo,sp
02231,-23.47785620260835,-46.56407653052688,sao paulo,sp
02290,-23.54329484225016,-46.63074319149357,sao paulo,sp
02284,-23.46970319641185,-46.56868272083551,sao paulo,sp
02289,-23.41706739494492,-46.58363162378099,sao paulo,sp
02286,-23.40858677491484,-46.57960324340701,sao paulo,sp
02309,-23.477262139332883,-46.60430128074323,sao paulo,sp
02377,-23.45681372078598,-46.632543731750246,sao paulo,sp
02371,-23.46086185567546,-46.619972680131546,sao paulo,sp
02323,-23.502760006989064,-46.57361974332592,sao paulo,sp
02311,-23.467841015263435,-46.60066694685207,sao paulo,sp
02374,-23.456465580904837,-46.62058099668178,sao paulo,sp
02316,-23.462010764197984,-46.59467629700311,sao paulo,sp
02366,-23.429829475245008,-46.59294652605343,sao paulo,sp
02321,-23.44749411991629,-46.58851618260319,sao paulo,sp
02315,-23.463362095475787,-46.59647161656762,sao paulo,sp
02330,-23.48506315903973,-46.61571376879802,sao paulo,sp
02319,-23.4501707149576,-46.58967746502972,sao paulo,sp
02312,-23.464135215101827,-46.60239500444339,sao paulo,sp
02341,-23.456976422701832,-46.61452743381032,sao paulo,sp
02334,-23.48496374049282,-46.61933914432453,sao paulo,sp
02347,-23.46067438550985,-46.60560912600267,sao paulo,sp
02365,-23.424789368085,-46.58054625193439,sao paulo,sp
02375,-23.453922572854754,-46.626135763113865,sao paulo,sp
02372,-23.45903597238433,-46.623704148839465,sao paulo,sp
02367,-23.42308723120199,-46.58728156396795,sao paulo,sp
02343,-23.470145832361936,-46.606323776992326,sao paulo,sp
02306,-23.45244942270184,-46.60149895934556,sao paulo,sp
02313,-23.46520664556529,-46.598497748398685,sao paulo,sp
02305,-23.48041188842405,-46.60653306119798,sao paulo,sp
02340,-23.466900306548325,-46.6161273856765,sao paulo,sp
02360,-23.43534610221769,-46.578029947038885,sao paulo,sp
02344,-23.468783469877145,-46.611286968492166,sao paulo,sp
02348,-23.459912748542905,-46.61249999278663,sao paulo,sp
02322,-23.448542060505503,-46.59796136802471,sao paulo,sp
02356,-23.450087878227205,-46.61104018756212,sao paulo,sp
02352,-23.454506021928545,-46.594345572999,sao paulo,sp
02358,-23.446391134052757,-46.609487837497824,sao paulo,sp
02308,-23.47563293005943,-46.60151528864907,sao paulo,sp
02318,-23.45490508159733,-46.59270606480468,sao paulo,sp
02337,-23.476470349154592,-46.61274240660166,sao paulo,sp
02342,-23.47405079462169,-46.610883853597976,sao paulo,sp
02355,-23.45361336663973,-46.61153344561132,sao paulo,sp
02303,-23.482426557591324,-46.61248519900167,sao paulo,sp
02363,-23.433311843300284,-46.577753833556265,sao paulo,sp
02324,-23.445715237842105,-46.583201266636046,sao paulo,sp
02373,-23.45703516847478,-46.61932297642669,sao paulo,sp
02302,-23.486320954173525,-46.61518780752882,sao paulo,sp
02350,-23.459346031363605,-46.60929309103239,sao paulo,sp
02378,-23.454046078279102,-46.6302284207686,sao paulo,sp
02317,-23.458311199001667,-46.5956613491546,sao paulo,sp
02351,-23.45606480322003,-46.59857348265909,sao paulo,sp
02301,-23.487414496249084,-46.61630002553522,sao paulo,sp
02332,-23.486316464337214,-46.62224366625309,sao paulo,sp
02376,-23.458526276992316,-46.62665931349181,sao paulo,sp
02326,-23.44770701888709,-46.57540893633137,sao paulo,sp
02335,-23.48423112600268,-46.616027463644734,sao paulo,sp
02346,-23.472004872323875,-46.60844051151254,sao paulo,sp
02362,-23.638582820562608,-46.60817566849105,sao paulo,sp
02357,-23.450617445467103,-46.61199536955391,sao paulo,sp
02329,-23.44920299999999,-46.57912990320224,sao paulo,sp
02314,-23.461367857060445,-46.60110519677997,sao paulo,sp
02310,-23.4719444074384,-46.59864459256161,sao paulo,sp
02325,-23.455935,-46.58499675000001,sao paulo,sp
02354,-23.454796226537923,-46.60685576138568,sao paulo,sp
02320,-23.44947679294825,-46.59791907646144,sao paulo,sp
02361,-23.435950742214995,-46.58242683834328,sao paulo,sp
02338,-23.47409516625309,-46.61820614556529,sao paulo,sp
02331,-23.48653563176655,-46.61933013176655,sao paulo,sp
02333,-23.47360894670785,-46.61900230974089,sao paulo,sp
02307,-23.48287504884874,-46.60800472883605,sao paulo,sp
02349,-23.46143505928029,-46.60359485356405,sao paulo,sp
02353,-23.45307568220902,-46.60583416763805,sao paulo,sp
02336,-23.48058427061568,-46.61935382292688,sao paulo,sp
02339,-23.476178378296492,-46.61396224132954,sao paulo,sp
02368,-23.399259736886137,-46.57758416374292,sao paulo,sp
02370,-23.463434818483467,-46.62240014446876,sao paulo,sp
02328,-23.43381641578083,-46.571176402870464,sao paulo,sp
02359,-23.44565748972094,-46.61972975215229,sao paulo,sp
02345,-23.46862347727612,-46.6163016434943,sao paulo,sp
02327,-23.44398478282013,-46.57518023764137,sao paulo,sp
02364,-23.433433441633937,-46.58206525474901,sao paulo,sp
02304,-23.48177109714923,-46.602701847769616,sao paulo,sp
02430,-23.4779980335853,-46.650682027468456,sao paulo,sp
02402,-23.49114306211594,-46.62601868011955,sao paulo,sp
02442,-23.473211060505506,-46.64329769969416,sao paulo,sp
02409,-23.476711756592987,-46.626514454757945,sao paulo,sp
02467,-23.49264691514413,-46.64479634622707,sao paulo,sp
02422,-23.47001485567546,-46.63484579309249,sao paulo,sp
02441,-23.471434582289824,-46.64062326449884,sao paulo,sp
02452,-23.499041510964272,-46.644282319320205,sao paulo,sp
02435,-23.4823915320561,-46.64281243352188,sao paulo,sp
02464,-23.49011863474525,-46.65070318122806,sao paulo,sp
02431,-23.485313776848084,-46.63663488689484,sao paulo,sp
02478,-23.47926294754457,-46.65961198557328,sao paulo,sp
02436,-23.479295395233372,-46.63675926810551,sao paulo,sp
02473,-23.478324496249083,-46.652201413266766,sao paulo,sp
02415,-23.47193716763806,-46.62999953941368,sao paulo,sp
02468,-23.489507419931872,-46.64873015306711,sao paulo,sp
02401,-23.4860583141843,-46.62819903649949,sao paulo,sp
02419,-23.477210014715183,-46.63982846710719,sao paulo,sp
02479,-23.47544698917996,-46.65071650735759,sao paulo,sp
02471,-23.48117042353855,-46.655415131138575,sao paulo,sp
02417,-23.4783963075192,-46.6292237216227,sao paulo,sp
02410,-23.4757673119626,-46.62523433819032,sao paulo,sp
02420,-23.476078906745908,-46.63411838565408,sao paulo,sp
02462,-23.49570711330229,-46.63895326320458,sao paulo,sp
02461,-23.49353250403937,-46.63842778172417,sao paulo,sp
02443,-23.472335179294816,-46.64636526449883,sao paulo,sp
02403,-23.49316940437997,-46.62900954509784,sao paulo,sp
02466,-23.49405945045876,-46.64333926824975,sao paulo,sp
02404,-23.489552640025373,-46.62852859478329,sao paulo,sp
02433,-23.4806576014484,-46.636674914796,sao paulo,sp
02406,-23.488178521784317,-46.62869344463039,sao paulo,sp
02474,-23.47729245045876,-46.65568039454087,sao paulo,sp
02434,-23.484186461278803,-46.64000855037795,sao paulo,sp
02407,-23.48535959449485,-46.624283978908174,sao paulo,sp
02421,-23.47426736081135,-46.63169094754457,sao paulo,sp
02472,-23.476243640313832,-46.65895442102839,sao paulo,sp
02470,-23.48415445322872,-46.64868009824575,sao paulo,sp
02460,-23.491264766864763,-46.63785217623639,sao paulo,sp
02475,-23.481059081597326,-46.64630746073055,sao paulo,sp
02416,-23.479570309740897,-46.62865905773553,sao paulo,sp
02418,-23.470718940879472,-46.63127566403139,sao paulo,sp
02413,-23.486684521784305,-46.64422386663972,sao paulo,sp
02451,-23.50032232672679,-46.64104366534537,sao paulo,sp
02465,-23.491717642174216,-46.64962560348589,sao paulo,sp
02405,-23.49466303719198,-46.62889848542903,sao paulo,sp
02469,-23.484878853453758,-46.64249464126611,sao paulo,sp
02440,-23.475865892867446,-46.64976772522937,sao paulo,sp
02408,-23.48192669608748,-46.62646540521669,sao paulo,sp
02450,-23.499711492094157,-46.63936074992788,sao paulo,sp
02411,-23.47416101610016,-46.62516585290548,sao paulo,sp
02432,-23.486717629753585,-46.63536318304573,sao paulo,sp
02463,-23.490045250612457,-46.64419142885248,sao paulo,sp
02423,-23.469173790178296,-46.63497713128279,sao paulo,sp
02565,-23.486109347919744,-46.66826821319252,sao paulo,sp
02542,-23.491861595620023,-46.65926754509784,sao paulo,sp
02522,-23.50302551457095,-46.656351,sao paulo,sp
02536,-23.49362441188179,-46.6504138395753,sao paulo,sp
02566,-23.482831285042405,-46.67079714723872,sao paulo,sp
02519,-23.50233051501402,-46.65835292379554,sao paulo,sp
02513,-23.51252628781236,-46.65652459893825,sao paulo,sp
02550,-23.50553052178432,-46.66921940743839,sao paulo,sp
02556,-23.49943981998858,-46.67117681783093,sao paulo,sp
02544,-23.49027291257428,-46.66072145905712,sao paulo,sp
02543,-23.484996628368613,-46.66293759616827,sao paulo,sp
02560,-23.494987791563275,-46.67176385068381,sao paulo,sp
02517,-23.506064518177627,-46.666119310577606,sao paulo,sp
02510,-23.51370739463197,-46.65262935449776,sao paulo,sp
02518,-23.508810312539527,-46.66650083042868,sao paulo,sp
02554,-23.496493222315195,-46.66693943158864,sao paulo,sp
02539,-23.49653469164408,-46.65942948695825,sao paulo,sp
02530,-23.501873266476384,-46.66213609485701,sao paulo,sp
02535,-23.49830072439266,-46.64974098750651,sao paulo,sp
02537,-23.49266694338963,-46.649278230509495,sao paulo,sp
02563,-23.4921242514571,-46.67252903941368,sao paulo,sp
02561,-23.492820907582622,-46.67596304287615,sao paulo,sp
02555,-23.49315894754457,-46.66484247835991,sao paulo,sp
02564,-23.486738237923944,-46.67185857276385,sao paulo,sp
02512,-23.512629226758584,-46.66287840966009,sao paulo,sp
02534,-23.496199082434053,-46.65484326395059,sao paulo,sp
02525,-23.50269813044608,-46.64781168151652,sao paulo,sp
02562,-23.48576555759132,-46.67394941548847,sao paulo,sp
02520,-23.5003141357262,-46.64899844532286,sao paulo,sp
02557,-23.49939977672204,-46.67379630298916,sao paulo,sp
02553,-23.496748648623715,-46.66448906869981,sao paulo,sp
02546,-23.508649124572656,-46.67041012449991,sao paulo,sp
02516,-23.510020861503836,-46.65996044991051,sao paulo,sp
02514,-23.51133179211153,-46.65593405551384,sao paulo,sp
02552,-23.4986987149576,-46.66258914723872,sao paulo,sp
02524,-23.501655188729888,-46.649910059120536,sao paulo,sp
02540,-23.490452933666106,-46.656027361503845,sao paulo,sp
02508,-23.509848068295792,-46.66369014308379,sao paulo,sp
02558,-23.497496298084148,-46.67534356702637,sao paulo,sp
02545,-23.49361452178432,-46.66362202553523,sao paulo,sp
02515,-23.510081986121538,-46.65907867000398,sao paulo,sp
02531,-23.50230377546311,-46.65126445475793,sao paulo,sp
02526,-23.50478916745435,-46.648712559902606,sao paulo,sp
02523,-23.507503407438392,-46.654613565497165,sao paulo,sp
02541,-23.485884401610026,-46.65477723619366,sao paulo,sp
02567,-23.481085499999995,-46.66961250000001,sao paulo,sp
02551,-23.502726293092486,-46.66973731626178,sao paulo,sp
02521,-23.50402072217096,-46.66486670260835,sao paulo,sp
02533,-23.494131859282135,-46.65839228711986,sao paulo,sp
02511,-23.506678006376635,-46.64581936011884,sao paulo,sp
02559,-23.49381273105776,-46.67432020760002,sao paulo,sp
02532,-23.49592311073923,-46.66043045184373,sao paulo,sp
02538,-23.498826663338896,-46.65249325867044,sao paulo,sp
02598,-23.512857653067115,-46.67101189454088,sao paulo,sp
02577,-23.488182953372952,-46.678903941716186,sao paulo,sp
02501,-23.514912288431223,-46.66118358067858,sao paulo,sp
02610,-23.47592805522538,-46.66587696517395,sao paulo,sp
02676,-23.456640761584644,-46.67290296878063,sao paulo,sp
02612,-23.472187009435064,-46.6629481470945,sao paulo,sp
02632,-23.46069115903973,-46.64833329433323,sao paulo,sp
02673,-23.46670528737577,-46.66897803264962,sao paulo,sp
02616,-23.466439467107183,-46.655328676669086,sao paulo,sp
02615,-23.471529674158933,-46.65667759325408,sao paulo,sp
02617,-23.466401539269448,-46.65869529017828,sao paulo,sp
02613,-23.472582799613345,-46.66107383097695,sao paulo,sp
02630,-23.463790606440067,-46.64074340230249,sao paulo,sp
02618,-23.465889785734884,-46.64887806633388,sao paulo,sp
02651,-23.45990070996593,-46.65726902109183,sao paulo,sp
02633,-23.46085584124873,-46.65017612017429,sao paulo,sp
02675,-23.45823633342542,-46.667826065938485,sao paulo,sp
02611,-23.46658982202164,-46.63928171838316,sao paulo,sp
02652,-23.454897474060743,-46.656832022217,sao paulo,sp
02671,-23.468540877604,-46.66436133472787,sao paulo,sp
02650,-23.46150321233187,-46.65775725797796,sao paulo,sp
02679,-23.455963330832724,-46.663595345951926,sao paulo,sp
02674,-23.459878990564945,-46.66677933888281,sao paulo,sp
02680,-23.444120751561652,-46.6691060118304,sao paulo,sp
02636,-23.45594288980902,-46.646095945322855,sao paulo,sp
02649,-23.46097513627446,-46.66106258381902,sao paulo,sp
02634,-23.46016520927345,-46.65066418373822,sao paulo,sp
02672,-23.463710424086823,-46.66591141479599,sao paulo,sp
02614,-23.4717225298344,-46.65764092339433,sao paulo,sp
02635,-23.457101898695825,-46.64754972814356,sao paulo,sp
02670,-23.466370714957595,-46.66502717277396,sao paulo,sp
02678,-23.45473495169951,-46.66394355883207,sao paulo,sp
02637,-23.45358871357261,-46.64737383527611,sao paulo,sp
02677,-23.454068490285312,-46.66476454680487,sao paulo,sp
02631,-23.458643298084144,-46.648254625310194,sao paulo,sp
02643,-23.468098777136547,-46.65037805288812,sao paulo,sp
02653,-23.45343176325808,-46.65837495198797,sao paulo,sp
02760,-23.48010437251793,-46.68136249861011,sao paulo,sp
02712,-23.50544478573489,-46.68161090896759,sao paulo,sp
02721,-23.501464072162264,-46.67349915889548,sao paulo,sp
02739,-23.485809164031377,-46.68889056841136,sao paulo,sp
02710,-23.50751688121068,-46.67373228420568,sao paulo,sp
02730,-23.49719557430815,-46.69127457027672,sao paulo,sp
02751,-23.489584790770785,-46.68192027136849,sao paulo,sp
02765,-23.475435898210808,-46.67095687182315,sao paulo,sp
02722,-23.503063243407016,-46.68404723189447,sao paulo,sp
02752,-23.495997921014894,-46.68376870640487,sao paulo,sp
02758,-23.488117795169945,-46.68429473757863,sao paulo,sp
02764,-23.479514161261417,-46.67687782584107,sao paulo,sp
02724,-23.49943950874986,-46.68377404381376,sao paulo,sp
02755,-23.48851771357262,-46.67941015751051,sao paulo,sp
02723,-23.501365575076463,-46.67952120122336,sao paulo,sp
02720,-23.50097483243237,-46.67359346270272,sao paulo,sp
02731,-23.4949705881182,-46.69186350721336,sao paulo,sp
02726,-23.500764443292702,-46.68820192507454,sao paulo,sp
02728,-23.50042161449157,-46.68895389198901,sao paulo,sp
02757,-23.486481754371283,-46.68435970705175,sao paulo,sp
02714,-23.50659798084141,-46.68776641687344,sao paulo,sp
02735,-23.493293256630533,-46.69275190643714,sao paulo,sp
02763,-23.479009270615677,-46.674987658203,sao paulo,sp
02736,-23.49039122286345,-46.6897668259853,sao paulo,sp
02734,-23.48594115681802,-46.69218849249818,sao paulo,sp
02762,-23.48331712978441,-46.678195526423366,sao paulo,sp
02727,-23.496255366639726,-46.68632056549718,sao paulo,sp
02733,-23.49687746655892,-46.695357262277135,sao paulo,sp
02732,-23.49921095031453,-46.69605218497897,sao paulo,sp
02759,-23.48344951928349,-46.680681666121714,sao paulo,sp
02725,-23.49972484041201,-46.68386193643606,sao paulo,sp
02738,-23.48985491035259,-46.68766742714524,sao paulo,sp
02729,-23.50372612405339,-46.6898674910892,sao paulo,sp
02715,-23.503730489324187,-46.676623363725525,sao paulo,sp
02754,-23.49102672300768,-46.67779069747247,sao paulo,sp
02737,-23.48783178573488,-46.6888785663339,sao paulo,sp
02753,-23.49043234688168,-46.6843557527281,sao paulo,sp
02756,-23.484468719400997,-46.67913188051818,sao paulo,sp
02716,-23.499018372560144,-46.68530910310784,sao paulo,sp
02717,-23.493746205672256,-46.685192018074005,sao paulo,sp
02713,-23.508093549390605,-46.686131350123866,sao paulo,sp
02701,-23.50775978179648,-46.69099960910175,sao paulo,sp
02750,-23.493106676380638,-46.679616398003326,sao paulo,sp
02855,-23.454003750910267,-46.69883840613622,sao paulo,sp
02840,-23.48181827699231,-46.68861222300768,sao paulo,sp
02874,-23.45599171357261,-46.67717134248949,sao paulo,sp
02866,-23.46724497169481,-46.67909749362336,sao paulo,sp
02801,-23.487629301690824,-46.6977071842865,sao paulo,sp
02842,-23.473527475157265,-46.68753138481736,sao paulo,sp
02879,-23.45095762484588,-46.69517849368927,sao paulo,sp
02848,-23.465673261728877,-46.68854702775692,sao paulo,sp
02809,-23.473255976686477,-46.70433327407813,sao paulo,sp
02814,-23.458095000000004,-46.70577225,sao paulo,sp
02841,-23.481285192336564,-46.68460526894222,sao paulo,sp
02878,-23.450662163194657,-46.68685226741304,sao paulo,sp
02871,-23.46327723925208,-46.677832454757926,sao paulo,sp
02881,-23.46762762331446,-46.67576842866044,sao paulo,sp
02815,-23.4447480313636,-46.71467286511052,sao paulo,sp
02859,-23.44337350375091,-46.70672341326679,sao paulo,sp
02820,-23.445022995005957,-46.70898743370049,sao paulo,sp
02834,-23.475976973628047,-46.69210708312653,sao paulo,sp
02861,-23.46853099777829,-46.67205027407812,sao paulo,sp
02811,-23.47457972011701,-46.70289101639184,sao paulo,sp
02882,-23.46987825229381,-46.66703295089145,sao paulo,sp
02804,-23.48381025284207,-46.69528157314321,sao paulo,sp
02865,-23.474465580904837,-46.67687103136359,sao paulo,sp
02835,-23.472078150152925,-46.69287864723873,sao paulo,sp
02837,-23.464562154596315,-46.69917502706442,sao paulo,sp
02847,-23.46883156036128,-46.68726529294825,sao paulo,sp
02839,-23.47666615958798,-46.68147008895491,sao paulo,sp
02850,-23.46079739938832,-46.68686361379766,sao paulo,sp
02831,-23.472808376074795,-46.69057299194992,sao paulo,sp
02812,-23.45614823602241,-46.71255168550809,sao paulo,sp
02813,-23.45148664565277,-46.712454386734734,sao paulo,sp
02873,-23.45900988018955,-46.68595580638013,sao paulo,sp
02863,-23.47429645628715,-46.67350309838997,sao paulo,sp
02849,-23.463526662502165,-46.68600587454558,sao paulo,sp
02860,-23.436867467943895,-46.712243713572605,sao paulo,sp
02846,-23.46490177629982,-46.6951675700848,sao paulo,sp
02877,-23.45241061914654,-46.68018655532475,sao paulo,sp
02856,-23.45241535053957,-46.69276536663972,sao paulo,sp
02883,-23.440038612401093,-46.71668596451273,sao paulo,sp
02816,-23.461646151834216,-46.709547878343095,sao paulo,sp
02845,-23.46865919816495,-46.69248706287145,sao paulo,sp
02867,-23.471029016100157,-46.68309642270183,sao paulo,sp
02810,-23.455783659238804,-46.71334793537341,sao paulo,sp
02802,-23.488791114931203,-46.69673727457101,sao paulo,sp
02817,-23.462475485429053,-46.70268414210284,sao paulo,sp
02806,-23.472232658895493,-46.6981336054591,sao paulo,sp
02862,-23.47661533682301,-46.67972720864356,sao paulo,sp
02870,-23.45941179739165,-46.677043812655086,sao paulo,sp
02805,-23.477215662502164,-46.69750484110452,sao paulo,sp
02880,-23.46663960421836,-46.67256167638064,sao paulo,sp
02864,-23.471842023313528,-46.68417226879801,sao paulo,sp
02875,-23.460829983351577,-46.683596813347584,sao paulo,sp
02851,-23.45847600721336,-46.6916433949449,sao paulo,sp
02872,-23.463327771856427,-46.67119970566675,sao paulo,sp
02853,-23.456352342489488,-46.69673247584976,sao paulo,sp
02844,-23.47273901664841,-46.69033457008481,sao paulo,sp
02803,-23.48685500805008,-46.69374941548847,sao paulo,sp
02854,-23.45556503635526,-46.697606507357584,sao paulo,sp
02808,-23.467425066333888,-46.70391530322004,sao paulo,sp
02807,-23.47041670191585,-46.699962092561606,sao paulo,sp
02858,-23.447741793784967,-46.70236210698833,sao paulo,sp
02832,-23.48349335581969,-46.69258281556927,sao paulo,sp
02836,-23.471988653067115,-46.696662623780966,sao paulo,sp
02857,-23.748767492409574,-46.74925299240956,sao paulo,sp
02833,-23.478505376074796,-46.69318302844943,sao paulo,sp
02888,-23.46593152761269,-46.67485348612152,sao paulo,sp
02829,-23.495057245628715,-46.70260060644006,sao paulo,sp
02876,-23.504793724130224,-46.67584144324557,sao paulo,sp
02992,-23.44911744240868,-46.72509081502104,sao paulo,sp
02960,-23.49309150568415,-46.70231332999599,sao paulo,sp
02976,-23.478102779882025,-46.71737617425583,sao paulo,sp
02987,-23.432985240637056,-46.71479179294824,sao paulo,sp
02995,-23.43817736081135,-46.74021302164007,sao paulo,sp
02996,-23.44718514516126,-46.73532934139297,sao paulo,sp
02952,-23.469694142074086,-46.716882114422745,sao paulo,sp
02921,-23.488876019845357,-46.72418764716493,sao paulo,sp
02917,-23.497059226758587,-46.71251622814356,sao paulo,sp
02969,-23.48615388842405,-46.71456818137228,sao paulo,sp
02935,-23.488989600611685,-46.71574185345376,sao paulo,sp
02991,-23.434241171867185,-46.72554044590676,sao paulo,sp
02951,-23.4728907829242,-46.72378470277873,sao paulo,sp
02914,-23.503558977270817,-46.70837685670522,sao paulo,sp
02989,-23.429807053203387,-46.7211738556802,sao paulo,sp
02945,-23.481485622444325,-46.72708334618101,sao paulo,sp
02998,-23.44062768720067,-46.72250811434592,sao paulo,sp
02957,-23.46904313849616,-46.72212261226844,sao paulo,sp
02920,-23.49068897668647,-46.72063688412487,sao paulo,sp
02936,-23.4854319708581,-46.71967718956659,sao paulo,sp
02977,-23.471338243987766,-46.71137682900875,sao paulo,sp
02932,-23.487081904524203,-46.71123931779098,sao paulo,sp
02910,-23.506932510675806,-46.69620202553523,sao paulo,sp
02919,-23.49313264946043,-46.71915699194992,sao paulo,sp
02962,-23.489296407438403,-46.69920159256159,sao paulo,sp
02975,-23.47842966694557,-46.7118093039125,sao paulo,sp
02929,-23.49086602208629,-46.706045409257214,sao paulo,sp
02965,-23.483192973193592,-46.70632222705049,sao paulo,sp
02927,-23.497761456575603,-46.70486136663973,sao paulo,sp
02918,-23.49774396910117,-46.716125492041655,sao paulo,sp
02942,-23.47611083152521,-46.72292944823707,sao paulo,sp
02984,-23.44569598612154,-46.7212818044608,sao paulo,sp
02964,-23.484602190114867,-46.70486472508516,sao paulo,sp
02913,-23.50147751457095,-46.71379212239601,sao paulo,sp
02937,-23.483908706924478,-46.72211347298449,sao paulo,sp
02950,-23.479624927837733,-46.71817184831787,sao paulo,sp
02966,-23.470379800998334,-46.71036938718329,sao paulo,sp
02912,-23.506106807063038,-46.70724697463158,sao paulo,sp
02986,-23.43431093366611,-46.71530463558196,sao paulo,sp
02930,-23.49230780322003,-46.708464510127534,sao paulo,sp
02968,-23.476825130734543,-46.70526423521269,sao paulo,sp
02961,-23.49191000194397,-46.70034705328601,sao paulo,sp
02983,-23.45038103635526,-46.71833685039535,sao paulo,sp
02990,-23.431612777684805,-46.72453334984706,sao paulo,sp
02911,-23.50467969109582,-46.70458583403536,sao paulo,sp
02982,-23.45651770552253,-46.716945878296485,sao paulo,sp
02967,-23.48040564418031,-46.7026211261469,sao paulo,sp
02941,-23.47943470191586,-46.723279934502834,sao paulo,sp
02926,-23.499947470075963,-46.70127600492003,sao paulo,sp
02993,-23.45481034070669,-46.73550456694172,sao paulo,sp
02939,-23.472561145030618,-46.735815537079134,sao paulo,sp
02928,-23.49339173139501,-46.70295186975426,sao paulo,sp
02915,-23.489361250783134,-46.72313742976311,sao paulo,sp
02943,-23.4764907485429,-46.72496826242136,sao paulo,sp
02933,-23.49425076602805,-46.71130459686078,sao paulo,sp
02940,-23.47988811740434,-46.72377830322003,sao paulo,sp
02931,-23.498053009435058,-46.70796099708582,sao paulo,sp
02972,-23.48029674271453,-46.71122495337295,sao paulo,sp
02925,-23.50257293484837,-46.69754189370448,sao paulo,sp
02934,-23.490995469328887,-46.71518003941369,sao paulo,sp
02956,-23.4713021179526,-46.72252059201334,sao paulo,sp
02963,-23.485755415382435,-46.70221321730524,sao paulo,sp
02985,-23.44129255674268,-46.71883797556072,sao paulo,sp
02978,-23.473930735501163,-46.70723237858496,sao paulo,sp
02938,-23.484567353309533,-46.72320475451552,sao paulo,sp
02944,-23.475677144324536,-46.7252943424895,sao paulo,sp
02916,-23.488245329634296,-46.72037106432417,sao paulo,sp
02924,-23.49450427482417,-46.70918235105498,sao paulo,sp
02959,-23.490243167638056,-46.69869133236193,sao paulo,sp
02979,-23.47647690813088,-46.70614642853023,sao paulo,sp
02997,-23.57932681779576,-46.66828742687143,sao paulo,sp
02994,-23.457891666945567,-46.73651689716662,sao paulo,sp
02970,-23.48115370191585,-46.71503857507645,sao paulo,sp
02955,-23.468440512490595,-46.72068807496815,sao paulo,sp
02971,-23.484810467943905,-46.71073145184375,sao paulo,sp
02981,-23.460318,-46.71684450000001,sao paulo,sp
02909,-23.507132621219792,-46.698910262767626,sao paulo,sp
02908,-23.502014146330914,-46.70019372552115,sao paulo,sp
02988,-23.608443549046555,-46.74037145657274,sao paulo,sp
03088,-23.52731184179699,-46.56137431473256,sao paulo,sp
03012,-23.540667757429706,-46.6155573687172,sao paulo,sp
03080,-23.53294108465575,-46.57934250917525,sao paulo,sp
03084,-23.53467342215357,-46.57048869929014,sao paulo,sp
03060,-23.53813408465576,-46.58549886150382,sao paulo,sp
03025,-23.53489030252754,-46.60945369747245,sao paulo,sp
03081,-23.53695241326677,-46.57554393839796,sao paulo,sp
03023,-23.531303713024357,-46.61099044408213,sao paulo,sp
03021,-23.527415394524706,-46.60228650773702,sao paulo,sp
03018,-23.53174394892955,-46.61395302123605,sao paulo,sp
03090,-23.530225505684143,-46.55902125382302,sao paulo,sp
03043,-23.54949368858566,-46.61594711824107,sao paulo,sp
03029,-23.528716250620374,-46.62026515958797,sao paulo,sp
03071,-23.533721612268447,-46.562341521640086,sao paulo,sp
03064,-23.530940192076763,-46.55746126879801,sao paulo,sp
03057,-23.54257772745109,-46.59338016847479,sao paulo,sp
03053,-23.541158650845407,-46.60747344656362,sao paulo,sp
03089,-23.529801226758583,-46.56226668720068,sao paulo,sp
03015,-23.53718574381104,-46.59403568082404,sao paulo,sp
03066,-23.53685341271851,-46.57627420191585,sao paulo,sp
03009,-23.53660055453289,-46.61990119900168,sao paulo,sp
03065,-23.53638432361936,-46.57920289454089,sao paulo,sp
03077,-23.52926356396796,-46.577290279358245,sao paulo,sp
03041,-23.548576600323223,-46.62070975812218,sao paulo,sp
03059,-23.54279940605341,-46.595165217323526,sao paulo,sp
03020,-23.53604769830917,-46.6014110491372,sao paulo,sp
03062,-23.54268733028447,-46.59453248320733,sao paulo,sp
03063,-23.530453669715538,-46.55620020996593,sao paulo,sp
03052,-23.5413525745282,-46.609555379681474,sao paulo,sp
03061,-23.540986006376645,-46.584929692480806,sao paulo,sp
03086,-23.52876008992264,-46.56920769167931,sao paulo,sp
03034,-23.523756024698507,-46.61578785858964,sao paulo,sp
03022,-23.52569940030433,-46.60651162754301,sao paulo,sp
03058,-23.54006892207484,-46.59345022487023,sao paulo,sp
03087,-23.5300706924808,-46.56414335887811,sao paulo,sp
03073,-23.531134903687484,-46.555388838046085,sao paulo,sp
03003,-23.54464014210284,-46.622325526083486,sao paulo,sp
03024,-23.534101163194656,-46.60531226741302,sao paulo,sp
03004,-23.54247245698636,-46.6170674741918,sao paulo,sp
03030,-23.52771854954124,-46.61864331556927,sao paulo,sp
03045,-23.53884972661437,-46.59466392062438,sao paulo,sp
03069,-23.535964728836067,-46.56487377462638,sao paulo,sp
03001,-23.54138387625104,-46.6140494458142,sao paulo,sp
03047,-23.53959817208146,-46.60160522647012,sao paulo,sp
03006,-23.543135968636395,-46.62371555453289,sao paulo,sp
03035,-23.524194342489487,-46.613838068844046,sao paulo,sp
03067,-23.541160033585307,-46.58546677477062,sao paulo,sp
03019,-23.524334088810686,-46.60849704258767,sao paulo,sp
03040,-23.550723623891194,-46.622536459849165,sao paulo,sp
03027,-23.531186032748582,-46.61470460505509,sao paulo,sp
03011,-23.53496387454557,-46.6170557381269,sao paulo,sp
03050,-23.54249467361068,-46.6135781755439,sao paulo,sp
03085,-23.533626258122187,-46.56896262282867,sao paulo,sp
03008,-23.542331866783957,-46.62082801082003,sao paulo,sp
03042,-23.547624935339552,-46.6193676519706,sao paulo,sp
03016,-23.53796952899768,-46.61971186372554,sao paulo,sp
03013,-23.532598026371947,-46.61635944295696,sao paulo,sp
03070,-23.53899702801672,-46.57221876908646,sao paulo,sp
03002,-23.546827507097795,-46.623708713284174,sao paulo,sp
03031,-23.52833381848348,-46.61941011172019,sao paulo,sp
03051,-23.54011209983636,-46.5971873978297,sao paulo,sp
03068,-23.537588133504503,-46.56824798211082,sao paulo,sp
03072,-23.53409172300768,-46.55467069747247,sao paulo,sp
03010,-23.537164547319534,-46.61808328282069,sao paulo,sp
03014,-23.539141277829035,-46.60729795115125,sao paulo,sp
03028,-23.52697217736158,-46.610979191240034,sao paulo,sp
03054,-23.541639789341573,-46.603224497778285,sao paulo,sp
03033,-23.52860069608748,-46.62538299610485,sao paulo,sp
03055,-23.543390053840405,-46.596673409515866,sao paulo,sp
03005,-23.54310790980433,-46.62647566250217,sao paulo,sp
03017,-23.532447184574945,-46.61401961463438,sao paulo,sp
03032,-23.531673677765617,-46.6213701781983,sao paulo,sp
03026,-23.52645151956261,-46.60677957591317,sao paulo,sp
03007,-23.541507199001668,-46.62689045282469,sao paulo,sp
03076,-23.53783206643489,-46.58204811632236,sao paulo,sp
03044,-23.551689676483026,-46.62076350725653,sao paulo,sp
03036,-23.51964923178584,-46.61859872092714,sao paulo,sp
03046,-23.543608767413023,-46.61616958367479,sao paulo,sp
03074,-23.526654223151912,-46.56404432861101,sao paulo,sp
03165,-23.56190256174625,-46.58015179808413,sao paulo,sp
03166,-23.550615586733212,-46.59695036081135,sao paulo,sp
03174,-23.546878911449102,-46.59059732445609,sao paulo,sp
03161,-23.58090519677997,-46.56317152651616,sao paulo,sp
03114,-23.565511554738045,-46.59515615274319,sao paulo,sp
03105,-23.55386629447746,-46.62260224132955,sao paulo,sp
03183,-23.558837165416367,-46.594341639188656,sao paulo,sp
03111,-23.558072306116813,-46.60586586856825,sao paulo,sp
03181,-23.55888611989353,-46.58187431508816,sao paulo,sp
03146,-23.595967362196323,-46.57228067485142,sao paulo,sp
03193,-23.575456508742576,-46.578762534277786,sao paulo,sp
03112,-23.55712803497028,-46.6045297013676,sao paulo,sp
03150,-23.583554497085814,-46.589112952824685,sao paulo,sp
03134,-23.58540069658577,-46.58427399775607,sao paulo,sp
03186,-23.567258514570952,-46.58312233236194,sao paulo,sp
03168,-23.556360816149585,-46.59062464472048,sao paulo,sp
03125,-23.576548285042403,-46.59131496211552,sao paulo,sp
03124,-23.56786401832186,-46.59242413059029,sao paulo,sp
03184,-23.56336681626177,-46.58636668526744,sao paulo,sp
03132,-23.5829031448728,-46.583914925875824,sao paulo,sp
03136,-23.57737538412488,-46.58063758312653,sao paulo,sp
03156,-23.58136699134433,-46.56438226771108,sao paulo,sp
03133,-23.596805324652923,-46.5772172155577,sao paulo,sp
03116,-23.567295210891167,-46.58710430333021,sao paulo,sp
03131,-23.57900896225975,-46.57815220038666,sao paulo,sp
03164,-23.54644456287144,-46.60552943574358,sao paulo,sp
03191,-23.56910958090484,-46.57235346003806,sao paulo,sp
03189,-23.56905540707542,-46.57956690707542,sao paulo,sp
03152,-23.59347283236194,-46.58096227990652,sao paulo,sp
03153,-23.597540896712868,-46.57904377939821,sao paulo,sp
03113,-23.560092220093484,-46.60333586135961,sao paulo,sp
03182,-23.559519635581964,-46.59033924271452,sao paulo,sp
03121,-23.56175985825543,-46.60140647059026,sao paulo,sp
03115,-23.57214437246812,-46.58740314210283,sao paulo,sp
03175,-23.550982197616683,-46.58317017138898,sao paulo,sp
03122,-23.569423909804325,-46.59127977921403,sao paulo,sp
03149,-23.57480921065843,-46.587471259651394,sao paulo,sp
03171,-23.551840970021367,-46.58870301887013,sao paulo,sp
03179,-23.55402366333889,-46.58070017485142,sao paulo,sp
03167,-23.55487039661836,-46.5943762934965,sao paulo,sp
03106,-23.55770667499565,-46.61476439993657,sao paulo,sp
03190,-23.565166868168937,-46.57474535997464,sao paulo,sp
03176,-23.54935305107045,-46.58751047155059,sao paulo,sp
03127,-23.57744523619365,-46.58928864723873,sao paulo,sp
03120,-23.5595101851232,-46.59644692131687,sao paulo,sp
03188,-23.564285633360274,-46.57821085206877,sao paulo,sp
03169,-23.55054670858096,-46.59519443311784,sao paulo,sp
03118,-23.560478444630373,-46.59520402553522,sao paulo,sp
03192,-23.570708521784304,-46.57894228282069,sao paulo,sp
03185,-23.56351781487679,-46.584379697472464,sao paulo,sp
03119,-23.565867171244737,-46.59162112461769,sao paulo,sp
03147,-23.59633673965611,-46.56507737454559,sao paulo,sp
03138,-23.58759692255761,-46.58181527338564,sao paulo,sp
03170,-23.5493922574606,-46.59300201474517,sao paulo,sp
03141,-23.590022776821183,-46.57065833812266,sao paulo,sp
03158,-23.577469384937032,-46.56476410483442,sao paulo,sp
03187,-23.566230979700467,-46.58020347785505,sao paulo,sp
03110,-23.55690614709449,-46.60849426977895,sao paulo,sp
03195,-23.56861847821569,-46.58272199999999,sao paulo,sp
03128,-23.57747698251485,-46.58455889578164,sao paulo,sp
03137,-23.580475533441067,-46.57343241771019,sao paulo,sp
03126,-23.58067325143878,-46.591568341608856,sao paulo,sp
03103,-23.55428750346245,-46.61269297446478,sao paulo,sp
03159,-23.579524247013687,-46.569819425760265,sao paulo,sp
03129,-23.57716248542904,-46.583508614490135,sao paulo,sp
03180,-23.56131879739165,-46.5876049977783,sao paulo,sp
03102,-23.552701438253745,-46.624905314184296,sao paulo,sp
03101,-23.553991655288808,-46.613591754775314,sao paulo,sp
03178,-23.55424324701369,-46.584472683594,sao paulo,sp
03145,-23.59095110352588,-46.57277205981301,sao paulo,sp
03143,-23.58920323786709,-46.58088718373824,sao paulo,sp
03104,-23.553575412718512,-46.62211553427778,sao paulo,sp
03117,-23.56093866239229,-46.59312722367991,sao paulo,sp
03139,-23.586501039125217,-46.58087871801603,sao paulo,sp
03154,-23.58260234000799,-46.56384809908247,sao paulo,sp
03109,-23.576284696783446,-46.597673422511626,sao paulo,sp
03144,-23.59347752677597,-46.57350815251884,sao paulo,sp
03123,-23.56846632722605,-46.59821580904841,sao paulo,sp
03142,-23.591377708292494,-46.577009137659424,sao paulo,sp
03155,-23.58281256854772,-46.57116631907643,sao paulo,sp
03107,-23.564244231871413,-46.60659393661264,sao paulo,sp
03163,-23.54605107799065,-46.595275014570944,sao paulo,sp
03160,-23.578480690701483,-46.562867111340616,sao paulo,sp
03172,-23.548274607140105,-46.59015964281348,sao paulo,sp
03157,-23.57705457951986,-46.5697121493162,sao paulo,sp
03162,-23.550726090484137,-46.60183458396325,sao paulo,sp
03177,-23.549622265335557,-46.58618073980034,sao paulo,sp
03151,-23.582711503750904,-46.58687058090485,sao paulo,sp
03140,-23.586986629753586,-46.57580958604072,sao paulo,sp
03108,-23.563822200675112,-46.60981249723004,sao paulo,sp
03135,-23.5758755589763,-46.5800925015292,sao paulo,sp
03173,-23.556833999999995,-46.5803325,sao paulo,sp
03130,-23.58000796280801,-46.583155524698505,sao paulo,sp
03194,-23.56788988703906,-46.57394821510183,sao paulo,sp
03226,-23.593986188181617,-46.56504223841534,sao paulo,sp
03227,-23.58368749624909,-46.5697617485429,sao paulo,sp
03280,-23.584265203445064,-46.53648617692888,sao paulo,sp
03275,-23.58620844962204,-46.53589144310119,sao paulo,sp
03257,-23.60648067138897,-46.52604270953325,sao paulo,sp
03250,-23.604647720785984,-46.53054206411218,sao paulo,sp
03222,-23.586590996393323,-46.55774404010617,sao paulo,sp
03282,-23.590853517081115,-46.54139756148647,sao paulo,sp
03201,-23.600298101304176,-46.57623465528879,sao paulo,sp
03284,-23.586362748542896,-46.537228262421365,sao paulo,sp
03205,-23.600199918402662,-46.5653521522304,sao paulo,sp
03268,-23.598441932829385,-46.52704633847878,sao paulo,sp
03236,-23.594918280599003,-46.5541035925616,sao paulo,sp
03283,-23.586405411881792,-46.54237110214088,sao paulo,sp
03288,-23.591501276992314,-46.5324646537596,sao paulo,sp
03276,-23.57909116763807,-46.54788125575627,sao paulo,sp
03279,-23.58547197890817,-46.54426644087946,sao paulo,sp
03251,-23.61160288894966,-46.5370489000797,sao paulo,sp
03221,-23.592801121024483,-46.54554615035181,sao paulo,sp
03210,-23.601764863046306,-46.54785125728302,sao paulo,sp
03263,-23.590333309740902,-46.54798059048414,sao paulo,sp
03220,-23.59081788893495,-46.55126574185525,sao paulo,sp
03239,-23.5945789730798,-46.54536038051818,sao paulo,sp
03238,-23.59221029669916,-46.54858377462638,sao paulo,sp
03225,-23.584152991949924,-46.556715300305854,sao paulo,sp
03295,-23.58525133804609,-46.548285464885495,sao paulo,sp
03262,-23.58915185789716,-46.55083446058632,sao paulo,sp
03269,-23.600689449622045,-46.522998943101165,sao paulo,sp
03281,-23.5846446352051,-46.54653635849762,sao paulo,sp
03202,-23.59725813405276,-46.57042710421837,sao paulo,sp
03294,-23.582330395070443,-46.55697093689357,sao paulo,sp
03211,-23.60262394182404,-46.55136429842682,sao paulo,sp
03265,-23.59436349708581,-46.54121411518264,sao paulo,sp
03289,-23.59394611713492,-46.52761752473855,sao paulo,sp
03270,-23.602162547319526,-46.52124572898028,sao paulo,sp
03260,-23.603256167638065,-46.51504183236193,sao paulo,sp
03208,-23.51951949653755,-46.4264544446304,sao paulo,sp
03264,-23.587900093254092,-46.54502727047144,sao paulo,sp
03261,-23.585258514570956,-46.55267140313924,sao paulo,sp
03203,-23.5983848731606,-46.56677381072186,sao paulo,sp
03213,-23.606664998615024,-46.56153902207277,sao paulo,sp
03215,-23.609169723007685,-46.55570213543773,sao paulo,sp
03254,-23.605135910352587,-46.52811406549717,sao paulo,sp
03273,-23.57841833611285,-46.5592068753823,sao paulo,sp
03255,-23.60395898473656,-46.527095027612695,sao paulo,sp
03237,-23.59539756425642,-46.55163738273989,sao paulo,sp
03241,-23.60013065306711,-46.54608504302036,sao paulo,sp
03274,-23.576585709965936,-46.55564304870451,sao paulo,sp
03214,-23.60874038412487,-46.5604354067459,sao paulo,sp
03249,-23.601463418258444,-46.53537594338963,sao paulo,sp
03224,-23.59407492117263,-46.55806461948181,sao paulo,sp
03256,-23.61068748542905,-46.52897892423104,sao paulo,sp
03286,-23.594082820705168,-46.53703736594724,sao paulo,sp
03278,-23.58139665528881,-46.54526547224308,sao paulo,sp
03267,-23.60047874049282,-46.528888809048425,sao paulo,sp
03277,-23.584095649460437,-46.54637383443941,sao paulo,sp
03245,-23.60644250291419,-46.53442576311386,sao paulo,sp
03243,-23.59911571434356,-46.54182544102429,sao paulo,sp
03206,-23.5988967732414,-46.55975006050551,sao paulo,sp
03204,-23.59798552039933,-46.55547278711988,sao paulo,sp
03266,-23.59872853926945,-46.53586731917597,sao paulo,sp
03209,-23.59730678045477,-46.55831953205609,sao paulo,sp
03223,-23.591487122395996,-46.55562972147846,sao paulo,sp
03242,-23.59770979961335,-46.543011830976944,sao paulo,sp
03244,-23.60627778934156,-46.54062373645344,sao paulo,sp
03253,-23.60610862308848,-46.53048956771887,sao paulo,sp
03287,-23.59519232500434,-46.53381915834724,sao paulo,sp
03271,-23.60142217929483,-46.51962521065843,sao paulo,sp
03216,-23.606865115730898,-46.55510886303304,sao paulo,sp
03272,-23.60174689148247,-46.51318792131687,sao paulo,sp
03212,-23.605056659732217,-46.56128867222569,sao paulo,sp
03240,-23.597939755756265,-46.54583375575627,sao paulo,sp
03252,-23.60924715161729,-46.54230641864013,sao paulo,sp
03259,-23.60308975659299,-46.52210759186912,sao paulo,sp
03258,-23.60852444685208,-46.52510118151653,sao paulo,sp
03207,-23.60284995198797,-46.56573546932888,sao paulo,sp
03231,-23.650802466270463,-46.658499439206025,sao paulo,sp
03350,-23.571550619727677,-46.56516911210353,sao paulo,sp
03318,-23.54446292977097,-46.56591579892085,sao paulo,sp
03343,-23.55990858451152,-46.56932063336026,sao paulo,sp
03375,-23.572396749927883,-46.55092451304174,sao paulo,sp
03345,-23.573423597337367,-46.56044110973281,sao paulo,sp
03355,-23.558104723399,-46.553205894652805,sao paulo,sp
03314,-23.541203336661106,-46.56580436857296,sao paulo,sp
03322,-23.549660117981254,-46.57027590146579,sao paulo,sp
03313,-23.54095417568814,-46.55943992146108,sao paulo,sp
03311,-23.540988782128203,-46.56475255635056,sao paulo,sp
03351,-23.57048818454374,-46.56174059236515,sao paulo,sp
03309,-23.546317033585304,-46.56884297253152,sao paulo,sp
03312,-23.55021019790515,-46.55646739716662,sao paulo,sp
03344,-23.56490513488948,-46.56772961365344,sao paulo,sp
03382,-23.58004481127011,-46.52972381848346,sao paulo,sp
03388,-23.58956649708581,-46.529451539961954,sao paulo,sp
03310,-23.549574771856427,-46.56533431986845,sao paulo,sp
03324,-23.54994695862441,-46.56096826617228,sao paulo,sp
03316,-23.54403992977097,-46.57201779892085,sao paulo,sp
03362,-23.56531328810082,-46.54358417485143,sao paulo,sp
03374,-23.58299133704123,-46.53599897268565,sao paulo,sp
03363,-23.56109093672453,-46.53888007660566,sao paulo,sp
03317,-23.540931051907165,-46.55301866833054,sao paulo,sp
03386,-23.584168436997302,-46.53066136149352,sao paulo,sp
03323,-23.544749472387306,-46.57186015127811,sao paulo,sp
03347,-23.563198677813347,-46.565926182133126,sao paulo,sp
03335,-23.559035291786763,-46.56638761932327,sao paulo,sp
03332,-23.551867006376643,-46.573927024842725,sao paulo,sp
03319,-23.543870857060437,-46.55735807729814,sao paulo,sp
03383,-23.581562029141907,-46.53319951540768,sao paulo,sp
03385,-23.58485623554806,-46.52568412313096,sao paulo,sp
03325,-23.551898009694856,-46.55990651762936,sao paulo,sp
03336,-23.55328739527337,-46.56231382106098,sao paulo,sp
03330,-23.54538472669783,-46.58532661209289,sao paulo,sp
03304,-23.54489718096826,-46.57777159631251,sao paulo,sp
03360,-23.56854143403352,-46.542578113982096,sao paulo,sp
03333,-23.556849999163276,-46.56941527477062,sao paulo,sp
03308,-23.540691446852072,-46.57315915849145,sao paulo,sp
03346,-23.559626053292146,-46.57116272592185,sao paulo,sp
03337,-23.55616930834864,-46.56480496252298,sao paulo,sp
03315,-23.54306394809284,-46.57284766403137,sao paulo,sp
03376,-23.575212701915856,-46.546878965722186,sao paulo,sp
03366,-23.565577756592983,-46.53460292922271,sao paulo,sp
03359,-23.566061323712944,-46.54482052301097,sao paulo,sp
03303,-23.545741270669254,-46.5926468408794,sao paulo,sp
03348,-23.566625182901507,-46.562996556206336,sao paulo,sp
03384,-23.57884253067112,-46.52280151387845,sao paulo,sp
03356,-23.567334496249085,-46.541533363725534,sao paulo,sp
03361,-23.577327765191324,-46.52552687454557,sao paulo,sp
03371,-23.571153607276788,-46.549201704137566,sao paulo,sp
03334,-23.554597380692613,-46.57370400298258,sao paulo,sp
03372,-23.572388943937888,-46.55765144171619,sao paulo,sp
03387,-23.585963521784315,-46.52882099999999,sao paulo,sp
03379,-23.575498459345567,-46.5354071673496,sao paulo,sp
03320,-23.547285965837776,-46.56940937552652,sao paulo,sp
03331,-23.545478675515763,-46.58524120407659,sao paulo,sp
03377,-23.575449467943912,-46.54265940605341,sao paulo,sp
03378,-23.575139177299555,-46.54103782670819,sao paulo,sp
03307,-23.54672346932889,-46.57400131986845,sao paulo,sp
03342,-23.5615966758022,-46.56337316381181,sao paulo,sp
03340,-23.570462478034955,-46.55138331719334,sao paulo,sp
03358,-23.566974988343237,-46.54905289454087,sao paulo,sp
03321,-23.548067077442397,-46.56754466833056,sao paulo,sp
03390,-23.592445491257426,-46.52635145282469,sao paulo,sp
03357,-23.563336830140237,-46.55642235498297,sao paulo,sp
03349,-23.566296331669445,-46.565762201915845,sao paulo,sp
03380,-23.57383841548848,-46.53324511296094,sao paulo,sp
03365,-23.56946675578216,-46.53661314246039,sao paulo,sp
03370,-23.56799537246812,-46.55762524340702,sao paulo,sp
03306,-23.54250072967277,-46.57631077214489,sao paulo,sp
03305,-23.546722190951584,-46.57686274854291,sao paulo,sp
03364,-23.56727609547579,-46.53705223896362,sao paulo,sp
03367,-23.57012326977895,-46.53550329531417,sao paulo,sp
03381,-23.581201560732197,-46.53684590752636,sao paulo,sp
03373,-23.576283000000004,-46.54956150000001,sao paulo,sp
03389,-23.58803415015292,-46.52654020760001,sao paulo,sp
03302,-23.54443007216227,-46.58891612683939,sao paulo,sp
03338,-23.5606457795247,-46.56178615984006,sao paulo,sp
03301,-23.54330213849616,-46.58282993158863,sao paulo,sp
03423,-23.547994679987315,-46.5406987209302,sao paulo,sp
03416,-23.5595404069971,-46.55031816083575,sao paulo,sp
03405,-23.53866572548918,-46.5479950387212,sao paulo,sp
03475,-23.571636359426368,-46.51639159686077,sao paulo,sp
03448,-23.55326966472387,-46.52063010935424,sao paulo,sp
03421,-23.55171571357262,-46.54512703052689,sao paulo,sp
03442,-23.54431770330084,-46.53877208228983,sao paulo,sp
03412,-23.55571827200066,-46.55136190313922,sao paulo,sp
03477,-23.56753031883281,-46.51205478799173,sao paulo,sp
03454,-23.56247950429917,-46.51232348167813,sao paulo,sp
03445,-23.549276996393317,-46.52600554010618,sao paulo,sp
03460,-23.562519925616037,-46.52186953205609,sao paulo,sp
03414,-23.56123570191586,-46.546177201223365,sao paulo,sp
03446,-23.55280099362336,-46.52724691687345,sao paulo,sp
03476,-23.5706181335045,-46.50933181986844,sao paulo,sp
03425,-23.55640869525076,-46.537309293784965,sao paulo,sp
03428,-23.55485649347913,-46.534826058976286,sao paulo,sp
03451,-23.558637305466345,-46.51966059291495,sao paulo,sp
03426,-23.554079433810344,-46.53324185942636,sao paulo,sp
03436,-23.558009280598995,-46.53416848251484,sao paulo,sp
03437,-23.559585506520865,-46.5289678447112,sao paulo,sp
03422,-23.560019633360277,-46.54350666388715,sao paulo,sp
03406,-23.54216297362805,-46.5453069410237,sao paulo,sp
03452,-23.56400515705578,-46.514151730379766,sao paulo,sp
03479,-23.573883908130885,-46.50783695490215,sao paulo,sp
03401,-23.542096500000007,-46.55617199999999,sao paulo,sp
03449,-23.556165349154597,-46.52558483971952,sao paulo,sp
03435,-23.554346309342325,-46.52908878039932,sao paulo,sp
03463,-23.572842144854032,-46.53203768556556,sao paulo,sp
03455,-23.567083721622705,-46.509193241329534,sao paulo,sp
03404,-23.53896305912053,-46.55576711004673,sao paulo,sp
03410,-23.552642975301502,-46.55303510713256,sao paulo,sp
03472,-23.575014760603583,-46.52248323952327,sao paulo,sp
03447,-23.553297869553912,-46.52614068151652,sao paulo,sp
03470,-23.57282057729816,-46.52329640383172,sao paulo,sp
03490,-23.555870102132065,-46.51652249811876,sao paulo,sp
03478,-23.571003837648227,-46.51168936307904,sao paulo,sp
03456,-23.570484359426363,-46.50572209686076,sao paulo,sp
03474,-23.576204808211696,-46.51084381986846,sao paulo,sp
03430,-23.54936253344108,-46.53844163336026,sao paulo,sp
03429,-23.554906365803014,-46.5324707200935,sao paulo,sp
03461,-23.569085514570943,-46.52738665237461,sao paulo,sp
03408,-23.54967335276126,-46.552303378152274,sao paulo,sp
03438,-23.558979719400995,-46.52731571065843,sao paulo,sp
03415,-23.555554302527536,-46.54572466097296,sao paulo,sp
03417,-23.539685940879476,-46.54635608021235,sao paulo,sp
03407,-23.54354994809283,-46.55013560866177,sao paulo,sp
03441,-23.54461150790585,-46.541079775463096,sao paulo,sp
03403,-23.548870884964693,-46.53688893891689,sao paulo,sp
03411,-23.550985886202348,-46.54879612822439,sao paulo,sp
03420,-23.544515233192364,-46.54270610151011,sao paulo,sp
03453,-23.570951881332032,-46.50688250264373,sao paulo,sp
03433,-23.55908490062445,-46.53450422309493,sao paulo,sp
03443,-23.542720878988977,-46.53640828795658,sao paulo,sp
03462,-23.57408378351319,-46.52714389355992,sao paulo,sp
03427,-23.55589726672054,-46.53842689148245,sao paulo,sp
03402,-23.54029910297761,-46.55267675214958,sao paulo,sp
03431,-23.554133203993324,-46.53048959908248,sao paulo,sp
03413,-23.55686668942237,-46.54789016166545,sao paulo,sp
03471,-23.56625832001269,-46.51841724632121,sao paulo,sp
03450,-23.55664950513589,-46.51996947377228,sao paulo,sp
03432,-23.559378580068124,-46.5374504074384,sao paulo,sp
03424,-23.55172884179699,-46.54017974355124,sao paulo,sp
03440,-23.54392091701769,-46.54868785567547,sao paulo,sp
03434,-23.55518986011885,-46.53098945545043,sao paulo,sp
03409,-23.54942076602805,-46.55057457132555,sao paulo,sp
03480,-23.576447493479133,-46.50490442200933,sao paulo,sp
03444,-23.545198289197344,-46.53220292048014,sao paulo,sp
03572,-23.574334452680457,-46.50181676172888,sao paulo,sp
03513,-23.533151950603,-46.52395517943906,sao paulo,sp
03535,-23.54474037884475,-46.50724960338165,sao paulo,sp
03564,-23.53321650340715,-46.50046729003948,sao paulo,sp
03581,-23.554750452680462,-46.50070100291418,sao paulo,sp
03570,-23.56707530835592,-46.48746431848346,sao paulo,sp
03518,-23.544362536211032,-46.52207099999998,sao paulo,sp
03547,-23.536683974464783,-46.51084605161872,sao paulo,sp
03577,-23.553017916180963,-46.50341566097297,sao paulo,sp
03527,-23.5445072830214,-46.52958694024806,sao paulo,sp
03578,-23.56053745268046,-46.5034905,sao paulo,sp
03573,-23.56168119891244,-46.50627110555333,sao paulo,sp
03548,-23.540828291419043,-46.51230345865307,sao paulo,sp
03583,-23.55588041909516,-46.49235909769749,sao paulo,sp
03504,-23.53877907744238,-46.53648566833056,sao paulo,sp
03552,-23.537099755756262,-46.502161255756256,sao paulo,sp
03589,-23.551982748542898,-46.48510296003805,sao paulo,sp
03590,-23.54741871135092,-46.48356109478331,sao paulo,sp
03508,-23.532711024698507,-46.5329695022217,sao paulo,sp
03579,-23.56079380099833,-46.49873888718328,sao paulo,sp
03551,-23.53469148542905,-46.50138317485142,sao paulo,sp
03502,-23.535900838738574,-46.53821868665241,sao paulo,sp
03568,-23.539098006665103,-46.48619464224707,sao paulo,sp
03560,-23.55104659172488,-46.49467208228982,sao paulo,sp
03556,-23.540209607536585,-46.50202554870451,sao paulo,sp
03591,-23.54939647495197,-46.479689025048046,sao paulo,sp
03524,-23.546723196779965,-46.51411745697962,sao paulo,sp
03534,-23.547576185123205,-46.50877523910784,sao paulo,sp
03562,-23.54478975206393,-46.495489292925285,sao paulo,sp
03586,-23.556657205788905,-46.48867468378657,sao paulo,sp
03563,-23.549693280599,-46.49264250874256,sao paulo,sp
03526,-23.551281670552257,-46.49897223258696,sao paulo,sp
03530,-23.53845497307979,-46.5185546194818,sao paulo,sp
03503,-23.5360750335853,-46.54159652622772,sao paulo,sp
03584,-23.56110844463037,-46.48587377032721,sao paulo,sp
03541,-23.53660824055521,-46.51760581636832,sao paulo,sp
03585,-23.57110509769749,-46.49189070996592,sao paulo,sp
03532,-23.54202580460501,-46.51407628587911,sao paulo,sp
03554,-23.540811611431728,-46.506777407294166,sao paulo,sp
03567,-23.54324816985976,-46.48879160352587,sao paulo,sp
03553,-23.53310847016561,-46.50637207660568,sao paulo,sp
03587,-23.555260623925207,-46.48503236955392,sao paulo,sp
03507,-23.53649896641469,-46.5357862507646,sao paulo,sp
03505,-23.53504579930185,-46.54488880055775,sao paulo,sp
03542,-23.53108125950717,-46.51791357132556,sao paulo,sp
03512,-23.539871462115528,-46.52654178420568,sao paulo,sp
03531,-23.540512819320192,-46.5176810538404,sao paulo,sp
03516,-23.54105203358529,-46.52411202025509,sao paulo,sp
03521,-23.548877507357595,-46.51772421495759,sao paulo,sp
03561,-23.547426852068774,-46.49706910491086,sao paulo,sp
03543,-23.534517416583824,-46.51350050508684,sao paulo,sp
03509,-23.53472196364473,-46.52814567499566,sao paulo,sp
03540,-23.536271084655755,-46.49816353150784,sao paulo,sp
03514,-23.535045041635392,-46.52060623633788,sao paulo,sp
03517,-23.54305760866176,-46.5278614730798,sao paulo,sp
03582,-23.55545721041404,-46.49707882703552,sao paulo,sp
03566,-23.537055939494493,-46.49216423604941,sao paulo,sp
03515,-23.53884099916328,-46.53165949930752,sao paulo,sp
03533,-23.54331467943905,-46.52124670344508,sao paulo,sp
03510,-23.53754838273989,-46.53300547599397,sao paulo,sp
03565,-23.536157615875126,-46.49417032944774,sao paulo,sp
03520,-23.548840889809025,-46.523309280598994,sao paulo,sp
03550,-23.53056214071786,-46.50599515084539,sao paulo,sp
03523,-23.54929627477061,-46.516425102833374,sao paulo,sp
03555,-23.53892260601364,-46.49852286038274,sao paulo,sp
03557,-23.54364426395057,-46.50568005675459,sao paulo,sp
03544,-23.53065199417162,-46.51022998557328,sao paulo,sp
03580,-23.553004882595665,-46.49844350597262,sao paulo,sp
03588,-23.558715363155294,-46.48444549847399,sao paulo,sp
03558,-23.544892466558927,-46.505663224536896,sao paulo,sp
03511,-23.53662295475793,-46.52901211088345,sao paulo,sp
03575,-23.5573347732414,-46.50579561587512,sao paulo,sp
03571,-23.571611580904843,-46.48743097446476,sao paulo,sp
03576,-23.549435947544563,-46.50597101096426,sao paulo,sp
03545,-23.533167059668795,-46.51291454287615,sao paulo,sp
03525,-23.54917839439665,-46.51086773397196,sao paulo,sp
03569,-23.541941545934563,-46.49095488842404,sao paulo,sp
03546,-23.53359722592187,-46.510112467799686,sao paulo,sp
03559,-23.547331561198,-46.50340164155459,sao paulo,sp
03574,-23.5541361268394,-46.51105076686476,sao paulo,sp
03506,-23.5404811357262,-46.53464928059898,sao paulo,sp
03522,-23.546688516792653,-46.51776104232789,sao paulo,sp
03501,-23.53226013240798,-46.534687952536224,sao paulo,sp
03519,-23.54754401527122,-46.52280423241673,sao paulo,sp
03645,-23.523350352493097,-46.53225146745165,sao paulo,sp
03665,-23.52758819095159,-46.49786807729816,sao paulo,sp
03685,-23.52377256527157,-46.47524063467857,sao paulo,sp
03642,-23.527651557591312,-46.53916987330483,sao paulo,sp
03678,-23.51839012822437,-46.49121680988513,sao paulo,sp
03675,-23.517911380069933,-46.49657553157195,sao paulo,sp
03636,-23.523158336112846,-46.53311089869581,sao paulo,sp
03616,-23.518638450458763,-46.52727194171618,sao paulo,sp
03669,-23.53270178351319,-46.4896742164868,sao paulo,sp
03692,-23.533172707937783,-46.479635419287085,sao paulo,sp
03613,-23.51845531779098,-46.53268368206479,sao paulo,sp
03694,-23.537922030359404,-46.47769578680452,sao paulo,sp
03663,-23.521339801835047,-46.497677988199015,sao paulo,sp
03644,-23.52611544591716,-46.53507848653255,sao paulo,sp
03683,-23.51780054954124,-46.4781480976975,sao paulo,sp
03647,-23.530828892867447,-46.527533900773285,sao paulo,sp
03603,-23.523711202060085,-46.54989823480869,sao paulo,sp
03668,-23.534020822926877,-46.495087496393324,sao paulo,sp
03674,-23.5182521312828,-46.49614575590049,sao paulo,sp
03625,-23.51787969608439,-46.51305484186122,sao paulo,sp
03623,-23.51854522370017,-46.5140832485429,sao paulo,sp
03641,-23.526629280313223,-46.536471572784215,sao paulo,sp
03624,-23.51429080045007,-46.51422724340702,sao paulo,sp
03679,-23.51743989953255,-46.48587764709451,sao paulo,sp
03654,-23.525103133365025,-46.51764616148771,sao paulo,sp
03617,-23.518565999999996,-46.52543100721335,sao paulo,sp
03630,-23.53257143591436,-46.54970048693182,sao paulo,sp
03691,-23.532180003606676,-46.48430095989383,sao paulo,sp
03660,-23.523945619221767,-46.50583600788512,sao paulo,sp
03632,-23.52761504385709,-46.5492905723065,sao paulo,sp
03646,-23.526032584511515,-46.52954063390853,sao paulo,sp
03658,-23.524579026371946,-46.50647830613423,sao paulo,sp
03680,-23.52358691035259,-46.48879428573488,sao paulo,sp
03639,-23.527992970858094,-46.54029306119799,sao paulo,sp
03605,-23.521211518177623,-46.54688421495761,sao paulo,sp
03677,-23.516028272000653,-46.497612122396,sao paulo,sp
03621,-23.520431503750903,-46.52074286081134,sao paulo,sp
03620,-23.51059127581501,-46.50374845584317,sao paulo,sp
03631,-23.531338948381293,-46.55065022286344,sao paulo,sp
03693,-23.531289192336565,-46.47717934041202,sao paulo,sp
03670,-23.51852719233657,-46.50689725659299,sao paulo,sp
03661,-23.52318014598876,-46.50270503864427,sao paulo,sp
03643,-23.527569467943906,-46.53422207369149,sao paulo,sp
03651,-23.52822015015292,-46.51814496211552,sao paulo,sp
03673,-23.51517733749783,-46.50126713849616,sao paulo,sp
03681,-23.52146483819031,-46.48417957507647,sao paulo,sp
03618,-23.51428496502972,-46.52342271288011,sao paulo,sp
03648,-23.52667505245542,-46.52515952928614,sao paulo,sp
03638,-23.52870986955392,-46.5417239089676,sao paulo,sp
03662,-23.52125762836861,-46.499944929366926,sao paulo,sp
03634,-23.52434082320221,-46.54744934160408,sao paulo,sp
03609,-23.51525472300768,-46.53878362822437,sao paulo,sp
03626,-23.51445729586243,-46.50788804801201,sao paulo,sp
03627,-23.51089657507646,-46.50526403996194,sao paulo,sp
03690,-23.527751867332213,-46.47675116472388,sao paulo,sp
03666,-23.531691002138,-46.49797052636203,sao paulo,sp
03659,-23.52287030474924,-46.51178079378496,sao paulo,sp
03671,-23.517132013878463,-46.50412564946043,sao paulo,sp
03695,-23.520381611431723,-46.498214483207335,sao paulo,sp
03637,-23.52695919677997,-46.54378199180569,sao paulo,sp
03615,-23.519442111575948,-46.52966670690751,sao paulo,sp
03667,-23.53204714071786,-46.49681439647412,sao paulo,sp
03612,-23.520506699694156,-46.53515188245142,sao paulo,sp
03650,-23.52642742672864,-46.52092899677512,sao paulo,sp
03688,-23.52665549125743,-46.483370916180974,sao paulo,sp
03649,-23.524953779069783,-46.52126306411219,sao paulo,sp
03682,-23.519832548156256,-46.48133508243404,sao paulo,sp
03689,-23.527710922009348,-46.48172831640601,sao paulo,sp
03633,-23.531751524006012,-46.544864254919545,sao paulo,sp
03622,-23.52063952525574,-46.52037802525573,sao paulo,sp
03652,-23.512595181812166,-46.50252838734856,sao paulo,sp
03611,-23.518968551001763,-46.53743411517944,sao paulo,sp
03619,-23.51705355885076,-46.52256417868723,sao paulo,sp
03614,-23.520192042347528,-46.53134973947958,sao paulo,sp
03664,-23.525192692480797,-46.498859371631376,sao paulo,sp
03635,-23.522790877315536,-46.53604251012755,sao paulo,sp
03607,-23.52215924202204,-46.54327315029714,sao paulo,sp
03640,-23.53043879156327,-46.53747679447747,sao paulo,sp
03606,-23.52428999999995,-46.54881999999998,sao paulo,sp
03676,-23.51741951096427,-46.49340982944776,sao paulo,sp
03602,-23.52741821732353,-46.55249306356392,sao paulo,sp
03657,-23.526417918402668,-46.50592700652087,sao paulo,sp
03610,-23.51784189286744,-46.53949229669916,sao paulo,sp
03672,-23.514694742714525,-46.504062953372966,sao paulo,sp
03687,-23.52708556014044,-46.48845525464763,sao paulo,sp
03608,-23.51639272522938,-46.54256932223438,sao paulo,sp
03655,-23.52399579739165,-46.51294318734492,sao paulo,sp
03656,-23.52514485909317,-46.51026190022561,sao paulo,sp
03604,-23.52355322592188,-46.55054483097694,sao paulo,sp
03653,-23.518131180203294,-46.51075833861744,sao paulo,sp
03601,-23.514558536794716,-46.5210894733524,sao paulo,sp
03732,-23.50806928642737,-46.533154950458766,sao paulo,sp
03757,-23.503496259913693,-46.49672237603317,sao paulo,sp
03704,-23.507806499999997,-46.55110950000001,sao paulo,sp
03736,-23.505308552090376,-46.51473331747639,sao paulo,sp
03707,-23.506898050233723,-46.542727702608346,sao paulo,sp
03731,-23.5097559955566,-46.53370401887012,sao paulo,sp
03729,-23.502989210658427,-46.50349976686476,sao paulo,sp
03734,-23.511236562622702,-46.52516254443722,sao paulo,sp
03716,-23.505250557591324,-46.53434593658031,sao paulo,sp
03758,-23.50582462003006,-46.49857239800334,sao paulo,sp
03733,-23.50914521065843,-46.53066228518663,sao paulo,sp
03730,-23.511628623925205,-46.54118442783772,sao paulo,sp
03756,-23.50838552211884,-46.50278051263616,sao paulo,sp
03737,-23.50698403719198,-46.51398159824576,sao paulo,sp
03718,-23.49824519318669,-46.52937216616037,sao paulo,sp
03712,-23.51228181032049,-46.51270622499318,sao paulo,sp
03717,-23.503034937519665,-46.53651840767096,sao paulo,sp
03711,-23.51089628198398,-46.54282249570084,sao paulo,sp
03713,-23.510109666945574,-46.54494337330483,sao paulo,sp
03720,-23.501345814328527,-46.53113759908246,sao paulo,sp
03727,-23.50388030788375,-46.5151840494927,sao paulo,sp
03759,-23.503585725229385,-46.49214314501703,sao paulo,sp
03735,-23.51155530391252,-46.52205588689482,sao paulo,sp
03721,-23.50317938412488,-46.52404092630852,sao paulo,sp
03726,-23.501596306134218,-46.51654693810951,sao paulo,sp
03715,-23.50597402553522,-46.53482352844941,sao paulo,sp
03728,-23.50346941494241,-46.50901285922317,sao paulo,sp
03755,-23.50999545221116,-46.50243381083857,sao paulo,sp
03725,-23.50123246128435,-46.51905848362164,sao paulo,sp
03701,-23.51082058312654,-46.5508611777656,sao paulo,sp
03710,-23.511816775463107,-46.550531954757936,sao paulo,sp
03702,-23.51674732944774,-46.54818243075192,sao paulo,sp
03738,-23.507094185123208,-46.50903325867046,sao paulo,sp
03714,-23.50695572745108,-46.54051456702638,sao paulo,sp
03739,-23.51413688980902,-46.54714816403137,sao paulo,sp
03703,-23.51576296641469,-46.54874714141036,sao paulo,sp
03884,-23.51121466610885,-46.48421209686078,sao paulo,sp
03822,-23.496648475157265,-46.49657523674192,sao paulo,sp
03807,-23.501135482110826,-46.47243161518264,sao paulo,sp
03808,-23.494217898695823,-46.47290329239998,sao paulo,sp
03891,-23.51362430890418,-46.48919340813089,sao paulo,sp
03804,-23.50271592062436,-46.48299647362806,sao paulo,sp
03802,-23.50516424562872,-46.48429049278664,sao paulo,sp
03873,-23.512086465677555,-46.49898346174153,sao paulo,sp
03880,-23.50869470774424,-46.48672956633388,sao paulo,sp
03805,-23.50476277629982,-46.4783326666571,sao paulo,sp
03821,-23.49517247515727,-46.50119464071786,sao paulo,sp
03820,-23.49360109019567,-46.50247661157595,sao paulo,sp
03872,-23.512538179294825,-46.50108112461768,sao paulo,sp
03887,-23.509990623925205,-46.47908990743841,sao paulo,sp
03810,-23.49561368443072,-46.46853447890816,sao paulo,sp
03817,-23.493258,-46.49803649999999,sao paulo,sp
03812,-23.49332598071718,-46.46865857616647,sao paulo,sp
03811,-23.49219983458364,-46.483932860811336,sao paulo,sp
03818,-23.49813509908248,-46.49499803067112,sao paulo,sp
03874,-23.512062949766268,-46.49633502331352,sao paulo,sp
03809,-23.489345713572614,-46.47738070858095,sao paulo,sp
03801,-23.497787168474776,-46.49019646794392,sao paulo,sp
03803,-23.49498117897545,-46.48538989308728,sao paulo,sp
03896,-23.514262805989983,-46.4776359096601,sao paulo,sp
03814,-23.487767580904844,-46.47966343450283,sao paulo,sp
03813,-23.48668357540144,-46.46746268716547,sao paulo,sp
03883,-23.507757869553924,-46.48237040175424,sao paulo,sp
03882,-23.51121358673322,-46.48566114876794,sao paulo,sp
03828,-23.4798363075192,-46.49486361226843,sao paulo,sp
03889,-23.51722380663536,-46.4763331988941,sao paulo,sp
03819,-23.49915923397195,-46.49757079961335,sao paulo,sp
03816,-23.48938575704257,-46.49049703183771,sao paulo,sp
03827,-23.48494880428892,-46.46811804567771,sao paulo,sp
03893,-23.515568947544576,-46.48428406549716,sao paulo,sp
03806,-23.496590692480787,-46.478140333342886,sao paulo,sp
03878,-23.51275834915459,-46.49408204232787,sao paulo,sp
03877,-23.51199192423105,-46.49208446197129,sao paulo,sp
03823,-23.48710697194245,-46.49404632430736,sao paulo,sp
03881,-23.510528525135992,-46.487776833392445,sao paulo,sp
03892,-23.51342993741489,-46.48702545190999,sao paulo,sp
03894,-23.516756360811357,-46.48171049999999,sao paulo,sp
03886,-23.510298027756924,-46.48096219025911,sao paulo,sp
03895,-23.51561000805009,-46.47927597377228,sao paulo,sp
03875,-23.513613946707856,-46.49693154815625,sao paulo,sp
03890,-23.514245392723208,-46.496299536499485,sao paulo,sp
03888,-23.50859924923539,-46.479868397166605,sao paulo,sp
03870,-23.507884317264796,-46.49183718620052,sao paulo,sp
03871,-23.50748254886213,-46.49055473419091,sao paulo,sp
03876,-23.512463612268444,-46.49517920413757,sao paulo,sp
03831,-23.58705152622771,-46.58032110115995,sao paulo,sp
03840,-23.60153821011647,-46.46167529433997,sao paulo,sp
03982,-23.612416979480308,-46.515302074987225,sao paulo,sp
03949,-23.600515096860768,-46.484238195943234,sao paulo,sp
03977,-23.61651686594724,-46.49485410421835,sao paulo,sp
03923,-23.590043924475463,-46.51003716796691,sao paulo,sp
03916,-23.590277256448758,-46.506241529834405,sao paulo,sp
03976,-23.61187194393789,-46.49648901373423,sao paulo,sp
03942,-23.598188486265773,-46.500497402995,sao paulo,sp
03973,-23.618739524532582,-46.482056024532575,sao paulo,sp
03920,-23.594128973628056,-46.52107533166944,sao paulo,sp
03962,-23.609943,-46.48136049610485,sao paulo,sp
03924,-23.5961775,-46.51229925,sao paulo,sp
03984,-23.607115208436724,-46.51384694379366,sao paulo,sp
03935,-23.585910003606678,-46.50358868235325,sao paulo,sp
03948,-23.592661051070447,-46.49055457715392,sao paulo,sp
03972,-23.61393474632121,-46.48327277601137,sao paulo,sp
03979,-23.61745182930352,-46.507746629897824,sao paulo,sp
03910,-23.58452319555432,-46.51460627909786,sao paulo,sp
03968,-23.602550384015583,-46.473299846987366,sao paulo,sp
03981,-23.614751891482463,-46.51742610421837,sao paulo,sp
03966,-23.599891320012684,-46.47589591840267,sao paulo,sp
03964,-23.59963995920134,-46.47370164210284,sao paulo,sp
03952,-23.589381703810503,-46.48391858038306,sao paulo,sp
03946,-23.594299502077472,-46.49197103941369,sao paulo,sp
03911,-23.583733857897155,-46.52036398612154,sao paulo,sp
03931,-23.57982226311385,-46.49443468789316,sao paulo,sp
03929,-23.606332072162274,-46.488808985429046,sao paulo,sp
03934,-23.58915082070517,-46.50240407271052,sao paulo,sp
03937,-23.58790062753188,-46.501829952680446,sao paulo,sp
03967,-23.59963515015292,-46.472513285186615,sao paulo,sp
03930,-23.582402779906516,-46.49511096003805,sao paulo,sp
03928,-23.605385475361963,-46.501887524638015,sao paulo,sp
03986,-23.606964000000005,-46.52169143880201,sao paulo,sp
03951,-23.58353292305826,-46.48957476496762,sao paulo,sp
03963,-23.60932765805877,-46.48329014195862,sao paulo,sp
03938,-23.6008038193202,-46.50203816319465,sao paulo,sp
03936,-23.590302789341564,-46.49576885581969,sao paulo,sp
03975,-23.61005912989782,-46.490573619481815,sao paulo,sp
03978,-23.620711028196062,-46.50502035212637,sao paulo,sp
03933,-23.58343069747245,-46.50203424424373,sao paulo,sp
03980,-23.61662227782904,-46.515106571469765,sao paulo,sp
03944,-23.60024052844941,-46.49327195282468,sao paulo,sp
03945,-23.599900048560283,-46.49170207092153,sao paulo,sp
03907,-23.58760134332621,-46.50841212239599,sao paulo,sp
03918,-23.592208452680463,-46.52125286955393,sao paulo,sp
03908,-23.58359782304825,-46.50714769338705,sao paulo,sp
03940,-23.592459551762943,-46.49991954815626,sao paulo,sp
03989,-23.61284443493552,-46.47967172745109,sao paulo,sp
03983,-23.607327066515605,-46.50857706075226,sao paulo,sp
03905,-23.579669021928545,-46.51420548182235,sao paulo,sp
03965,-23.60215684762537,-46.47390783014024,sao paulo,sp
03941,-23.59578525644876,-46.49741244601535,sao paulo,sp
03917,-23.587750561198,-46.52140119164407,sao paulo,sp
03922,-23.59518735858964,-46.515514447544575,sao paulo,sp
03909,-23.584944887039057,-46.51220406119799,sao paulo,sp
03947,-23.588384319562703,-46.49309920117636,sao paulo,sp
03921,-23.595665332556457,-46.5157315592252,sao paulo,sp
03932,-23.58202088259566,-46.498609519562606,sao paulo,sp
03988,-23.60336798112987,-46.51002320053089,sao paulo,sp
03926,-23.598758555063764,-46.49950222246812,sao paulo,sp
03943,-23.599071632206428,-46.49727625549647,sao paulo,sp
03950,-23.59441643579253,-46.47993415674948,sao paulo,sp
03925,-23.62430331211506,-46.68489858473152,sao paulo,sp
03961,-23.602124410293225,-46.48478928361534,sao paulo,sp
03901,-23.580171598726118,-46.50670619877419,sao paulo,sp
03939,-23.598722923394327,-46.50465047876393,sao paulo,sp
03919,-23.591489479600668,-46.52296324132953,sao paulo,sp
03912,-23.58457236663973,-46.52447003996194,sao paulo,sp
03904,-23.577761053292143,-46.51761863030184,sao paulo,sp
03971,-23.615020791563268,-46.47934165652957,sao paulo,sp
03987,-23.600988597005006,-46.51150608451152,sao paulo,sp
03960,-23.5980830224768,-46.48270993963872,sao paulo,sp
03927,-23.6002907463212,-46.49829101970684,sao paulo,sp
03969,-23.607743940879462,-46.488985915488485,sao paulo,sp
03970,-23.613368960874773,-46.48133888565408,sao paulo,sp
03974,-23.619262756592985,-46.48278109631252,sao paulo,sp
03985,-23.6048076880374,-46.51393544532286,sao paulo,sp
03953,-23.594349384124868,-46.48320139355994,sao paulo,sp
03958,-23.59586020038664,-46.4858344494778,sao paulo,sp
03906,-23.58193966250217,-46.51218150874257,sao paulo,sp
03959,-23.59262562879875,-46.486169266076935,sao paulo,sp
04019,-23.590807672733558,-46.644845309065765,sao paulo,sp
04061,-23.625638863725538,-46.644061536499485,sao paulo,sp
04086,-23.61573639078998,-46.6637504454671,sao paulo,sp
04064,-23.619805407438392,-46.64897384984707,sao paulo,sp
04025,-23.59748445406544,-46.646679770759896,sao paulo,sp
04004,-23.57165583150985,-46.6444768780869,sao paulo,sp
04076,-23.604786146546243,-46.65663831349181,sao paulo,sp
04005,-23.57847686343709,-46.65280483694955,sao paulo,sp
04002,-23.57316261948181,-46.651245275607344,sao paulo,sp
04066,-23.61037819539498,-46.64713222883606,sao paulo,sp
04017,-23.58877701165676,-46.6391512610364,sao paulo,sp
04026,-23.597585999999996,-46.64790450000001,sao paulo,sp
04006,-23.57617769248079,-46.64666288773154,sao paulo,sp
04047,-23.610017043568615,-46.64364505842802,sao paulo,sp
04079,-23.611696198164942,-46.654233495700815,sao paulo,sp
04037,-23.595390167638055,-46.63789148167815,sao paulo,sp
04016,-23.588295611431725,-46.64411187468982,sao paulo,sp
04042,-23.602707503462444,-46.64264399999999,sao paulo,sp
04043,-23.604080521784304,-46.62919277699231,sao paulo,sp
04080,-23.61037919040332,-46.66001922245941,sao paulo,sp
04018,-23.58844697668647,-46.6399644096601,sao paulo,sp
04012,-23.5818119866698,-46.64479190896761,sao paulo,sp
04041,-23.60143752899768,-46.644092916180966,sao paulo,sp
04068,-23.619421078827376,-46.64733439355993,sao paulo,sp
04001,-23.57230126005544,-46.65200020136758,sao paulo,sp
04090,-23.609703174851425,-46.66192238204739,sao paulo,sp
04077,-23.607731734116182,-46.65547065070119,sao paulo,sp
04015,-23.58705433389114,-46.64555835443469,sao paulo,sp
04081,-23.607805934502824,-46.66456328559066,sao paulo,sp
04055,-23.617107882165563,-46.64166179368504,sao paulo,sp
04022,-23.593023,-46.646572500000005,sao paulo,sp
04011,-23.577403986409998,-46.64165653052687,sao paulo,sp
04014,-23.58446916949636,-46.643129120263694,sao paulo,sp
04088,-23.60326607992389,-46.65882169276926,sao paulo,sp
04007,-23.57828270774424,-46.65102362378097,sao paulo,sp
04020,-23.591966039961942,-46.63789362337693,sao paulo,sp
04045,-23.61763890592578,-46.6389807441141,sao paulo,sp
04023,-23.59260141454472,-46.64220514451519,sao paulo,sp
04010,-23.58335776464306,-46.637907987794975,sao paulo,sp
04084,-23.61744914654625,-46.65815128795659,sao paulo,sp
04040,-23.59936558006812,-46.64609756924807,sao paulo,sp
04065,-23.61588231817245,-46.644293445767445,sao paulo,sp
04038,-23.596467422211877,-46.64910582015532,sao paulo,sp
04030,-23.59211134860633,-46.655153932136905,sao paulo,sp
04060,-23.6204727171793,-46.64490261281669,sao paulo,sp
04009,-23.587042499999995,-46.63573874999999,sao paulo,sp
04021,-23.59323136164807,-46.6413766239252,sao paulo,sp
04070,-23.6272218373536,-46.64420262906111,sao paulo,sp
04071,-23.62102309109541,-46.65453202578458,sao paulo,sp
04048,-23.80422978783696,-46.63202099851917,sao paulo,sp
04029,-23.594787920912832,-46.65388631138568,sao paulo,sp
04044,-23.598747000000003,-46.638423952824674,sao paulo,sp
04003,-23.572538936724527,-46.64620103274857,sao paulo,sp
04078,-23.604992791274807,-46.65977531750252,sao paulo,sp
04013,-23.57563370053088,-46.64381062559864,sao paulo,sp
04051,-23.609275971572803,-46.6444832643677,sao paulo,sp
04082,-23.61043461642338,-46.66333664556529,sao paulo,sp
04089,-23.608814825148578,-46.66250916902303,sao paulo,sp
04054,-23.615894933666112,-46.63983101249348,sao paulo,sp
04052,-23.610706900080807,-46.63994543519532,sao paulo,sp
04028,-23.60391858351113,-46.66274300991638,sao paulo,sp
04039,-23.59781341993187,-46.65027211809684,sao paulo,sp
04067,-23.61359111157595,-46.65310241909515,sao paulo,sp
04059,-23.61389914432453,-46.64590258673323,sao paulo,sp
04072,-23.624233584857333,-46.65350340533116,sao paulo,sp
04085,-23.613481970021372,-46.66475407715394,sao paulo,sp
04094,-23.58848999999998,-46.65275999999994,sao paulo,sp
04083,-23.611144809596667,-46.66417225200534,sao paulo,sp
04024,-23.603000395781635,-46.64456275965141,sao paulo,sp
04053,-23.614284855675464,-46.64251185498296,sao paulo,sp
04087,-23.609026190856948,-46.65965657991232,sao paulo,sp
04008,-23.581106936724524,-46.65149797183904,sao paulo,sp
04058,-23.611243044405345,-46.64579071565007,sao paulo,sp
04050,-23.60838049930751,-46.64193829600668,sao paulo,sp
04027,-23.60016316457964,-46.652489716631024,sao paulo,sp
04063,-23.606204731606017,-46.65334262334829,sao paulo,sp
04046,-23.605518845403672,-46.63714126923068,sao paulo,sp
04035,-23.594486576785865,-46.63659551368476,sao paulo,sp
04062,-23.625311301142563,-46.64544786554321,sao paulo,sp
04057,-23.607917696635734,-46.64731811780836,sao paulo,sp
04049,-23.60767202415024,-46.638854177765616,sao paulo,sp
04031,-23.59551830474924,-46.66219423175025,sao paulo,sp
04032,-23.594784506520185,-46.6578160694054,sao paulo,sp
04074,-23.61215218979895,-46.65700878088111,sao paulo,sp
04069,-23.624608285042395,-46.64145429739165,sao paulo,sp
04075,-23.602705281435725,-46.65748758756995,sao paulo,sp
04036,-23.59998,-46.636690975041695,sao paulo,sp
04097,-23.581228674966987,-46.65839819204812,sao paulo,sp
04112,-23.58742684347044,-46.62893070898499,sao paulo,sp
04141,-23.61041811434591,-46.63263307660568,sao paulo,sp
04145,-23.61565055037796,-46.63205088481735,sao paulo,sp
04162,-23.62662913572619,-46.60440844823705,sao paulo,sp
04124,-23.598503308355927,-46.62130618942238,sao paulo,sp
04121,-23.59663593949449,-46.62585139355994,sao paulo,sp
04143,-23.61620895920133,-46.63529647960067,sao paulo,sp
04187,-23.64932530252754,-46.59615174424373,sao paulo,sp
04140,-23.60590732760994,-46.62908109623806,sao paulo,sp
04120,-23.59557633902354,-46.63289266715606,sao paulo,sp
04138,-23.613680514570945,-46.63358099999999,sao paulo,sp
04119,-23.600995072162263,-46.63496187621901,sao paulo,sp
04104,-23.57603849928644,-46.638694817777726,sao paulo,sp
04122,-23.603187216486816,-46.62096322009347,sao paulo,sp
04166,-23.643488210658436,-46.605521299613336,sao paulo,sp
04190,-23.65162088926077,-46.60351488689484,sao paulo,sp
04111,-23.58762728449414,-46.6319937202377,sao paulo,sp
04142,-23.611654194010004,-46.63258761587511,sao paulo,sp
04154,-23.62533942270183,-46.62021748765076,sao paulo,sp
04109,-23.57525436105025,-46.6323139083399,sao paulo,sp
04116,-23.590958301142567,-46.629899428674456,sao paulo,sp
04149,-23.61716987759881,-46.62448145975736,sao paulo,sp
04159,-23.62210027061567,-46.60723953497029,sao paulo,sp
04137,-23.61208173105776,-46.62318025867047,sao paulo,sp
04155,-23.63298562975359,-46.62612026686477,sao paulo,sp
04195,-23.657250175378767,-46.61075944811122,sao paulo,sp
04148,-23.61452445100701,-46.62512521204341,sao paulo,sp
04135,-23.61074277407813,-46.63021380544173,sao paulo,sp
04152,-23.625931033585296,-46.62189808312655,sao paulo,sp
04127,-23.6015555656414,-46.63235157799065,sao paulo,sp
04128,-23.602765475237977,-46.63530842279597,sao paulo,sp
04134,-23.60757354815625,-46.62252191756594,sao paulo,sp
04130,-23.60520201165676,-46.61844120275258,sao paulo,sp
04177,-23.643423,-46.60827299999998,sao paulo,sp
04176,-23.63461395920133,-46.60225462975359,sao paulo,sp
04110,-23.58407099639332,-46.63494745989382,sao paulo,sp
04146,-23.61760297032846,-46.63111179293622,sao paulo,sp
04194,-23.65447316625308,-46.61013118013155,sao paulo,sp
04132,-23.62367275889204,-46.62003150183028,sao paulo,sp
04150,-23.620203010271773,-46.62348766250216,sao paulo,sp
04129,-23.60033913044608,-46.62326008465575,sao paulo,sp
04101,-23.592690175182163,-46.62106099443002,sao paulo,sp
04144,-23.617820807663428,-46.63791917277396,sao paulo,sp
04115,-23.589946477927217,-46.62867111226845,sao paulo,sp
04163,-23.629371485429047,-46.61054840743839,sao paulo,sp
04131,-23.605673521784304,-46.618990239800326,sao paulo,sp
04157,-23.631629752149585,-46.61843753635527,sao paulo,sp
04126,-23.598339276155592,-46.62608917568815,sao paulo,sp
04164,-23.62343730030584,-46.6087736575105,sao paulo,sp
04114,-23.585789514570948,-46.62552217055224,sao paulo,sp
04153,-23.62666515613704,-46.6226810245802,sao paulo,sp
04182,-23.64206444771412,-46.60116086192853,sao paulo,sp
04113,-23.58453047821569,-46.62637174854291,sao paulo,sp
04125,-23.600412303912524,-46.62054169692418,sao paulo,sp
04165,-23.62526339938832,-46.606894439350256,sao paulo,sp
04191,-23.646070791563275,-46.60543287621901,sao paulo,sp
04106,-23.58020448542905,-46.62978341909516,sao paulo,sp
04136,-23.61194652826554,-46.62902036087666,sao paulo,sp
04102,-23.59272363197529,-46.6315844403312,sao paulo,sp
04161,-23.62636036164807,-46.61157854079866,sao paulo,sp
04186,-23.65281620260835,-46.59941026824976,sao paulo,sp
04181,-23.63854843991764,-46.6023201830101,sao paulo,sp
04156,-23.63029446211553,-46.62350029239998,sao paulo,sp
04185,-23.644417694414035,-46.586859987794966,sao paulo,sp
04108,-23.577862107132542,-46.62796281502101,sao paulo,sp
04123,-23.62329475185692,-46.62806929174686,sao paulo,sp
04117,-23.58902002192854,-46.62638589800334,sao paulo,sp
04171,-23.632235999999992,-46.61515349999999,sao paulo,sp
04107,-23.57951810713256,-46.63467650652087,sao paulo,sp
04160,-23.62358155176294,-46.61056007369148,sao paulo,sp
04105,-23.5744288642738,-46.63225518665242,sao paulo,sp
04170,-23.637370499999992,-46.61175149999999,sao paulo,sp
04193,-23.647920569248072,-46.60845362378099,sao paulo,sp
04173,-23.63750225728548,-46.610229425760245,sao paulo,sp
04167,-23.63536245767212,-46.61871472315191,sao paulo,sp
04133,-23.63058688480546,-46.61784924409308,sao paulo,sp
04118,-23.594892328051355,-46.629226761089406,sao paulo,sp
04147,-23.621227962547767,-46.63148709332147,sao paulo,sp
04184,-23.64822256966949,-46.59868551038766,sao paulo,sp
04139,-23.606540576235204,-46.63285434597564,sao paulo,sp
04180,-23.63697817262972,-46.597344244243736,sao paulo,sp
04158,-23.624428191795573,-46.61599613497982,sao paulo,sp
04103,-23.574374151537903,-46.6341758798257,sao paulo,sp
04174,-23.634575496537547,-46.60830436372555,sao paulo,sp
04169,-23.657936084499852,-46.61598152483371,sao paulo,sp
04183,-23.641768213901397,-46.59622988491383,sao paulo,sp
04151,-23.620189610046737,-46.62541139884006,sao paulo,sp
04168,-23.635596300305835,-46.61817666694557,sao paulo,sp
04213,-23.59312204848402,-46.60717255913425,sao paulo,sp
04251,-23.626718469902592,-46.59748992134098,sao paulo,sp
04250,-23.61959447821568,-46.60003319608748,sao paulo,sp
04205,-23.58045999999996,-46.60592999999994,sao paulo,sp
04225,-23.602447801835048,-46.58881997155058,sao paulo,sp
04260,-23.58055136747645,-46.6131081747072,sao paulo,sp
04256,-23.631438405216706,-46.58678453580699,sao paulo,sp
04247,-23.61364433686972,-46.60079079905067,sao paulo,sp
04235,-23.60408638856827,-46.59498256702636,sao paulo,sp
04214,-23.600984128238466,-46.5988197674596,sao paulo,sp
04210,-23.584672440406667,-46.60636919627839,sao paulo,sp
04244,-23.62637238995326,-46.591222599226704,sao paulo,sp
04218,-23.601632571762444,-46.59544968739942,sao paulo,sp
04201,-23.57472455453289,-46.605902285734885,sao paulo,sp
04243,-23.626269,-46.586534475523,sao paulo,sp
04240,-23.62066479739165,-46.58868171288014,sao paulo,sp
04252,-23.61671255152997,-46.59785020895278,sao paulo,sp
04220,-23.599631793573582,-46.58544669624671,sao paulo,sp
04272,-23.60913161896049,-46.61258745259877,sao paulo,sp
04297,-23.631396027053583,-46.604518383488205,sao paulo,sp
04277,-23.60027941993187,-46.6110201530671,sao paulo,sp
04273,-23.612052666446743,-46.60783466642034,sao paulo,sp
04222,-23.60221982653356,-46.58613386955392,sao paulo,sp
04253,-23.61306930030584,-46.59723009922672,sao paulo,sp
04286,-23.60623667692889,-46.6001103193202,sao paulo,sp
04249,-23.617171445467097,-46.601212112268456,sao paulo,sp
04284,-23.61003500083672,-46.60072566694558,sao paulo,sp
04209,-23.581842935887803,-46.60117984194124,sao paulo,sp
04293,-23.621298213976644,-46.61707660851753,sao paulo,sp
04269,-23.594828563419696,-46.6123102076,sao paulo,sp
04207,-23.58358015598129,-46.60324359824576,sao paulo,sp
04288,-23.61010867721736,-46.612242581049074,sao paulo,sp
04257,-23.634156425760256,-46.59401333250615,sao paulo,sp
04202,-23.576816598389986,-46.604264537192,sao paulo,sp
04276,-23.60408998251485,-46.61372320760002,sao paulo,sp
04221,-23.592723537884467,-46.59516978518662,sao paulo,sp
04262,-23.59335710897371,-46.61018792864787,sao paulo,sp
04204,-23.58226254868028,-46.605851426988906,sao paulo,sp
04241,-23.62195652241918,-46.58950055582255,sao paulo,sp
04217,-23.59925439439666,-46.60260031779097,sao paulo,sp
04206,-23.572466571680312,-46.60558007013957,sao paulo,sp
04231,-23.60505298873862,-46.59670298229676,sao paulo,sp
04278,-23.60210458728148,-46.60860664946042,sao paulo,sp
04264,-23.58577655453289,-46.612342288649074,sao paulo,sp
04285,-23.61096525950718,-46.60248109686078,sao paulo,sp
04258,-23.63658677185643,-46.59041051970684,sao paulo,sp
04279,-23.599506583126537,-46.60601568665242,sao paulo,sp
04281,-23.604464158203,-46.60905772370018,sao paulo,sp
04211,-23.59634089869583,-46.60747216763807,sao paulo,sp
04274,-23.58889707077729,-46.6146698052975,sao paulo,sp
04261,-23.58143270774424,-46.61172042423104,sao paulo,sp
04292,-23.613612795225983,-46.60935398457288,sao paulo,sp
04294,-23.624217,-46.60440246003806,sao paulo,sp
04275,-23.593755572854764,-46.61713462101102,sao paulo,sp
04236,-23.609343615297128,-46.59109952274666,sao paulo,sp
04203,-23.585060545934557,-46.60763074132955,sao paulo,sp
04255,-23.623587681372296,-46.59150604163539,sao paulo,sp
04296,-23.621852242022022,-46.6036482835132,sao paulo,sp
04216,-23.59726551843778,-46.6055721090656,sao paulo,sp
04267,-23.59951815015292,-46.61072417485142,sao paulo,sp
04230,-23.601843679000368,-46.60023440606268,sao paulo,sp
04291,-23.618294465722204,-46.61294062614692,sao paulo,sp
04295,-23.620747830140235,-46.60523626519132,sao paulo,sp
04282,-23.608841469328887,-46.60984215375959,sao paulo,sp
04270,-23.591084982514857,-46.61326277699232,sao paulo,sp
04223,-23.599789491257425,-46.58963423036527,sao paulo,sp
04268,-23.594963898695823,-46.60881370760002,sao paulo,sp
04208,-23.584614569248075,-46.60193214931619,sao paulo,sp
04265,-23.58667354731954,-46.61242320483004,sao paulo,sp
04242,-23.62481807216227,-46.58697140896759,sao paulo,sp
04263,-23.580621323560838,-46.61062138493976,sao paulo,sp
04289,-23.60793524508045,-46.61558765820299,sao paulo,sp
04248,-23.61411790980433,-46.60034800222169,sao paulo,sp
04280,-23.60588039578164,-46.60668947668648,sao paulo,sp
04271,-23.588342026102605,-46.61354545697578,sao paulo,sp
04215,-23.59573427739748,-46.59839507900305,sao paulo,sp
04290,-23.61415229669916,-46.6165639432454,sao paulo,sp
04283,-23.613269060505505,-46.60529227116393,sao paulo,sp
04232,-23.61569489862282,-46.593471248635474,sao paulo,sp
04246,-23.614268857060445,-46.601038958104816,sao paulo,sp
04212,-23.59049263835193,-46.60450370774424,sao paulo,sp
04224,-23.59860984952966,-46.59578760634466,sao paulo,sp
04298,-23.625272430203665,-46.60048140507247,sao paulo,sp
04254,-23.62050895826848,-46.59230586903481,sao paulo,sp
04266,-23.591694394396647,-46.6082394045242,sao paulo,sp
04233,-23.600756048337143,-46.59648386349559,sao paulo,sp
04287,-23.60888783097696,-46.60621241964343,sao paulo,sp
04229,-23.606296575076456,-46.59298349278662,sao paulo,sp
04239,-23.623294216167057,-46.583018818046384,sao paulo,sp
04377,-23.651840494669568,-46.649893103754685,sao paulo,sp
04369,-23.65418889592587,-46.6622343223786,sao paulo,sp
04372,-23.65022849792253,-46.65698846557798,sao paulo,sp
04324,-23.653652752149583,-46.63635748917997,sao paulo,sp
04344,-23.63637884984708,-46.64459995420968,sao paulo,sp
04311,-23.636429014715176,-46.640920992642414,sao paulo,sp
04328,-23.664438953372947,-46.63522005828381,sao paulo,sp
04346,-23.64036523446758,-46.65212213182845,sao paulo,sp
04350,-23.64320290313922,-46.653854804056735,sao paulo,sp
04348,-23.646014863725537,-46.65027191909516,sao paulo,sp
04307,-23.627894217323533,-46.642414903687474,sao paulo,sp
04356,-23.636097733279467,-46.65986731779097,sao paulo,sp
04379,-23.655811431588635,-46.658434242858746,sao paulo,sp
04370,-23.65078411962603,-46.661168220930215,sao paulo,sp
04363,-23.64684593421437,-46.6660547231519,sao paulo,sp
04366,-23.68354915724768,-46.63434401577974,sao paulo,sp
04306,-23.62977799362336,-46.64021694393789,sao paulo,sp
04302,-23.621426340267785,-46.637372330976966,sao paulo,sp
04337,-23.66421977906979,-46.64701046142303,sao paulo,sp
04305,-23.6270649708581,-46.63218002262104,sao paulo,sp
04332,-23.660634268942232,-46.64918209631252,sao paulo,sp
04362,-23.64645316564389,-46.66995830987091,sao paulo,sp
04343,-23.63633439439665,-46.64885115015292,sao paulo,sp
04364,-23.651760091032397,-46.67056245669116,sao paulo,sp
04340,-23.668246676380637,-46.64370220191586,sao paulo,sp
04358,-23.639173438253746,-46.655073366639726,sao paulo,sp
04321,-23.64518277768481,-46.64275852192855,sao paulo,sp
04323,-23.652963911189307,-46.6406214672514,sao paulo,sp
04327,-23.663137913959265,-46.63263933166945,sao paulo,sp
04317,-23.63874234192172,-46.63180247157553,sao paulo,sp
04360,-23.643335839027035,-46.66315536095557,sao paulo,sp
04361,-23.6442788484621,-46.66304850360666,sao paulo,sp
04304,-23.62610138412488,-46.63196215751051,sao paulo,sp
04331,-23.65410704801203,-46.65027344379366,sao paulo,sp
04342,-23.63602166887882,-46.65068692951116,sao paulo,sp
04357,-23.636242246465432,-46.65387207077728,sao paulo,sp
04326,-23.65500276242136,-46.63588981932019,sao paulo,sp
04339,-23.669511631975293,-46.64047308243405,sao paulo,sp
04359,-23.640808668692408,-46.65513298716066,sao paulo,sp
04313,-23.6358037821282,-46.63803244364944,sao paulo,sp
04387,-23.66556687621902,-46.65126193505109,sao paulo,sp
04367,-23.65250284762537,-46.66809535567546,sao paulo,sp
04347,-23.64502698084141,-46.646226916873445,sao paulo,sp
04303,-23.625507339511103,-46.637947371362,sao paulo,sp
04310,-23.631559910352596,-46.6425834888915,sao paulo,sp
04383,-23.659069285042403,-46.6611704469963,sao paulo,sp
04330,-23.65210902582368,-46.6472733835766,sao paulo,sp
04325,-23.661825810522608,-46.637741067099256,sao paulo,sp
04374,-23.65075406105376,-46.65502005773554,sao paulo,sp
04349,-23.64750993282939,-46.64190548626578,sao paulo,sp
04365,-23.666436408909707,-46.65554725086943,sao paulo,sp
04334,-23.66000771579432,-46.63944241479597,sao paulo,sp
04309,-23.65199369357731,-46.63747372632592,sao paulo,sp
04301,-23.52928080757863,-46.71705179788879,sao paulo,sp
04385,-23.664396992498176,-46.65869810921002,sao paulo,sp
04384,-23.661498645853747,-46.66027650305843,sao paulo,sp
04382,-23.65393359616828,-46.66380577629982,sao paulo,sp
04355,-23.632471531986614,-46.65856911111121,sao paulo,sp
04368,-23.652185207051755,-46.6654909926424,sao paulo,sp
04316,-23.638529096024048,-46.6345041021409,sao paulo,sp
04376,-23.65119089064574,-46.65814352983438,sao paulo,sp
04312,-23.63072808604073,-46.62775400291417,sao paulo,sp
04320,-23.647989767508744,-46.63798076091446,sao paulo,sp
04319,-23.64742980183505,-46.63695438634658,sao paulo,sp
04381,-23.65339541854689,-46.66870379254422,sao paulo,sp
04373,-23.655508134889484,-46.66022397016561,sao paulo,sp
04386,-23.661877777684808,-46.65707556272721,sao paulo,sp
04378,-23.646246311207523,-46.66349868836885,sao paulo,sp
04314,-23.635090655288817,-46.63635372924009,sao paulo,sp
04371,-23.64703574049283,-46.65745737108312,sao paulo,sp
04345,-23.636804354694515,-46.64240121440933,sao paulo,sp
04318,-23.645673367188,-46.634605659992,sao paulo,sp
04351,-23.643625347769603,-46.65612238496159,sao paulo,sp
04375,-23.65625740882337,-46.65840058465576,sao paulo,sp
04336,-23.66818375378558,-46.64595940053346,sao paulo,sp
04335,-23.65970422009349,-46.64247430974089,sao paulo,sp
04338,-23.668853228143576,-46.6487743097409,sao paulo,sp
04315,-23.63708703191186,-46.629297581597314,sao paulo,sp
04308,-23.65122827692988,-46.639731778343,sao paulo,sp
04333,-23.660085006057287,-46.64421113329966,sao paulo,sp
04458,-23.691255150152926,-46.67608763849617,sao paulo,sp
04470,-23.711670838190315,-46.65178128365743,sao paulo,sp
04410,-23.67803834110451,-46.648862088262426,sao paulo,sp
04474,-23.53092205635057,-46.555643089243375,sao paulo,sp
04438,-23.67774108964741,-46.66864662392521,sao paulo,sp
04429,-23.67752431607565,-46.66413883147605,sao paulo,sp
04424,-23.68729227976227,-46.6417415487045,sao paulo,sp
04414,-23.48968389953254,-46.65178837122736,sao paulo,sp
04473,-23.70346053289281,-46.64984527324141,sao paulo,sp
04476,-23.713052505361883,-46.61991569705063,sao paulo,sp
04434,-23.684751650008693,-46.66874074701369,sao paulo,sp
04405,-23.67363493259273,-46.65599164613879,sao paulo,sp
04412,-23.676946770733164,-46.6463250230632,sao paulo,sp
04403,-23.667843855675457,-46.66038973120199,sao paulo,sp
04401,-23.670706610046736,-46.66108764570951,sao paulo,sp
04468,-23.692570009435062,-46.6654156866524,sao paulo,sp
04469,-23.69324449624909,-46.66778111518264,sao paulo,sp
04411,-23.67738138328816,-46.64597535706043,sao paulo,sp
04431,-23.688796442408677,-46.65406289884005,sao paulo,sp
04409,-23.67556158090484,-46.65364099417161,sao paulo,sp
04447,-23.69230323619365,-46.67778116374293,sao paulo,sp
04425,-23.68451138108668,-46.64370289993739,sao paulo,sp
04428,-23.684752708292493,-46.648860805297495,sao paulo,sp
04456,-23.68326401970684,-46.67979979808413,sao paulo,sp
04459,-23.6924084701656,-46.671153076605655,sao paulo,sp
04421,-23.6928580013246,-46.63964126947597,sao paulo,sp
04415,-23.674588376074794,-46.63830149999998,sao paulo,sp
04430,-23.690164844050702,-46.64635447931283,sao paulo,sp
04475,-23.70402762753189,-46.634320833198665,sao paulo,sp
04444,-23.688011001933244,-46.68861021758333,sao paulo,sp
04463,-23.69449836663973,-46.66092408964741,sao paulo,sp
04407,-23.67222968995874,-46.65087270733935,sao paulo,sp
04427,-23.681528172081464,-46.65219770413756,sao paulo,sp
04437,-23.669650204830045,-46.6772005582838,sao paulo,sp
04462,-23.69494349431585,-46.6662617134284,sao paulo,sp
04455,-23.678985771856432,-46.678985470858095,sao paulo,sp
04416,-23.675481599064906,-46.63836818219174,sao paulo,sp
04467,-23.693463942552917,-46.645365939494496,sao paulo,sp
04460,-23.69060277047145,-46.675096375526536,sao paulo,sp
04432,-23.682131350539567,-46.66504797530148,sao paulo,sp
04445,-23.68080098473656,-46.6840241297536,sao paulo,sp
04433,-23.687268645283744,-46.65942641180989,sao paulo,sp
04402,-23.666837080690684,-46.66437239509124,sao paulo,sp
04472,-23.697390601536316,-46.63974342468658,sao paulo,sp
04446,-23.68641917757002,-46.68575727212409,sao paulo,sp
04404,-23.67190770690751,-46.65873931626178,sao paulo,sp
04466,-23.688463578683145,-46.66371926533554,sao paulo,sp
04457,-23.68990576824974,-46.673522004443406,sao paulo,sp
04426,-23.68496570160418,-46.645837491301336,sao paulo,sp
04436,-23.670625452680465,-46.67301411226845,sao paulo,sp
04417,-23.680475099082475,-46.63292855759133,sao paulo,sp
04461,-23.69289565500035,-46.68021046531817,sao paulo,sp
04406,-23.66904722592188,-46.65549803220033,sao paulo,sp
04408,-23.675073590339892,-46.64998408673321,sao paulo,sp
04423,-23.68657085667157,-46.6336156466274,sao paulo,sp
04413,-23.670929061172227,-46.635008537473325,sao paulo,sp
04419,-23.68189400805008,-46.64407442922272,sao paulo,sp
04464,-23.699139501110743,-46.65764343444248,sao paulo,sp
04477,-23.713889060052992,-46.637226077648734,sao paulo,sp
04439,-23.67767491479598,-46.66746403566277,sao paulo,sp
04479,-23.660234310548965,-46.720390214236446,sao paulo,sp
04448,-23.750898087249457,-46.70457604995271,sao paulo,sp
04547,-23.593508999999997,-46.69160489873891,sao paulo,sp
04550,-23.60400209853421,-46.67823278143572,sao paulo,sp
04523,-23.604979934502826,-46.66715978559067,sao paulo,sp
04524,-23.599634741329545,-46.6603591434878,sao paulo,sp
04548,-23.59899552233257,-46.68358067332223,sao paulo,sp
04560,-23.61240957646144,-46.67890618942239,sao paulo,sp
04571,-23.61202394892955,-46.695471966703145,sao paulo,sp
04549,-23.603873972791327,-46.67714782015692,sao paulo,sp
04533,-23.583507359974625,-46.67732112031853,sao paulo,sp
04532,-23.585906064112184,-46.67517513973692,sao paulo,sp
04552,-23.5944875783294,-46.679788357589,sao paulo,sp
04502,-23.583499009435062,-46.663710154192295,sao paulo,sp
04522,-23.598060223151908,-46.664309671388985,sao paulo,sp
04516,-23.60663166028048,-46.66806552178432,sao paulo,sp
04578,-23.606158440567068,-46.69703876815752,sao paulo,sp
04515,-23.60263367081205,-46.66618597403208,sao paulo,sp
04565,-23.616873842549825,-46.6817889093505,sao paulo,sp
04563,-23.607743741329536,-46.68867314348783,sao paulo,sp
04543,-23.59120154177962,-46.68781889731084,sao paulo,sp
04503,-23.583828111575947,-46.6649768186277,sao paulo,sp
04505,-23.588520600611684,-46.67186251595593,sao paulo,sp
04542,-23.588898319435764,-46.68312877061568,sao paulo,sp
04538,-23.58702735607949,-46.68053994546709,sao paulo,sp
04559,-23.614087956142907,-46.68093259784173,sao paulo,sp
04531,-23.58048969830917,-46.67331443366609,sao paulo,sp
04562,-23.61199319761669,-46.682858755208,sao paulo,sp
04520,-23.604641391626693,-46.67157071328416,sao paulo,sp
04581,-23.616370320012688,-46.69134691840267,sao paulo,sp
04511,-23.59554127061568,-46.66841659991919,sao paulo,sp
04575,-23.608243330832728,-46.692837654048056,sao paulo,sp
04551,-23.595555603670107,-46.69055380930821,sao paulo,sp
04514,-23.601581643083783,-46.67165999027648,sao paulo,sp
04545,-23.595156305009034,-46.67617027782903,sao paulo,sp
04544,-23.591593089647404,-46.67692509977497,sao paulo,sp
04537,-23.594499367187996,-46.67772056203472,sao paulo,sp
04521,-23.877859500000003,-46.659051000000005,sao paulo,sp
04517,-23.60822704830049,-46.66963949945175,sao paulo,sp
04569,-23.6022825745282,-46.69322772967279,sao paulo,sp
04504,-23.582967024698497,-46.66669891020835,sao paulo,sp
04546,-23.597850331669445,-46.68127270191584,sao paulo,sp
04530,-23.57962431611753,-46.67398981057763,sao paulo,sp
04506,-23.58639186511052,-46.6713078573489,sao paulo,sp
04564,-23.61581786398534,-46.68133624811021,sao paulo,sp
04509,-23.590774173466443,-46.67100192576026,sao paulo,sp
04535,-23.59203737050621,-46.67440899653754,sao paulo,sp
04510,-23.594043310577625,-46.67182462975359,sao paulo,sp
04508,-23.591391568699816,-46.66656196586642,sao paulo,sp
04558,-23.600486945034405,-46.6846314923826,sao paulo,sp
04536,-23.581393631058717,-46.681081131915015,sao paulo,sp
04513,-23.59748655063776,-46.66648896572221,sao paulo,sp
04561,-23.6119461648681,-46.68121078074323,sao paulo,sp
04556,-23.611487777407536,-46.67771426763211,sao paulo,sp
04568,-23.61370796448146,-46.69078058327078,sao paulo,sp
04566,-23.609307792399992,-46.6818891762364,sao paulo,sp
04576,-23.611643043137203,-46.69323847711993,sao paulo,sp
04512,-23.600178650008687,-46.669657383720846,sao paulo,sp
04583,-23.61535653704776,-46.69669030296022,sao paulo,sp
04534,-23.58454739993657,-46.67456147821567,sao paulo,sp
04580,-23.617403433262083,-46.6878771453055,sao paulo,sp
04557,-23.60475533250616,-46.68184855482134,sao paulo,sp
04555,-23.61164051300845,-46.67751953862745,sao paulo,sp
04567,-23.61424927422236,-46.68844105482136,sao paulo,sp
04518,-23.606039441023704,-46.67795145045875,sao paulo,sp
04501,-23.5853920999192,-46.663744360234425,sao paulo,sp
04570,-23.599929876219026,-46.6879697345202,sao paulo,sp
04507,-23.587019130446084,-46.66715758465576,sao paulo,sp
04582,-23.621841325004347,-46.6870369664147,sao paulo,sp
04553,-23.608297487102483,-46.67740874660965,sao paulo,sp
04657,-23.667041652697392,-46.67496025552495,sao paulo,sp
04651,-23.659303243407013,-46.670443433666094,sao paulo,sp
04632,-23.631274287567287,-46.66813874819448,sao paulo,sp
04607,-23.619064602940195,-46.672288608270925,sao paulo,sp
04661,-23.686150211592487,-46.69345841828658,sao paulo,sp
04671,-23.656277912574293,-46.69147445905709,sao paulo,sp
04622,-23.624792005533827,-46.685088074590766,sao paulo,sp
04606,-23.62211657369148,-46.67654883374693,sao paulo,sp
04620,-23.62366539078997,-46.68190900375091,sao paulo,sp
04625,-23.62808887593056,-46.66473974409951,sao paulo,sp
04633,-23.635009298920856,-46.66522366916728,sao paulo,sp
04672,-23.661151396618354,-46.70055719816495,sao paulo,sp
04679,-23.67501017124474,-46.679538766172286,sao paulo,sp
04601,-23.61553127699231,-46.67808225437128,sao paulo,sp
04662,-23.654302322522845,-46.69065605661037,sao paulo,sp
04693,-23.680178204541587,-46.69191023495291,sao paulo,sp
04675,-23.66642540233641,-46.69445002223827,sao paulo,sp
04617,-23.627568018033404,-46.66308094157195,sao paulo,sp
04646,-23.64228004218365,-46.67644720399333,sao paulo,sp
04618,-23.619501000000003,-46.67681249999998,sao paulo,sp
04624,-23.63003990536092,-46.67095325881467,sao paulo,sp
04626,-23.64540528049048,-46.6735437853221,sao paulo,sp
04686,-23.66428185651218,-46.69108104039464,sao paulo,sp
04602,-23.615941683045737,-46.67538005966879,sao paulo,sp
04689,-23.67181032001268,-46.69295810713254,sao paulo,sp
04615,-23.620032660280465,-46.67092443075191,sao paulo,sp
04673,-23.66447124424373,-46.69672224424374,sao paulo,sp
04653,-23.66229594754457,-46.67442152262103,sao paulo,sp
04634,-23.639183119626036,-46.665798720930205,sao paulo,sp
04696,-23.66897161033521,-46.70251155358061,sao paulo,sp
04611,-23.62978660644006,-46.67613296863638,sao paulo,sp
04605,-23.61974408381903,-46.67587258673322,sao paulo,sp
04608,-23.624881025203365,-46.67540980472951,sao paulo,sp
04612,-23.619341609395654,-46.66361063396486,sao paulo,sp
04623,-23.639808352761264,-46.67596743228113,sao paulo,sp
04650,-23.65984516152121,-46.677882320849406,sao paulo,sp
04674,-23.664255516792647,-46.68857909339831,sao paulo,sp
04652,-23.6610228506838,-46.66426972730685,sao paulo,sp
04658,-23.666923378943824,-46.67197187894382,sao paulo,sp
04638,-23.63244040161001,-46.68337445337295,sao paulo,sp
04621,-23.623332097697496,-46.68454356272721,sao paulo,sp
04610,-23.627781869553925,-46.67344818151653,sao paulo,sp
04660,-23.67605454870451,-46.679325825292814,sao paulo,sp
04642,-23.64058531779098,-46.68738529447745,sao paulo,sp
04649,-23.56288570009682,-46.5555074859666,sao paulo,sp
04609,-23.62803380682671,-46.67748135498297,sao paulo,sp
04678,-23.665532196779964,-46.67940095905711,sao paulo,sp
04630,-23.63467626755726,-46.66307784026777,sao paulo,sp
04655,-23.662619893941677,-46.67229103483356,sao paulo,sp
04676,-23.667425878313043,-46.68567454056232,sao paulo,sp
04647,-23.643822824311854,-46.67486646211552,sao paulo,sp
04619,-23.627638728836065,-46.67274389217496,sao paulo,sp
04677,-23.665780780743223,-46.6821276135092,sao paulo,sp
04663,-23.652243364533746,-46.68561354481064,sao paulo,sp
04691,-23.67509989869582,-46.69232671357261,sao paulo,sp
04635,-23.64090150541207,-46.67021054334753,sao paulo,sp
04613,-23.621229639188645,-46.66566413488948,sao paulo,sp
04603,-23.63835264234323,-46.695134636176775,sao paulo,sp
04654,-23.660524927837727,-46.67559412101102,sao paulo,sp
04641,-23.637923790178284,-46.68551701333019,sao paulo,sp
04685,-23.67315273834499,-46.68668321804585,sao paulo,sp
04664,-23.657108877604,-46.68292916319465,sao paulo,sp
04648,-23.65322346961835,-46.67500855960668,sao paulo,sp
04614,-23.61673945628715,-46.6733978433262,sao paulo,sp
04627,-23.64810840660168,-46.6758131065843,sao paulo,sp
04631,-23.632892237261945,-46.66113040804333,sao paulo,sp
04616,-23.622274456287144,-46.66992842714524,sao paulo,sp
04637,-23.6274328395753,-46.683821588118185,sao paulo,sp
04640,-23.633508408299885,-46.68258353086217,sao paulo,sp
04604,-23.61872119539499,-46.67624970690751,sao paulo,sp
04645,-23.651919356367944,-46.68110818679663,sao paulo,sp
04644,-23.645618663040302,-46.68728841574373,sao paulo,sp
04688,-23.66686727699232,-46.69227217929483,sao paulo,sp
04643,-23.648170917596605,-46.68519758049092,sao paulo,sp
04636,-23.63545752899768,-46.67820734373024,sao paulo,sp
04639,-23.638319298084145,-46.681948932973626,sao paulo,sp
04690,-23.67374799140165,-46.69440052596791,sao paulo,sp
04692,-23.674461795765527,-46.68681964921501,sao paulo,sp
04764,-23.67351282875526,-46.71412404302038,sao paulo,sp
04709,-23.630494672773946,-46.691768677073135,sao paulo,sp
04751,-23.648882159834155,-46.708054418572566,sao paulo,sp
04711,-23.627917099919195,-46.70291843519532,sao paulo,sp
04719,-23.633015143776277,-46.70610495351717,sao paulo,sp
04754,-23.65383348488079,-46.72035166610886,sao paulo,sp
04794,-23.66336209576426,-46.682048105747576,sao paulo,sp
04707,-23.62635880045008,-46.693214250216336,sao paulo,sp
04741,-23.6548630181104,-46.699752898280366,sao paulo,sp
04784,-23.691415484044064,-46.7126615789716,sao paulo,sp
04763,-23.66900465722205,-46.71802455259966,sao paulo,sp
04704,-23.622478837353597,-46.68981120330083,sao paulo,sp
04776,-23.689300411593344,-46.70065806950787,sao paulo,sp
04737,-23.645758505135884,-46.69631898389984,sao paulo,sp
04752,-23.653995233971955,-46.713496892867454,sao paulo,sp
04734,-23.64666879464098,-46.70170205392939,sao paulo,sp
04730,-23.641715958851808,-46.72018976432155,sao paulo,sp
04727,-23.645072322554213,-46.712876567528674,sao paulo,sp
04773,-23.681542547319527,-46.70780575451552,sao paulo,sp
04703,-23.620071352761272,-46.69346509838999,sao paulo,sp
04747,-23.657594422076475,-46.6989063034577,sao paulo,sp
04708,-23.62880268351412,-46.69123743429186,sao paulo,sp
04716,-23.63539120245054,-46.69683581334274,sao paulo,sp
04787,-23.69800956174625,-46.70836982653356,sao paulo,sp
04714,-23.631758958364607,-46.69967548098564,sao paulo,sp
04766,-23.67397186066712,-46.70915652080336,sao paulo,sp
04743,-23.652577048012027,-46.70547396932887,sao paulo,sp
04755,-23.647535161809685,-46.7145727857349,sao paulo,sp
04750,-23.644289462115523,-46.701457465029705,sao paulo,sp
04718,-23.632233590339897,-46.70564659325408,sao paulo,sp
04781,-23.69081489425242,-46.70642512406944,sao paulo,sp
04742,-23.650419321945925,-46.69840379822837,sao paulo,sp
04726,-23.63580786663679,-46.71209825910773,sao paulo,sp
04757,-23.65087350781812,-46.71841117084985,sao paulo,sp
04745,-23.657862685268714,-46.70405184968499,sao paulo,sp
04705,-23.62112665860704,-46.69541190660167,sao paulo,sp
04756,-23.64666482292688,-46.7203832596514,sao paulo,sp
04724,-23.646005832361936,-46.70615173022103,sao paulo,sp
04767,-23.679431517629368,-46.70596083374691,sao paulo,sp
04728,-23.640077776848084,-46.71505610462239,sao paulo,sp
04715,-23.634371993697386,-46.69705973760974,sao paulo,sp
04717,-23.627971016648427,-46.71095884609617,sao paulo,sp
04739,-23.64445281409649,-46.70007520249481,sao paulo,sp
04788,-23.703081988343243,-46.70994655023373,sao paulo,sp
04775,-23.681597584511525,-46.70296154954124,sao paulo,sp
04774,-23.68589526755725,-46.70593795115124,sao paulo,sp
04713,-23.62628751373424,-46.70726773535694,sao paulo,sp
04738,-23.64061866639731,-46.69656570788847,sao paulo,sp
04771,-23.680608736886143,-46.71141009824576,sao paulo,sp
04735,-23.65023919539498,-46.7026082396561,sao paulo,sp
04702,-23.63570361948181,-46.69536425007211,sao paulo,sp
04729,-23.637621164031383,-46.71906179516995,sao paulo,sp
04753,-23.65677048182236,-46.71340468220902,sao paulo,sp
04785,-23.694359383865077,-46.709580934358605,sao paulo,sp
04795,-23.68181716818632,-46.69358762072255,sao paulo,sp
04746,-23.66072976183469,-46.70779649423597,sao paulo,sp
04710,-23.625255719401,-46.69674106647811,sao paulo,sp
04782,-23.693985995008337,-46.70188324132953,sao paulo,sp
04770,-23.683209600611686,-46.714760984044055,sao paulo,sp
04777,-23.69407314668433,-46.696282121299774,sao paulo,sp
04772,-23.685012,-46.71462147835991,sao paulo,sp
04720,-23.63564553344107,-46.705813333891136,sao paulo,sp
04736,-23.646694798776625,-46.69861348043737,sao paulo,sp
04762,-23.663284848721897,-46.7212299323967,sao paulo,sp
04768,-23.6721764074384,-46.71235296003805,sao paulo,sp
04722,-23.63943727552105,-46.70454713769652,sao paulo,sp
04748,-23.65106945850884,-46.6897012440995,sao paulo,sp
04765,-23.67330384846209,-46.7128189381095,sao paulo,sp
04721,-23.642879059200038,-46.70028344521364,sao paulo,sp
04723,-23.64524193228113,-46.70359922952856,sao paulo,sp
04789,-23.708808000000005,-46.7109020111085,sao paulo,sp
04740,-23.64984651679265,-46.69441979516995,sao paulo,sp
04701,-23.64121685132117,-46.69870963243902,sao paulo,sp
04733,-23.63665699295384,-46.69477973651988,sao paulo,sp
04761,-23.662593167638065,-46.71798316763807,sao paulo,sp
04760,-23.661894701775957,-46.71730168665694,sao paulo,sp
04792,-23.701604908967603,-46.70250075284208,sao paulo,sp
04725,-23.644165212043408,-46.70495115736629,sao paulo,sp
04744,-23.657560763806348,-46.707845720785976,sao paulo,sp
04783,-23.695459617260106,-46.700388356367945,sao paulo,sp
04786,-23.70360860866176,-46.70516338441334,sao paulo,sp
04778,-23.632233590339897,-46.70564659325408,sao paulo,sp
04779,-23.660234310548965,-46.720390214236446,sao paulo,sp
04880,-23.788251,-46.76573024999998,sao paulo,sp
04849,-23.740974,-46.67018849999998,sao paulo,sp
04850,-23.746252526227707,-46.677001782820696,sao paulo,sp
04870,-23.749510231490447,-46.75972518763336,sao paulo,sp
04836,-23.742926224536884,-46.71005994546711,sao paulo,sp
04891,-23.829654677217352,-46.73017408104907,sao paulo,sp
04884,-23.811537666922185,-46.72457953832883,sao paulo,sp
04844,-23.74981810254469,-46.69876375197105,sao paulo,sp
04883,-23.80580887844073,-46.738532839575306,sao paulo,sp
04856,-23.77240945047477,-46.694141540597954,sao paulo,sp
04802,-23.70709797825592,-46.70194689317968,sao paulo,sp
04890,-23.82258715292288,-46.72784827728077,sao paulo,sp
04812,-23.7119191917883,-46.68725184540367,sao paulo,sp
04827,-23.721403285590664,-46.70056068206479,sao paulo,sp
04809,-23.71992046378896,-46.693208556754605,sao paulo,sp
04843,-23.74028612323272,-46.69436740882336,sao paulo,sp
04826,-23.722498320012686,-46.70598983458365,sao paulo,sp
04864,-23.767630470713865,-46.72150166472386,sao paulo,sp
04848,-23.734427521784305,-46.6774605,sao paulo,sp
04851,-23.75344503818654,-46.66921268496448,sao paulo,sp
04821,-23.724238064948917,-46.687786616711854,sao paulo,sp
04810,-23.71300796869756,-46.69256515971141,sao paulo,sp
04814,-23.72109091491828,-46.67226127339167,sao paulo,sp
04896,-23.85636847960066,-46.70718370760001,sao paulo,sp
04822,-23.7418545745282,-46.68272014585374,sao paulo,sp
04807,-23.714446914507526,-46.6972855464828,sao paulo,sp
04842,-23.744225482112125,-46.68348560368173,sao paulo,sp
04805,-23.71535119900167,-46.70368050721337,sao paulo,sp
04852,-23.76521721749255,-46.67316764965069,sao paulo,sp
04857,-23.7836170269202,-46.68314048987244,sao paulo,sp
04830,-23.73212028656901,-46.699791939017445,sao paulo,sp
04816,-23.704596,-46.68698474999999,sao paulo,sp
04829,-23.73353564141036,-46.71168574493623,sao paulo,sp
04847,-23.754657436580302,-46.6971784679439,sao paulo,sp
04888,-23.83099202780104,-46.73809348609947,sao paulo,sp
04860,-23.754638787119863,-46.71328252706444,sao paulo,sp
04895,-23.863590030563653,-46.71203078120481,sao paulo,sp
04820,-23.734658908426308,-46.68685840272085,sao paulo,sp
04811,-23.70965016443733,-46.69257464205786,sao paulo,sp
04841,-23.74114011740434,-46.69050874493624,sao paulo,sp
04866,-23.78832002524676,-46.721366051214666,sao paulo,sp
04855,-23.7716282231164,-46.68156962761963,sao paulo,sp
04824,-23.727665378296493,-46.6928097536788,sao paulo,sp
04858,-23.7731727105142,-46.717809538432725,sao paulo,sp
04832,-23.735536910352597,-46.71694436955392,sao paulo,sp
04833,-23.744100100187264,-46.70674982003745,sao paulo,sp
04815,-23.70689244546711,-46.69166124271453,sao paulo,sp
04813,-23.718405415488476,-46.68541965889548,sao paulo,sp
04837,-23.74223679739165,-46.70405513849616,sao paulo,sp
04867,-23.791996162936787,-46.72871170571519,sao paulo,sp
04803,-23.71549172433745,-46.71210549212151,sao paulo,sp
04853,-23.775063574971284,-46.67412326403895,sao paulo,sp
04831,-23.7354855298344,-46.71254467929481,sao paulo,sp
04823,-23.725829378296496,-46.69231989286743,sao paulo,sp
04808,-23.71410366694557,-46.70460419608747,sao paulo,sp
04854,-23.56810218341981,-46.68548426098767,sao paulo,sp
04835,-23.738264118501093,-46.70185720783062,sao paulo,sp
04863,-23.760918233737417,-46.70711584138519,sao paulo,sp
04801,-23.71332362170351,-46.69851377797326,sao paulo,sp
04872,-23.78971395534368,-46.64172255677013,sao paulo,sp
04865,-23.780341037740243,-46.71195343450284,sao paulo,sp
04845,-23.74699524118531,-46.69558713405275,sao paulo,sp
04846,-23.758889112062576,-46.67853726135576,sao paulo,sp
04877,-23.8809561368248,-46.64662912576091,sao paulo,sp
04893,-23.87908220495296,-46.73888063889422,sao paulo,sp
04840,-23.75343690793141,-46.68440911120355,sao paulo,sp
04892,-23.852049267769026,-46.71544006399719,sao paulo,sp
04828,-23.724713252842072,-46.70587279239997,sao paulo,sp
04859,-23.767481999999944,-46.70547199999996,sao paulo,sp
04894,-23.885086104008465,-46.75730493978456,sao paulo,sp
04897,-23.652352267729437,-46.70702725982168,sao paulo,sp
04875,-23.822952506520867,-46.69898039687815,sao paulo,sp
04806,-23.710817346932885,-46.702661155144575,sao paulo,sp
04862,-23.76273601806428,-46.700452175653766,sao paulo,sp
04898,-23.68352696863639,-46.75375150375091,sao paulo,sp
04881,-23.78605049999999,-46.72743524999999,sao paulo,sp
04882,-23.810566094196425,-46.74934371194196,sao paulo,sp
04886,-23.83466195635672,-46.75797448479168,sao paulo,sp
04949,-23.72079664946044,-46.76943335997462,sao paulo,sp
04912,-23.683345681038915,-46.74428159362726,sao paulo,sp
04913,-23.67819995337295,-46.740778559120535,sao paulo,sp
04932,-23.679775123453,-46.75675398689416,sao paulo,sp
04966,-23.728454889452266,-46.784093068580525,sao paulo,sp
04929,-23.700208159587977,-46.767377074383965,sao paulo,sp
04911,-23.68384378129149,-46.73903090841936,sao paulo,sp
04904,-23.67208977101971,-46.739566162646405,sao paulo,sp
04917,-23.68726696641469,-46.74885508979163,sao paulo,sp
04951,-23.72742535151227,-46.755968900415255,sao paulo,sp
04965,-23.73666252644025,-46.77593941217236,sao paulo,sp
04937,-23.686979510964274,-46.76072726380634,sao paulo,sp
04902,-23.6701429730798,-46.72916299624908,sao paulo,sp
04918,-23.68998492426291,-46.74113023496364,sao paulo,sp
04914,-23.675647473772287,-46.7439011194818,sao paulo,sp
04920,-23.69152722453689,-46.75794004524206,sao paulo,sp
04942,-23.698976615875125,-46.77651167583237,sao paulo,sp
04909,-23.67633520667964,-46.7382099886024,sao paulo,sp
04960,-23.726413791563274,-46.787813649316185,sao paulo,sp
04950,-23.72722104662704,-46.76656291534423,sao paulo,sp
04943,-23.70449971747447,-46.78541732886421,sao paulo,sp
04948,-23.70288935568095,-46.78277476116848,sao paulo,sp
04947,-23.72032222675859,-46.75862490966008,sao paulo,sp
04961,-23.738867099082476,-46.79579338550986,sao paulo,sp
04940,-23.69084022814357,-46.76464177116392,sao paulo,sp
04930,-23.67762266472387,-46.75190878795657,sao paulo,sp
04939,-23.690111259507173,-46.77166407132555,sao paulo,sp
04941,-23.704237121011012,-46.77697081779098,sao paulo,sp
04905,-23.675905499567303,-46.75188111226845,sao paulo,sp
04944,-23.71020950597261,-46.77766430070986,sao paulo,sp
04938,-23.688754983351576,-46.761048796006655,sao paulo,sp
04931,-23.680864645017028,-46.75490222537361,sao paulo,sp
04945,-23.715914526390176,-46.7819351646447,sao paulo,sp
04915,-23.68225483596861,-46.75069807299899,sao paulo,sp
04916,-23.685018180968267,-46.751723177765605,sao paulo,sp
04933,-23.682543066302483,-46.76357973479004,sao paulo,sp
04963,-23.74944115770563,-46.781471657705616,sao paulo,sp
04923,-23.705505937358897,-46.7480837029568,sao paulo,sp
04935,-23.68324858673321,-46.76706281848348,sao paulo,sp
04952,-23.718937484592328,-46.75316268457495,sao paulo,sp
04925,-23.704695,-46.74536251442673,sao paulo,sp
04910,-23.68493474436356,-46.73936141580894,sao paulo,sp
04926,-23.705345346932887,-46.74050034485543,sao paulo,sp
04953,-23.721569088810693,-46.75485336511051,sao paulo,sp
04921,-23.6957959911132,-46.749366346096174,sao paulo,sp
04962,-23.731608776005928,-46.78563861608875,sao paulo,sp
04922,-23.689002904162685,-46.73645444552207,sao paulo,sp
04919,-23.692427077990644,-46.76232096003805,sao paulo,sp
04928,-23.70946708617165,-46.72948816731262,sao paulo,sp
04906,-23.67555010851753,-46.75526493949448,sao paulo,sp
04955,-23.762182976686475,-46.68431269025911,sao paulo,sp
05050,-23.52284350375091,-46.6980207799065,sao paulo,sp
05019,-23.53594113405276,-46.68319567361068,sao paulo,sp
05065,-23.51896870552254,-46.69873774646543,sao paulo,sp
05018,-23.534811000000005,-46.68102,sao paulo,sp
05038,-23.51268037691151,-46.70247867707312,sao paulo,sp
05006,-23.53300053398933,-46.671775821945936,sao paulo,sp
05046,-23.524306658895497,-46.69778090175423,sao paulo,sp
05089,-23.520054017485137,-46.72500947974488,sao paulo,sp
05056,-23.533309193737896,-46.705063111876825,sao paulo,sp
05027,-23.538068769086465,-46.69659705565807,sao paulo,sp
05051,-23.52707749624909,-46.696482,sao paulo,sp
05022,-23.536915731894485,-46.69061521510184,sao paulo,sp
05036,-23.51132295974959,-46.69314639035727,sao paulo,sp
05044,-23.53288107077729,-46.69371364695027,sao paulo,sp
05013,-23.53844953621104,-46.66877617459164,sao paulo,sp
05093,-23.51569610012673,-46.71896759639081,sao paulo,sp
05048,-23.53047428864907,-46.69443415958799,sao paulo,sp
05057,-23.53179206858425,-46.7062335,sao paulo,sp
05025,-23.53206184041201,-46.68902834471118,sao paulo,sp
05011,-23.529787260892157,-46.69112833596861,sao paulo,sp
05054,-23.538458147931227,-46.7037184185469,sao paulo,sp
05010,-23.53357948765075,-46.68218908312653,sao paulo,sp
05004,-23.532860441023693,-46.66790717845809,sao paulo,sp
05047,-23.525938623925214,-46.69979302553523,sao paulo,sp
05037,-23.513829506520867,-46.689392687344906,sao paulo,sp
05079,-23.525743882595663,-46.70847758021236,sao paulo,sp
05026,-23.5338118842691,-46.69166880806747,sao paulo,sp
05005,-23.532997033585296,-46.669557247850406,sao paulo,sp
05072,-23.525007254515515,-46.70600750499165,sao paulo,sp
05059,-23.533827411881795,-46.71294325200536,sao paulo,sp
05001,-23.52550859449485,-46.68024004371284,sao paulo,sp
05007,-23.53712946932888,-46.668479448237065,sao paulo,sp
05042,-23.524782379969928,-46.70347573327947,sao paulo,sp
05074,-23.52046615237462,-46.705557169715526,sao paulo,sp
05033,-23.52327986288882,-46.686732228836064,sao paulo,sp
05017,-23.537309857060443,-46.6787664476888,sao paulo,sp
05083,-23.532002287812357,-46.71904940590918,sao paulo,sp
05034,-23.51189879156327,-46.682527756592975,sao paulo,sp
05049,-23.52561395337295,-46.70062007271052,sao paulo,sp
05020,-23.535606572854764,-46.68472720344507,sao paulo,sp
05043,-23.52601626721261,-46.68975372862293,sao paulo,sp
05016,-23.536185192336568,-46.67656522468111,sao paulo,sp
05087,-23.523916547867792,-46.7262306150384,sao paulo,sp
05009,-23.533965429366937,-46.6787591924808,sao paulo,sp
05012,-23.5379062872641,-46.68116588565408,sao paulo,sp
05015,-23.53152002775692,-46.66820714862372,sao paulo,sp
05021,-23.53399869525075,-46.68496714377629,sao paulo,sp
05069,-23.514008752149586,-46.7091487142651,sao paulo,sp
05023,-23.527015354434702,-46.682698259911206,sao paulo,sp
05077,-23.52347554731954,-46.70671259547578,sao paulo,sp
05002,-23.53077319539498,-46.67293770690751,sao paulo,sp
05024,-23.528595017485145,-46.68529559700499,sao paulo,sp
05076,-23.52160232139767,-46.71147172064175,sao paulo,sp
05060,-23.526613801835047,-46.70649280252754,sao paulo,sp
05075,-23.52207795920134,-46.71051177407813,sao paulo,sp
05081,-23.52853323313523,-46.71164190758263,sao paulo,sp
05053,-23.540073956979622,-46.70051864141036,sao paulo,sp
05055,-23.53503193600804,-46.70415462442379,sao paulo,sp
05088,-23.521999012493485,-46.72220881308777,sao paulo,sp
05014,-23.538275277540578,-46.67064290481267,sao paulo,sp
05061,-23.53961683236193,-46.70566371911255,sao paulo,sp
05041,-23.523895623925213,-46.691459916180975,sao paulo,sp
05092,-23.511502314851025,-46.71448715742552,sao paulo,sp
05058,-23.532968210658424,-46.708292802527545,sao paulo,sp
05030,-23.541074779906506,-46.69219306549716,sao paulo,sp
05008,-23.530915571469773,-46.68060941548848,sao paulo,sp
05045,-23.52926147821568,-46.69391177699231,sao paulo,sp
05078,-23.522136350279464,-46.71729427847921,sao paulo,sp
05095,-23.511992190528066,-46.71667434892255,sao paulo,sp
05028,-23.53934004302036,-46.6934122924,sao paulo,sp
05086,-23.52383012017429,-46.72474582486012,sao paulo,sp
05073,-23.52273596502971,-46.70539610713254,sao paulo,sp
05084,-23.53084304143074,-46.7223583721758,sao paulo,sp
05003,-23.527835381903177,-46.6770353315252,sao paulo,sp
05085,-23.5254432897456,-46.73008485760868,sao paulo,sp
05094,-23.51115530695692,-46.718998320638825,sao paulo,sp
05068,-23.514301337631373,-46.70255352258263,sao paulo,sp
05082,-23.53013745406544,-46.71762082070518,sao paulo,sp
05029,-23.541666538981,-46.69424821816023,sao paulo,sp
05080,-23.527984433203265,-46.71456329895392,sao paulo,sp
05052,-23.53057270191585,-46.70172944018697,sao paulo,sp
05040,-23.513379636458307,-46.70640537752703,sao paulo,sp
05035,-23.509745515161256,-46.71949864970519,sao paulo,sp
05122,-23.503376011108497,-46.73530196044208,sao paulo,sp
05159,-23.484445027363037,-46.75315986378398,sao paulo,sp
05136,-23.498278155981296,-46.7470240943506,sao paulo,sp
05141,-23.49065997530149,-46.7284764394945,sao paulo,sp
05145,-23.506049208479613,-46.71737739541604,sao paulo,sp
05110,-23.48579395115125,-46.746286161117176,sao paulo,sp
05114,-23.5082400246985,-46.751957250764605,sao paulo,sp
05118,-23.51662749096897,-46.73178194838128,sao paulo,sp
05186,-23.43235638273989,-46.75211054954124,sao paulo,sp
05171,-23.47846082653355,-46.74780027254892,sao paulo,sp
05182,-23.448870827370275,-46.74639311365343,sao paulo,sp
05126,-23.50126797890817,-46.73964800083672,sao paulo,sp
05187,-23.441845664102956,-46.75536156333384,sao paulo,sp
05183,-23.452004179294818,-46.7523688148768,sao paulo,sp
05120,-23.51304337440136,-46.73351941993189,sao paulo,sp
05138,-23.485253731057767,-46.73312974854289,sao paulo,sp
05132,-23.505514898984288,-46.743920710946895,sao paulo,sp
05185,-23.44697897307979,-46.7472294060534,sao paulo,sp
05117,-23.511550273054432,-46.74458313736757,sao paulo,sp
05133,-23.48911979156327,-46.74154474340702,sao paulo,sp
05101,-23.50403914126612,-46.7311139948641,sao paulo,sp
05106,-23.51383136081135,-46.7382004389749,sao paulo,sp
05158,-23.491899953372947,-46.76073601748513,sao paulo,sp
05181,-23.45543839716661,-46.74349258148175,sao paulo,sp
05157,-23.48524398177196,-46.76420788151778,sao paulo,sp
05134,-23.48904962477673,-46.74524620346603,sao paulo,sp
05135,-23.497103126291133,-46.74907264016961,sao paulo,sp
05102,-23.51697651012756,-46.75078278267647,sao paulo,sp
05140,-23.49047510352588,-46.724894559813,sao paulo,sp
05164,-23.474439261728868,-46.7562075560621,sao paulo,sp
05172,-23.48237870774425,-46.74202658895493,sao paulo,sp
05160,-23.484378981129872,-46.75592935775292,sao paulo,sp
05174,-23.481681401610015,-46.74096265652956,sao paulo,sp
05162,-23.47731450513589,-46.7583080605055,sao paulo,sp
05103,-23.516230945322874,-46.75361099901905,sao paulo,sp
05154,-23.50040530515112,-46.75280303317652,sao paulo,sp
05116,-23.513078032748584,-46.74562403329684,sao paulo,sp
05131,-23.4970923985516,-46.74571311073922,sao paulo,sp
05142,-23.495414071325552,-46.72643229684338,sao paulo,sp
05128,-23.49375734722135,-46.74053054079866,sao paulo,sp
05127,-23.49599428336896,-46.74245332431184,sao paulo,sp
05108,-23.50729011019097,-46.75750702914189,sao paulo,sp
05124,-23.50398193450282,-46.73753473994456,sao paulo,sp
05165,-23.48307563696695,-46.75308834901036,sao paulo,sp
05175,-23.476731621703507,-46.73855730904842,sao paulo,sp
05115,-23.510309689422375,-46.75326898251487,sao paulo,sp
05180,-23.460349756592983,-46.74846258909916,sao paulo,sp
05109,-23.501787056062103,-46.76046988343239,sao paulo,sp
05105,-23.5123381357262,-46.75866819677995,sao paulo,sp
05143,-23.49708599639332,-46.72484557299898,sao paulo,sp
05123,-23.506322678602327,-46.73652873105775,sao paulo,sp
05161,-23.485233363033053,-46.75543234150854,sao paulo,sp
05176,-23.467454402446737,-46.74821765153789,sao paulo,sp
05125,-23.50739523980033,-46.74054093839796,sao paulo,sp
05119,-23.488074618096828,-46.738052916180976,sao paulo,sp
05170,-23.48299439578163,-46.750699765335554,sao paulo,sp
05144,-23.499698039413683,-46.722537325004346,sao paulo,sp
05121,-23.50609758451153,-46.73241237719997,sao paulo,sp
05139,-23.489708532056085,-46.73110673910784,sao paulo,sp
05163,-23.482406999999945,-46.76451199999997,sao paulo,sp
05107,-23.52033683029606,-46.74862060592117,sao paulo,sp
05184,-23.657006211754563,-46.69464166351906,sao paulo,sp
05104,-23.515534194010005,-46.75651449347912,sao paulo,sp
05112,-23.461164142310427,-46.78110542716748,sao paulo,sp
05177,-23.46968503555466,-46.74804681677215,sao paulo,sp
05113,-23.42628349601553,-46.7877557191448,sao paulo,sp
05173,-23.479878824311857,-46.74231813558197,sao paulo,sp
05207,-23.399076410421344,-46.75061851654839,sao paulo,sp
05267,-23.44010656702638,-46.78960911740432,sao paulo,sp
05203,-23.406404972243077,-46.74298263197527,sao paulo,sp
05283,-23.43290355493029,-46.77436391489605,sao paulo,sp
05271,-23.428080849010357,-46.79365920690751,sao paulo,sp
05209,-23.411557571263685,-46.75099623648149,sao paulo,sp
05272,-23.4428445,-46.80044999999999,sao paulo,sp
05206,-23.405641910352585,-46.76037110352587,sao paulo,sp
05223,-23.40992191895093,-46.739024193721534,sao paulo,sp
05273,-23.4408456305819,-46.806897340964944,sao paulo,sp
05204,-23.40795736219633,-46.752460605891805,sao paulo,sp
05212,-23.4136974343586,-46.747241748542905,sao paulo,sp
05280,-23.43621876602805,-46.77230588412488,sao paulo,sp
05282,-23.437857279214025,-46.77966226824975,sao paulo,sp
05202,-23.40201119565939,-46.749600827800215,sao paulo,sp
05205,-23.41144744688329,-46.76513942041796,sao paulo,sp
05276,-23.486345497085807,-46.41590249999999,sao paulo,sp
05281,-23.4327372909216,-46.77710366363726,sao paulo,sp
05270,-23.55565190191397,-46.687795147705806,sao paulo,sp
05266,-23.44665078212821,-46.80201476894223,sao paulo,sp
05210,-23.419660725229377,-46.75236755759133,sao paulo,sp
05268,-23.4354855545329,-46.79097199417163,sao paulo,sp
05201,-23.512398244791992,-46.4077896135092,sao paulo,sp
05208,-23.412325473772285,-46.7524116777656,sao paulo,sp
05265,-23.449902150152923,-46.7894070051359,sao paulo,sp
05275,-23.437883000836724,-46.80800891548847,sao paulo,sp
05211,-23.40996926533556,-46.7586810678631,sao paulo,sp
05220,-23.4017063119626,-46.72363528282071,sao paulo,sp
05269,-23.432639290870775,-46.79012446488549,sao paulo,sp
05215,-23.391898631271854,-46.7353595692277,sao paulo,sp
05240,-23.430451285042405,-46.76459717998731,sao paulo,sp
05274,-23.436094607820664,-46.80240851511545,sao paulo,sp
05264,-23.446396341104503,-46.7847711829015,sao paulo,sp
05263,-23.43300890489152,-46.58138586620674,sao paulo,sp
05224,-23.41306019132984,-46.74366315120095,sao paulo,sp
05279,-23.542798499999996,-46.577862,sao paulo,sp
05386,-23.56353030214278,-46.75860867437886,sao paulo,sp
05396,-23.57520734776961,-46.77326426839399,sao paulo,sp
05303,-23.526508568411355,-46.731702782676464,sao paulo,sp
05338,-23.555706273913376,-46.74931041523619,sao paulo,sp
05326,-23.543609175688143,-46.757799921461086,sao paulo,sp
05302,-23.532125805701536,-46.725699251889765,sao paulo,sp
05345,-23.550858000000005,-46.74574296003805,sao paulo,sp
05315,-23.53294984347043,-46.7313937327312,sao paulo,sp
05376,-23.581730986669804,-46.76460229239997,sao paulo,sp
05313,-23.532444785186623,-46.741823842085445,sao paulo,sp
05334,-23.546476863465735,-46.74783490925605,sao paulo,sp
05353,-23.55911865889549,-46.75165994171618,sao paulo,sp
05323,-23.53596539938832,-46.7567294768307,sao paulo,sp
05374,-23.581576372468103,-46.760100861792296,sao paulo,sp
05308,-23.528087904812665,-46.74475687440136,sao paulo,sp
05356,-23.563377595547895,-46.75287540445208,sao paulo,sp
05360,-23.56515356374397,-46.74203690618277,sao paulo,sp
05363,-23.57642039119108,-46.7446113017497,sao paulo,sp
05340,-23.551383771856425,-46.75587985206877,sao paulo,sp
05348,-23.54417630114256,-46.73971195420968,sao paulo,sp
05350,-23.57905316467664,-46.769003873293386,sao paulo,sp
05344,-23.55437923175025,-46.74577458145309,sao paulo,sp
05367,-23.57593730169082,-46.75524860046745,sao paulo,sp
05321,-23.5337324454671,-46.75059486663972,sao paulo,sp
05358,-23.57161809769749,-46.75061129003405,sao paulo,sp
05399,-23.572643657510504,-46.780062585204014,sao paulo,sp
05352,-23.55460557353736,-46.75819126121707,sao paulo,sp
05311,-23.531055024698496,-46.74460102749712,sao paulo,sp
05305,-23.5288346858157,-46.73348006203471,sao paulo,sp
05372,-23.58316603052688,-46.76124388343237,sao paulo,sp
05364,-23.57666859616828,-46.75063383735358,sao paulo,sp
05307,-23.523200385668098,-46.73896974005393,sao paulo,sp
05331,-23.544722252293813,-46.75024713613023,sao paulo,sp
05359,-23.57055394976627,-46.744693648075454,sao paulo,sp
05346,-23.55520718956661,-46.74582801471517,sao paulo,sp
05335,-23.54685622412373,-46.7545319612685,sao paulo,sp
05398,-23.57401821703506,-46.77661801082002,sao paulo,sp
05397,-23.581814217871788,-46.773894017485134,sao paulo,sp
05329,-23.540902503474072,-46.7434498020753,sao paulo,sp
05382,-23.57336803774024,-46.76341375867046,sao paulo,sp
05336,-23.544593319175966,-46.75355603886542,sao paulo,sp
05314,-23.534948702752576,-46.73391596448145,sao paulo,sp
05328,-23.54929383842148,-46.752671033440414,sao paulo,sp
05330,-23.541807625310188,-46.74545280697093,sao paulo,sp
05319,-23.543369802772908,-46.73227360417187,sao paulo,sp
05368,-23.57759684263372,-46.75329854899299,sao paulo,sp
05351,-23.55810175353457,-46.75729204524208,sao paulo,sp
05387,-23.565432284004267,-46.76565775973874,sao paulo,sp
05365,-23.578350349154583,-46.74551439800333,sao paulo,sp
05379,-23.564657650845408,-46.75373166028047,sao paulo,sp
05332,-23.547800797391645,-46.7482108097409,sao paulo,sp
05366,-23.57291262031853,-46.75972403580701,sao paulo,sp
05304,-23.52390913933288,-46.73540416097297,sao paulo,sp
05371,-23.58359493949449,-46.7541822105142,sao paulo,sp
05337,-23.55174076519132,-46.74990570690751,sao paulo,sp
05318,-23.536707055513848,-46.72863616097295,sao paulo,sp
05388,-23.56878740383172,-46.76055683458364,sao paulo,sp
05316,-23.534948702752576,-46.73391596448145,sao paulo,sp
05325,-23.541205411045077,-46.758333410900846,sao paulo,sp
05347,-23.55388199999999,-46.73898133510208,sao paulo,sp
05333,-23.54464915237461,-46.74523516250216,sao paulo,sp
05301,-23.53374861226844,-46.721861003895135,sao paulo,sp
05381,-23.571172989928165,-46.76156230927627,sao paulo,sp
05362,-23.57226677617729,-46.74167015632205,sao paulo,sp
05361,-23.564556880373964,-46.74788683028447,sao paulo,sp
05322,-23.53870848673374,-46.751072106753575,sao paulo,sp
05324,-23.54217411019097,-46.755927277684805,sao paulo,sp
05339,-23.55169130114256,-46.75755734000799,sao paulo,sp
05317,-23.540599353578923,-46.73249489035848,sao paulo,sp
05312,-23.528611802383303,-46.735831780743226,sao paulo,sp
05327,-23.54469736886143,-46.75702036317728,sao paulo,sp
05343,-23.552672426596978,-46.75080230114254,sao paulo,sp
05373,-23.5839881312828,-46.7600579372728,sao paulo,sp
05310,-23.54333638911653,-46.73492199042071,sao paulo,sp
05369,-23.57055394976627,-46.744693648075454,sao paulo,sp
05428,-23.55998249125743,-46.697973427289455,sao paulo,sp
05409,-23.555476749379626,-46.67548530850014,sao paulo,sp
05470,-23.53803131334758,-46.72582984762537,sao paulo,sp
05406,-23.55575213466013,-46.67446254211961,sao paulo,sp
05414,-23.563726250620373,-46.68074871703506,sao paulo,sp
05405,-23.558694767701493,-46.67321481960865,sao paulo,sp
05418,-23.564200159587987,-46.68979979364074,sao paulo,sp
05423,-23.570422354434708,-46.69256020552254,sao paulo,sp
05416,-23.555014909804324,-46.69227418471917,sao paulo,sp
05417,-23.56536319233657,-46.68764024978366,sao paulo,sp
05415,-23.563965740492826,-46.68179815445209,sao paulo,sp
05449,-23.545424387708614,-46.704797736955314,sao paulo,sp
05424,-23.571257720785987,-46.69633123175024,sao paulo,sp
05442,-23.54191093089615,-46.697697408823366,sao paulo,sp
05422,-23.567900857060444,-46.69203652914189,sao paulo,sp
05429,-23.56350294754457,-46.69917055438867,sao paulo,sp
05452,-23.54387863113857,-46.70758622898028,sao paulo,sp
05435,-23.55327788980902,-46.68938650124076,sao paulo,sp
05419,-23.564602718016022,-46.69092556287144,sao paulo,sp
05410,-23.55465034014197,-46.67437133298891,sao paulo,sp
05427,-23.562881360811343,-46.6965605111085,sao paulo,sp
05466,-23.550516156818023,-46.71891751803339,sao paulo,sp
05448,-23.547246113476525,-46.70007505753024,sao paulo,sp
05462,-23.5577699686364,-46.705380296699154,sao paulo,sp
05411,-23.55876919954993,-46.677437256997024,sao paulo,sp
05433,-23.55753392561603,-46.689427435195306,sao paulo,sp
05459,-23.558232237030367,-46.70226234638461,sao paulo,sp
05438,-23.546250681920554,-46.69099640132154,sao paulo,sp
05434,-23.559158524842736,-46.692485203993336,sao paulo,sp
05458,-23.543333790726543,-46.71565629641071,sao paulo,sp
05468,-23.539167062727213,-46.71731556994055,sao paulo,sp
05443,-23.54865425728548,-46.69468554149115,sao paulo,sp
05477,-23.55217114897941,-46.72178057448971,sao paulo,sp
05450,-23.548879351376293,-46.70528501610016,sao paulo,sp
05465,-23.55406967395316,-46.71428382356719,sao paulo,sp
05469,-23.54175424071731,-46.71901756512136,sao paulo,sp
05441,-23.548932701915856,-46.69399157271052,sao paulo,sp
05413,-23.55998525783373,-46.67937773146178,sao paulo,sp
05432,-23.551567250620376,-46.69325969149985,sao paulo,sp
05412,-23.56235710851754,-46.676288326389326,sao paulo,sp
05467,-23.544198451270827,-46.71684316736806,sao paulo,sp
05455,-23.53689213711117,-46.71311138051819,sao paulo,sp
05445,-23.550651,-46.69978398499636,sao paulo,sp
05408,-23.556999793029437,-46.68046620971136,sao paulo,sp
05436,-23.55264510214089,-46.68261304677127,sao paulo,sp
05461,-23.54395567110051,-46.72276895697962,sao paulo,sp
05402,-23.5708425,-46.69058249999999,sao paulo,sp
05451,-23.54341626908212,-46.70487563352314,sao paulo,sp
05421,-23.56624626391797,-46.691201878348586,sao paulo,sp
05425,-23.5738028351319,-46.697703244792,sao paulo,sp
05404,-23.559967016100156,-46.67722842270184,sao paulo,sp
05401,-23.55739051180099,-46.666407902995,sao paulo,sp
05446,-23.555053215650084,-46.70007390714994,sao paulo,sp
05437,-23.544238839886454,-46.693844660113534,sao paulo,sp
05407,-23.55516971681634,-46.677587386498686,sao paulo,sp
05420,-23.56863061143172,-46.68800590729417,sao paulo,sp
05439,-23.548994424086825,-46.68943299861501,sao paulo,sp
05403,-23.558513725146803,-46.66867985497065,sao paulo,sp
05472,-23.549589,-46.718019,sao paulo,sp
05426,-23.566604521784303,-46.69490336955391,sao paulo,sp
05454,-23.544101999999945,-46.710331999999966,sao paulo,sp
05471,-23.538247875727908,-46.72530352359963,sao paulo,sp
05453,-23.5440169000808,-46.70861600652086,sao paulo,sp
05440,-23.5464903075192,-46.69229742991519,sao paulo,sp
05444,-23.55942118013154,-46.69470546878061,sao paulo,sp
05463,-23.555979072998984,-46.709432423538566,sao paulo,sp
05460,-23.54812439845289,-46.71369280353188,sao paulo,sp
05447,-23.5473975,-46.69812900000001,sao paulo,sp
05400,-23.55697378795659,-46.676036393704166,sao paulo,sp
05464,-23.54955593311784,-46.715031449910505,sao paulo,sp
05567,-23.59055298873849,-46.79112845695723,sao paulo,sp
05572,-23.59688585429047,-46.79431020843671,sao paulo,sp
05550,-23.57963153482605,-46.78179246058631,sao paulo,sp
05574,-23.59058228102083,-46.80236036310327,sao paulo,sp
05577,-23.583555000000004,-46.77799049999999,sao paulo,sp
05549,-23.5978152850424,-46.76950914723872,sao paulo,sp
05531,-23.579596636389063,-46.72093576368553,sao paulo,sp
05564,-23.587690600323224,-46.76379986747644,sao paulo,sp
05542,-23.58677108062952,-46.7489837393856,sao paulo,sp
05588,-23.575745041924048,-46.74085825118136,sao paulo,sp
05516,-23.58346066768886,-46.71710992072576,sao paulo,sp
05528,-23.593395634841325,-46.757875363396,sao paulo,sp
05527,-23.599359778336243,-46.751214070160025,sao paulo,sp
05583,-23.58246586372554,-46.78823345282468,sao paulo,sp
05595,-23.58085566165113,-46.742443261595774,sao paulo,sp
05514,-23.578102782942764,-46.71391288837818,sao paulo,sp
05545,-23.58503018235324,-46.76811552997861,sao paulo,sp
05520,-23.59688063696695,-46.74000761824105,sao paulo,sp
05551,-23.58872637468981,-46.761684381066445,sao paulo,sp
05586,-23.569667999999997,-46.72728099610486,sao paulo,sp
05539,-23.57898282209016,-46.72990411864508,sao paulo,sp
05508,-23.557510348093,-46.71974431708465,sao paulo,sp
05544,-23.59363985658718,-46.76698940644304,sao paulo,sp
05533,-23.58486957646144,-46.72851983611286,sao paulo,sp
05596,-23.581213700530878,-46.74534960006341,sao paulo,sp
05590,-23.57467050043269,-46.73328224562872,sao paulo,sp
05502,-23.56008608167925,-46.71047525263197,sao paulo,sp
05594,-23.582604528253924,-46.73785580900351,sao paulo,sp
05587,-23.570940477667424,-46.73152324285876,sao paulo,sp
05547,-23.59582246486437,-46.77691311261302,sao paulo,sp
05521,-23.59057842687693,-46.73025262384717,sao paulo,sp
05541,-23.588181691095816,-46.74083315667377,sao paulo,sp
05565,-23.59644437191985,-46.79121164599798,sao paulo,sp
05512,-23.57604854954123,-46.70754877782905,sao paulo,sp
05571,-23.592660045242067,-46.79704030919264,sao paulo,sp
05570,-23.604797426629368,-46.79999080910488,sao paulo,sp
05580,-23.573623473772287,-46.717553378296486,sao paulo,sp
05529,-23.593620614490145,-46.751742114634375,sao paulo,sp
05592,-23.57826825950718,-46.73747020552253,sao paulo,sp
05518,-23.5853717854938,-46.72678427084702,sao paulo,sp
05591,-23.580017474897463,-46.73346263336026,sao paulo,sp
05585,-23.57140886436588,-46.7231344893269,sao paulo,sp
05513,-23.585091851520517,-46.72014422078599,sao paulo,sp
05584,-23.578618830140236,-46.790503354982974,sao paulo,sp
05537,-23.58374909221269,-46.73472062372479,sao paulo,sp
05524,-23.595176189566608,-46.74183651471519,sao paulo,sp
05540,-23.57400655427309,-46.720930924779296,sao paulo,sp
05576,-23.587340805153268,-46.79203581141435,sao paulo,sp
05535,-23.582197298920867,-46.73189179808415,sao paulo,sp
05519,-23.590964451843732,-46.73175016042469,sao paulo,sp
05523,-23.592829588954924,-46.739791172918174,sao paulo,sp
05509,-23.562216618096823,-46.7119814089676,sao paulo,sp
05536,-23.590006910352585,-46.73789099999999,sao paulo,sp
05530,-23.577073040798663,-46.7199426382077,sao paulo,sp
05582,-23.57131892775124,-46.72031084773733,sao paulo,sp
05522,-23.591530822926867,-46.73618746947312,sao paulo,sp
05543,-23.58704839355993,-46.75402490951587,sao paulo,sp
05581,-23.57324153263301,-46.72474234096028,sao paulo,sp
05579,-23.57017137445925,-46.71274395743208,sao paulo,sp
05507,-23.567982517889167,-46.71085519900166,sao paulo,sp
05593,-23.58221681793522,-46.73608281655024,sao paulo,sp
05568,-23.59163977629982,-46.78520787163138,sao paulo,sp
05525,-23.604413427145243,-46.74862600833853,sao paulo,sp
05515,-23.57945781043339,-46.71400648196659,sao paulo,sp
05566,-23.58950440882338,-46.79407484165277,sao paulo,sp
05546,-23.585502887773785,-46.76862598648292,sao paulo,sp
05517,-23.584530949218014,-46.7226866677823,sao paulo,sp
05511,-23.577479401898472,-46.70843940550515,sao paulo,sp
05560,-23.58950069969416,-46.780201849702834,sao paulo,sp
05526,-23.6012979708581,-46.74589362392521,sao paulo,sp
05510,-23.570780353597986,-46.70900620814825,sao paulo,sp
05503,-23.571084458220376,-46.70899251887011,sao paulo,sp
05569,-23.59961175437128,-46.791615709129225,sao paulo,sp
05578,-23.57532899999999,-46.71174824999999,sao paulo,sp
05501,-23.570563118857315,-46.70599888994074,sao paulo,sp
05563,-23.60074507245072,-46.78544612585844,sao paulo,sp
05589,-23.576941938109503,-46.73865149376758,sao paulo,sp
05573,-23.585263747250234,-46.74059246298307,sao paulo,sp
05505,-23.56544284041201,-46.70931092922272,sao paulo,sp
05506,-23.562416210658427,-46.7071973119626,sao paulo,sp
05532,-23.5779887349529,-46.72482338259565,sao paulo,sp
05534,-23.601756721711617,-46.75092639610422,sao paulo,sp
05538,-23.58850449640871,-46.73786979587248,sao paulo,sp
05692,-23.62047776741303,-46.70489431888749,sao paulo,sp
05641,-23.61998302859364,-46.7373371441803,sao paulo,sp
05672,-23.588813326389328,-46.696993942812696,sao paulo,sp
05618,-23.59056041548848,-46.7238383798257,sao paulo,sp
05617,-23.59021834107512,-46.71979531644974,sao paulo,sp
05630,-23.612802338882805,-46.73931060061168,sao paulo,sp
05628,-23.60207000138498,-46.73361059394657,sao paulo,sp
05657,-23.616370204830044,-46.71383076242137,sao paulo,sp
05639,-23.60949202553521,-46.73801204440535,sao paulo,sp
05676,-23.59906476602805,-46.697072825148574,sao paulo,sp
05640,-23.62705347737897,-46.73637582569683,sao paulo,sp
05659,-23.611209653067107,-46.72386238343238,sao paulo,sp
05685,-23.60842233527613,-46.70497567929482,sao paulo,sp
05625,-23.591119945322877,-46.72995539425242,sao paulo,sp
05616,-23.587259951151253,-46.71949672370017,sao paulo,sp
05690,-23.616055676928895,-46.70422184831788,sao paulo,sp
05642,-23.623916838161666,-46.73498586969815,sao paulo,sp
05688,-23.60666796364473,-46.70928249512391,sao paulo,sp
05633,-23.59958030169083,-46.74046628296493,sao paulo,sp
05634,-23.608349214265107,-46.73536441534424,sao paulo,sp
05614,-23.59777282070517,-46.710443383432384,sao paulo,sp
05655,-23.60806732113787,-46.718701429078486,sao paulo,sp
05683,-23.60610210574757,-46.7083044806972,sao paulo,sp
05662,-23.61064963113856,-46.72621973397196,sao paulo,sp
05615,-23.58732199832657,-46.71691465762608,sao paulo,sp
05603,-23.57601838496159,-46.70376421106246,sao paulo,sp
05638,-23.60919423980033,-46.73799176019966,sao paulo,sp
05687,-23.608949227595318,-46.708805158203,sao paulo,sp
05609,-23.581488112890288,-46.70849486306929,sao paulo,sp
05606,-23.580136739556888,-46.705851370902906,sao paulo,sp
05679,-23.604323951151244,-46.70316316861901,sao paulo,sp
05665,-23.620065111486976,-46.72171512353275,sao paulo,sp
05619,-23.59238763558197,-46.72709256119799,sao paulo,sp
05661,-23.60546929858597,-46.727104177147545,sao paulo,sp
05632,-23.59978147599399,-46.73530029378497,sao paulo,sp
05621,-23.599606714409337,-46.72349637578634,sao paulo,sp
05663,-23.61480283970115,-46.72500444268959,sao paulo,sp
05613,-23.592711750764604,-46.71157660283338,sao paulo,sp
05693,-23.62018183764152,-46.702815809043415,sao paulo,sp
05670,-23.586364645565286,-46.69528770843672,sao paulo,sp
05658,-23.604142379681463,-46.72178356134224,sao paulo,sp
05674,-23.59093424562872,-46.69966047114656,sao paulo,sp
05691,-23.61640963113857,-46.70783765306712,sao paulo,sp
05622,-23.60455308964741,-46.72609100389514,sao paulo,sp
05686,-23.61757125930447,-46.702606644078834,sao paulo,sp
05664,-23.618132672313376,-46.72177930549046,sao paulo,sp
05660,-23.61950673105777,-46.72681977407814,sao paulo,sp
05684,-23.606085782107137,-46.70428514925532,sao paulo,sp
05675,-23.59843345628714,-46.70202363820769,sao paulo,sp
05635,-23.60249061692268,-46.73494686961094,sao paulo,sp
05624,-23.59456298473655,-46.72783455314792,sao paulo,sp
05612,-23.59296483014024,-46.708553808759945,sao paulo,sp
05627,-23.594741497085806,-46.73237259103238,sao paulo,sp
05678,-23.59750476890589,-46.70475611001847,sao paulo,sp
05626,-23.594595674158928,-46.735441522621045,sao paulo,sp
05623,-23.59636116180968,-46.72563467638062,sao paulo,sp
05629,-23.60319871106246,-46.73059743228114,sao paulo,sp
05653,-23.601163117404337,-46.71666863849615,sao paulo,sp
05652,-23.59929133142825,-46.71701511427991,sao paulo,sp
05654,-23.605862605603345,-46.71580612101101,sao paulo,sp
05656,-23.611716293640733,-46.71837571510184,sao paulo,sp
05605,-23.59180098029316,-46.70513936026308,sao paulo,sp
05610,-23.58677394683258,-46.706833016974144,sao paulo,sp
05673,-23.588579923394327,-46.69830999610485,sao paulo,sp
05651,-23.595686681590845,-46.719411585917896,sao paulo,sp
05611,-23.585546904841717,-46.71315652430382,sao paulo,sp
05608,-23.58003516180968,-46.70495097835991,sao paulo,sp
05602,-23.57695362031853,-46.70471236317727,sao paulo,sp
05671,-23.58715940022504,-46.69516107897159,sao paulo,sp
05601,-23.577803895089144,-46.70280207602874,sao paulo,sp
05620,-23.593420791563275,-46.72339216763805,sao paulo,sp
05650,-23.532815965029712,-46.705201805441725,sao paulo,sp
05604,-23.58657545401327,-46.698656390806256,sao paulo,sp
05782,-23.652801714124177,-46.7682836429379,sao paulo,sp
05783,-23.644685514570952,-46.76780445920133,sao paulo,sp
05761,-23.63460336663973,-46.76865204717532,sao paulo,sp
05778,-23.64054058006812,-46.75217512101102,sao paulo,sp
05741,-23.61182165306711,-46.74705040161001,sao paulo,sp
05756,-23.622378899038896,-46.756199559667984,sao paulo,sp
05726,-23.624782532892816,-46.7403537732414,sao paulo,sp
05735,-23.626261393559933,-46.75142152553522,sao paulo,sp
05794,-23.641839534826047,-46.7689405649489,sao paulo,sp
05724,-23.63073693828196,-46.73651846084102,sao paulo,sp
05758,-23.63034221648905,-46.76340286711479,sao paulo,sp
05765,-23.630345417425414,-46.75497560051969,sao paulo,sp
05785,-23.62183552039933,-46.76420516111718,sao paulo,sp
05734,-23.62615314929649,-46.74691974117254,sao paulo,sp
05705,-23.625482259507177,-46.7214808148768,sao paulo,sp
05777,-23.64848693357811,-46.75818167444609,sao paulo,sp
05717,-23.63556170468581,-46.73325836124404,sao paulo,sp
05759,-23.629928113512143,-46.76822668944287,sao paulo,sp
05728,-23.63280320739602,-46.739237617304966,sao paulo,sp
05715,-23.62885516348312,-46.731968359714834,sao paulo,sp
05767,-23.63133471752179,-46.75945889273972,sao paulo,sp
05736,-23.634612720925688,-46.74535251697112,sao paulo,sp
05763,-23.642000682560305,-46.760385963274885,sao paulo,sp
05773,-23.6322501723814,-46.75266983686787,sao paulo,sp
05750,-23.615668163194663,-46.74667825812221,sao paulo,sp
05796,-23.65011090146578,-46.77797782791854,sao paulo,sp
05792,-23.64005026311385,-46.77842218067981,sao paulo,sp
05757,-23.622520976686477,-46.76073299999999,sao paulo,sp
05793,-23.63927121218814,-46.77614997992145,sao paulo,sp
05709,-23.6189692262171,-46.7407723878376,sao paulo,sp
05787,-23.61730114552545,-46.75773107172503,sao paulo,sp
05752,-23.61873040773737,-46.75077995539718,sao paulo,sp
05707,-23.64358026840783,-46.73208462230973,sao paulo,sp
05790,-23.63932372522937,-46.78276059922671,sao paulo,sp
05754,-23.61935913765944,-46.75424524187779,sao paulo,sp
05711,-23.611497852617035,-46.74395092907849,sao paulo,sp
05704,-23.62882679156327,-46.71923267485142,sao paulo,sp
05716,-23.632319957479847,-46.73365392913309,sao paulo,sp
05729,-23.63329280322003,-46.73784151540766,sao paulo,sp
05784,-23.61897561587513,-46.761405322926855,sao paulo,sp
05791,-23.64976236303304,-46.782368874545575,sao paulo,sp
05797,-23.657046684430707,-46.77487448320736,sao paulo,sp
05749,-23.62113416985977,-46.74593826755724,sao paulo,sp
05781,-23.653133822090147,-46.76031588842404,sao paulo,sp
05776,-23.63513850513589,-46.74873850943505,sao paulo,sp
05713,-23.62510448987245,-46.72835260796926,sao paulo,sp
05712,-23.621218014623533,-46.730938112555634,sao paulo,sp
05743,-23.612709195394977,-46.75626773244273,sao paulo,sp
05727,-23.625590333054426,-46.73905080544173,sao paulo,sp
05788,-23.633982471002327,-46.77712236663973,sao paulo,sp
05775,-23.63536464723873,-46.756094207600015,sao paulo,sp
05774,-23.63104970774424,-46.75049532722605,sao paulo,sp
05780,-23.64789179932489,-46.75019352276526,sao paulo,sp
05760,-23.63275291840267,-46.7664793477696,sao paulo,sp
05795,-23.647126672773947,-46.77838211463436,sao paulo,sp
05706,-23.63354212101101,-46.7242709089676,sao paulo,sp
05730,-23.633964565641403,-46.74107526602805,sao paulo,sp
05798,-23.65935571412088,-46.76962645115125,sao paulo,sp
05789,-23.656650160424697,-46.77635938288413,sao paulo,sp
05725,-23.624707452680465,-46.734780494171616,sao paulo,sp
05723,-23.64118724923539,-46.7311988716314,sao paulo,sp
05772,-23.63772854593455,-46.75823555759132,sao paulo,sp
05762,-23.642055128786254,-46.76451918240224,sao paulo,sp
05731,-23.63933091257429,-46.74136005926474,sao paulo,sp
05786,-23.636521320012687,-46.77320758159732,sao paulo,sp
05742,-23.611619569006574,-46.749438722782806,sao paulo,sp
05766,-23.630734792111525,-46.75447497169482,sao paulo,sp
05770,-23.648536477927227,-46.75895002553523,sao paulo,sp
05755,-23.61886828642737,-46.75733442117264,sao paulo,sp
05718,-23.6342068215419,-46.735095535807,sao paulo,sp
05745,-23.61484848232039,-46.75224765726245,sao paulo,sp
05710,-23.608188,-46.74558149999999,sao paulo,sp
05857,-23.65656157967509,-46.77925716266672,sao paulo,sp
05820,-23.66788559645675,-46.74222196488547,sao paulo,sp
05821,-23.666423029141896,-46.75327763128279,sao paulo,sp
05893,-23.658173099178697,-46.79023746675085,sao paulo,sp
05819,-23.66429284762538,-46.73636514418031,sao paulo,sp
05878,-23.690357821541895,-46.787174842633725,sao paulo,sp
05801,-23.64640934471119,-46.734035752149566,sao paulo,sp
05815,-23.66038744517864,-46.73521357245073,sao paulo,sp
05882,-23.683086209273448,-46.78696567415893,sao paulo,sp
05847,-23.653066023313517,-46.74602714141034,sao paulo,sp
05835,-23.65313653566277,-46.75922277560735,sao paulo,sp
05851,-23.664030171244736,-46.75469776617227,sao paulo,sp
05833,-23.67089250180615,-46.76035586712516,sao paulo,sp
05883,-23.67757760408092,-46.7784201147977,sao paulo,sp
05813,-23.6563369483522,-46.73044073141923,sao paulo,sp
05874,-23.69891158312654,-46.78192879600666,sao paulo,sp
05842,-23.64926293144441,-46.74191755176293,sao paulo,sp
05877,-23.68901505107045,-46.7921220298344,sao paulo,sp
05818,-23.66530789869583,-46.72985416250216,sao paulo,sp
05805,-23.651355387214583,-46.733743760102726,sao paulo,sp
05876,-23.699380666553203,-46.79162868370724,sao paulo,sp
05885,-23.680098,-46.78833855164511,sao paulo,sp
05872,-23.68833599639332,-46.77583654010618,sao paulo,sp
05886,-23.679010904807125,-46.79185744851908,sao paulo,sp
05854,-23.6614322514571,-46.76008267929481,sao paulo,sp
05884,-23.6728955589763,-46.77665233389114,sao paulo,sp
05843,-23.650484175688145,-46.73618254579033,sao paulo,sp
05856,-23.652995112960937,-46.78211825214959,sao paulo,sp
05863,-23.67604623980033,-46.76574141618096,sao paulo,sp
05858,-23.66680329236412,-46.78338322207837,sao paulo,sp
05845,-23.654069004991666,-46.74337428420569,sao paulo,sp
05849,-23.651114842510157,-46.75521082321932,sao paulo,sp
05814,-23.66028776380634,-46.7316963702464,sao paulo,sp
05879,-23.68640097530149,-46.79388410713256,sao paulo,sp
05822,-23.663992138496155,-46.75249755467712,sao paulo,sp
05816,-23.6652365276127,-46.73926853941369,sao paulo,sp
05832,-23.67562886594724,-46.750540337497824,sao paulo,sp
05853,-23.66138798473656,-46.75169947238731,sao paulo,sp
05894,-23.651715093143583,-46.787411725868246,sao paulo,sp
05836,-23.648531532056097,-46.7353188702464,sao paulo,sp
05873,-23.68924295245188,-46.77704194190851,sao paulo,sp
05870,-23.678278009435065,-46.77417885290551,sao paulo,sp
05830,-23.667495097697493,-46.74613564946042,sao paulo,sp
05881,-23.68415988120569,-46.78090967042456,sao paulo,sp
05841,-23.648081175688144,-46.74195780030584,sao paulo,sp
05866,-23.678013792948253,-46.767386058428045,sao paulo,sp
05852,-23.66869027477061,-46.75727635567546,sao paulo,sp
05846,-23.65931721291569,-46.74501784139144,sao paulo,sp
05860,-23.664613967185403,-46.76746998305712,sao paulo,sp
05890,-23.66734335045476,-46.78750322877922,sao paulo,sp
05892,-23.66130574219674,-46.78506411329512,sao paulo,sp
05844,-23.654232282820697,-46.73677309838999,sao paulo,sp
05812,-23.657102948092827,-46.73313710866176,sao paulo,sp
05855,-23.66194585928213,-46.76384176158465,sao paulo,sp
05868,-23.660562499307517,-46.7754027171793,sao paulo,sp
05848,-23.65685448590773,-46.75778197836609,sao paulo,sp
05880,-23.687235450458758,-46.79042453427781,sao paulo,sp
05862,-23.66611588703907,-46.76457248987244,sao paulo,sp
05859,-23.66710446211552,-46.76940816694557,sao paulo,sp
05887,-23.679122060505502,-46.79956128420569,sao paulo,sp
05871,-23.68363258006812,-46.77071537246812,sao paulo,sp
05889,-23.668034915001563,-46.78780191603595,sao paulo,sp
05875,-23.69623798612153,-46.78661122107443,sao paulo,sp
05869,-23.6752188687172,-46.77215835345377,sao paulo,sp
05850,-23.655848186508187,-46.753966419239376,sao paulo,sp
05834,-23.66952984179699,-46.755049185267424,sao paulo,sp
05861,-23.672818885654088,-46.75980281891616,sao paulo,sp
05823,-23.66460801224381,-46.75018111784669,sao paulo,sp
05891,-23.663310799613352,-46.78904301832187,sao paulo,sp
05831,-23.67208722453689,-46.74664062906108,sao paulo,sp
05840,-23.646542228143574,-46.73975228711988,sao paulo,sp
05864,-23.675628625858444,-46.76198409977497,sao paulo,sp
05804,-23.6483172917075,-46.73174552524676,sao paulo,sp
05802,-23.66079909769749,-46.72552379003407,sao paulo,sp
05888,-23.67285946433722,-46.79496372453689,sao paulo,sp
05867,-23.67262267819595,-46.76950770669112,sao paulo,sp
05895,-23.652265201771623,-46.78579959201333,sao paulo,sp
05828,-23.66849790118584,-46.74165736925482,sao paulo,sp
06036,-23.559508137402258,-46.77587275540442,osasco,sp
06065,-23.552978667782284,-46.78876388882808,osasco,sp
06083,-23.5432607129957,-46.7775246695713,osasco,sp
06033,-23.562275627243423,-46.77786620774424,osasco,sp
06028,-23.54861380241197,-46.76471317525546,osasco,sp
06045,-23.569732058283808,-46.794309966703146,osasco,sp
06026,-23.54980959867844,-46.76308696751122,osasco,sp
06050,-23.56108266945574,-46.78510372217097,osasco,sp
06097,-23.528128203061986,-46.77680754732808,osasco,sp
06040,-23.57022881903173,-46.78203873576096,osasco,sp
06016,-23.53366928919733,-46.780298393271465,osasco,sp
06018,-23.54001991369947,-46.77765642117263,osasco,sp
06093,-23.53814645424444,-46.781651997219335,osasco,sp
06090,-23.530066660539287,-46.78718498327306,osasco,sp
06086,-23.536075904784,-46.78451070745578,osasco,sp
06013,-23.530135197563727,-46.77720142479202,osasco,sp
06030,-23.561963448642192,-46.76548706519646,osasco,sp
06075,-23.55182946462568,-46.78773577575158,osasco,sp
06053,-23.567394946361183,-46.79295747990047,osasco,sp
06020,-23.53538565178984,-46.76092361691542,osasco,sp
06070,-23.55103301139162,-46.78430381825348,osasco,sp
06080,-23.544421691355613,-46.78839877935824,osasco,sp
06060,-23.552456794881493,-46.78012559033992,osasco,sp
06010,-23.535843212083293,-46.76406620886582,osasco,sp
06056,-23.565986162357948,-46.78504212655093,osasco,sp
06023,-23.54409619233656,-46.76689678195532,osasco,sp
06038,-23.563429288970184,-46.776834047629656,osasco,sp
06029,-23.54735771517596,-46.7656262122152,osasco,sp
06037,-23.55503701638862,-46.77326263310046,osasco,sp
06160,-23.56267680949066,-46.80937040670384,osasco,sp
06122,-23.545489579231408,-46.798207717035055,osasco,sp
06170,-23.54585713211952,-46.80489027352986,osasco,sp
06162,-23.55775014393556,-46.80815711799397,osasco,sp
06144,-23.56949384569213,-46.8037303756421,osasco,sp
06186,-23.53386853621104,-46.81391517346643,osasco,sp
06150,-23.581716041873264,-46.81487809720846,osasco,sp
06192,-23.527419336689768,-46.79951706425642,osasco,sp
06184,-23.541090517889177,-46.806520500000005,osasco,sp
06180,-23.53751282051502,-46.802685846524746,osasco,sp
06149,-23.585668711350923,-46.81450391286273,osasco,sp
06110,-23.529736487650748,-46.793052245224686,osasco,sp
06126,-23.55001323680969,-46.79182616233078,osasco,sp
06130,-23.557699192596303,-46.79915738395919,osasco,sp
06172,-23.54204599711017,-46.81338237476369,osasco,sp
06152,-23.56521911076391,-46.80795515004952,osasco,sp
06182,-23.5318644676841,-46.81364441909517,osasco,sp
06140,-23.58146817236992,-46.7988778133476,osasco,sp
06124,-23.546423788764656,-46.801176989988015,osasco,sp
06114,-23.532421040994027,-46.79702878957672,osasco,sp
06132,-23.56252661032884,-46.79832374505576,osasco,sp
06120,-23.543879354694507,-46.79098153413357,osasco,sp
06142,-23.57123779294824,-46.79956213725541,osasco,sp
06190,-23.530733634456787,-46.80171451027177,osasco,sp
06154,-23.55920378766813,-46.80348418373821,osasco,sp
06194,-23.52517861143172,-46.80307405995724,osasco,sp
06145,-23.574366,-46.8042525,osasco,sp
06147,-23.5759455644197,-46.80839392743596,osasco,sp
06112,-23.537767924231044,-46.7960720491372,osasco,sp
06187,-23.545172078023963,-46.81366410089367,osasco,sp
06102,-23.54946788095088,-46.81297818818162,osasco,sp
06210,-23.53249257893793,-46.76495582794104,osasco,sp
06276,-23.474831167458955,-46.771401353473415,osasco,sp
06236,-23.50689076715323,-46.78586646309645,osasco,sp
06226,-23.50902539056533,-46.77749182278458,osasco,sp
06286,-23.507298266732708,-46.77267139333711,osasco,sp
06216,-23.52567350761739,-46.76902195671984,osasco,sp
06298,-23.509894002769958,-46.76214752305371,osasco,sp
06278,-23.48096746594097,-46.78610335705968,osasco,sp
06233,-23.51236148932418,-46.78486267055226,osasco,sp
06230,-23.513743681472377,-46.80485744091285,osasco,sp
06296,-23.522903266720537,-46.7557518290437,osasco,sp
06266,-23.48960523619365,-46.79252124522469,osasco,sp
06253,-23.500210482947537,-46.795514075364906,osasco,sp
06223,-23.51409806160203,-46.77680178890888,osasco,sp
06273,-23.499688721157742,-46.76690136300499,osasco,sp
06263,-23.49345128449413,-46.80460480405675,osasco,sp
06268,-23.502832083530578,-46.78519421885273,osasco,sp
06213,-23.53236399720137,-46.76773272202672,osasco,sp
06293,-23.51370773310217,-46.76080881901822,osasco,sp
06220,-23.51664287858874,-46.7830835646749,osasco,sp
06260,-23.49820950764605,-46.78964941326677,osasco,sp
06280,-23.51101260170821,-46.76163428864908,osasco,sp
06283,-23.5168573377747,-46.770197196975495,osasco,sp
06270,-23.49708886034903,-46.771496572731024,osasco,sp
06250,-23.503140623953,-46.79416267507853,osasco,sp
06246,-23.49994008604073,-46.81177024952385,osasco,sp
06288,-23.5041682625656,-46.76754376256561,osasco,sp
06243,-23.50120698102153,-46.7987711273679,osasco,sp
06290,-23.5186892031566,-46.77405856691081,osasco,sp
06240,-23.503108075768957,-46.80236768082403,osasco,sp
06382,-23.54811119219724,-46.841166759880586,carapicuiba,sp
06342,-23.58361358776967,-46.82348459106787,carapicuiba,sp
06396,-23.53125411605382,-46.8537264746338,carapicuiba,sp
06332,-23.545282500000003,-46.828647,carapicuiba,sp
06385,-23.549127420811832,-46.84347909144322,carapicuiba,sp
06384,-23.541240856580416,-46.84765384289464,carapicuiba,sp
06386,-23.53274732599706,-46.847029365764215,carapicuiba,sp
06365,-23.548007803126943,-46.8485750585056,carapicuiba,sp
06395,-23.53001209630836,-46.84894223601885,carapicuiba,sp
06325,-23.533474292941296,-46.83775058563052,carapicuiba,sp
06330,-23.55971076646229,-46.8303535073357,carapicuiba,sp
06310,-23.515829118145916,-46.83639885986718,carapicuiba,sp
06355,-23.55785784071353,-46.86825867057117,carapicuiba,sp
06380,-23.54770711276392,-46.83422886223403,carapicuiba,sp
06333,-23.560334069182986,-46.8336991427025,carapicuiba,sp
06331,-23.542083660447123,-46.83143328168663,carapicuiba,sp
06343,-23.572164204757414,-46.833147883565005,carapicuiba,sp
06317,-23.5259011954249,-46.84502074190641,carapicuiba,sp
06315,-23.52730267158435,-46.83872492787823,carapicuiba,sp
06320,-23.52021140574761,-46.83725321364287,carapicuiba,sp
06326,-23.52809481546557,-46.8272377094224,carapicuiba,sp
06321,-23.54219770373341,-46.82758557331966,carapicuiba,sp
06345,-23.576570457917384,-46.8371351952009,carapicuiba,sp
06390,-23.539218941614852,-46.84530489379081,carapicuiba,sp
06362,-23.55117864806671,-46.83780800807718,carapicuiba,sp
06361,-23.543716852784645,-46.856436747034856,carapicuiba,sp
06341,-23.57241932843741,-46.81653106742156,carapicuiba,sp
06327,-23.53486864893617,-46.82116434932043,carapicuiba,sp
06311,-23.5215728152839,-46.8470896586926,carapicuiba,sp
06364,-23.564036173949223,-46.843152493995085,carapicuiba,sp
06352,-23.565225168628363,-46.86928228028876,carapicuiba,sp
06381,-23.54833767344497,-46.84135989135912,carapicuiba,sp
06322,-23.527097594125784,-46.831472720216745,carapicuiba,sp
06360,-23.55679024166568,-46.83965446535143,carapicuiba,sp
06335,-23.55579745357485,-46.83153865675117,carapicuiba,sp
06363,-23.56716817102832,-46.84068837436224,carapicuiba,sp
06340,-23.56573882697004,-46.82322005984521,carapicuiba,sp
06350,-23.57649909972964,-46.85922428347167,carapicuiba,sp
06397,-23.53112815358786,-46.86075517677384,carapicuiba,sp
06329,-23.543018464281857,-46.82382469075819,carapicuiba,sp
06394,-23.525210572335656,-46.8574851658444,carapicuiba,sp
06328,-23.55530825212225,-46.85588504889215,carapicuiba,sp
06351,-23.57327904802065,-46.8627318839254,carapicuiba,sp
06334,-23.544435450486997,-46.830051945473365,carapicuiba,sp
06387,-23.55134994036523,-46.83514188734528,carapicuiba,sp
06379,-23.53484202582972,-46.85972267199777,carapicuiba,sp
06455,-23.50247657869377,-46.85563438418507,barueri,sp
06428,-23.496147234669607,-46.96217289811124,barueri,sp
06449,-23.5427504782077,-46.86625768361591,barueri,sp
06472,-23.48430859074361,-46.84897173739372,barueri,sp
06454,-23.49317067158778,-46.847466200289865,barueri,sp
06405,-23.50216980862949,-46.89791528982357,barueri,sp
06414,-23.495901469908656,-46.87468669635919,barueri,sp
06401,-23.50924262107987,-46.88666937892011,barueri,sp
06402,-23.508473315910926,-46.879738398736976,barueri,sp
06412,-23.50300164920803,-46.88036874575939,barueri,sp
06448,-23.54540501344919,-46.877269420164986,barueri,sp
06453,-23.496512330315728,-46.85319907277732,barueri,sp
06413,-23.4829988317525,-46.87868868462821,barueri,sp
06417,-23.487311171336483,-46.88600566361078,barueri,sp
06407,-23.500582512485654,-46.89233398345806,barueri,sp
06462,-23.483826206996675,-46.8044683128608,barueri,sp
06433,-23.53163248852317,-46.88560266531674,barueri,sp
06460,-23.50445927126197,-46.84497058265231,barueri,sp
06423,-23.496409640874635,-46.90376882988474,barueri,sp
06447,-23.54787985761916,-46.88417090735773,barueri,sp
06420,-23.507324736473898,-46.88916151453831,barueri,sp
06458,-23.494709724651205,-46.8159959010025,barueri,sp
06422,-23.518515212070696,-46.89450998264022,barueri,sp
06436,-23.53994293192069,-46.88676604933411,barueri,sp
06465,-23.507407290616538,-46.84703285302898,barueri,sp
06470,-23.497234203764677,-46.8592171116581,barueri,sp
06404,-23.50682727840872,-46.87255898428397,barueri,sp
06440,-23.5105249691296,-46.86104614786531,barueri,sp
06421,-23.50956701819199,-46.89803072157397,barueri,sp
06416,-23.48757912274412,-46.89556419738859,barueri,sp
06437,-23.5420009843073,-46.88815006992992,barueri,sp
06473,-23.4815270104764,-46.86658899220148,barueri,sp
06410,-23.4999231865502,-46.86532587216816,barueri,sp
06474,-23.491009097302378,-46.85001991487858,barueri,sp
06409,-23.491756697843805,-46.89634269921673,barueri,sp
06444,-23.543538120019367,-46.88441097315454,barueri,sp
06429,-23.491791912543025,-46.94733309700014,barueri,sp
06411,-23.503268675109176,-46.87545255898674,barueri,sp
06471,-23.485965600458005,-46.853572644994976,barueri,sp
06435,-23.52735457368866,-46.88567388149708,barueri,sp
06406,-23.50193224621361,-46.88748451088527,barueri,sp
06408,-23.49659238050181,-46.88637607486702,barueri,sp
06415,-23.49105038611275,-46.88955177094367,barueri,sp
06485,-23.483324107200392,-46.847478354090256,barueri,sp
06445,-23.530168828724,-46.86460277776005,barueri,sp
06434,-23.53558353710553,-46.88310044870239,barueri,sp
06443,-23.545812876609087,-46.86502869248949,barueri,sp
06463,-23.505089673519063,-46.809600405339054,barueri,sp
06442,-23.51875154544895,-46.86084468183887,barueri,sp
06419,-23.475866148343336,-46.88521871906254,barueri,sp
06418,-23.482917000000004,-46.88653108315505,barueri,sp
06475,-23.48818311739509,-46.83514985882802,barueri,sp
06424,-23.495901469908656,-46.87468669635919,barueri,sp
06480,-23.48801831246201,-46.85551053744682,barueri,sp
06532,-23.439234768988943,-46.89947341821175,santana de parnaiba,sp
06542,-23.47954358443588,-46.864162608362506,santana de parnaiba,sp
06501,-23.440368006116845,-46.92494320760001,santana de parnaiba,sp
06540,-23.45999953873564,-46.879733658501294,santana de parnaiba,sp
06541,-23.463713095897067,-46.87010195618704,santana de parnaiba,sp
06502,-23.450970467943904,-46.92624839578164,santana de parnaiba,sp
06535,-23.42685192423104,-46.85164034471118,santana de parnaiba,sp
06543,-23.45958665954217,-46.81783648621917,santana de parnaiba,sp
06544,-23.463669949766263,-46.867870523601965,santana de parnaiba,sp
06513,-23.466737282854947,-46.90460432628395,santana de parnaiba,sp
06520,-23.47284317186321,-46.978135172423926,santana de parnaiba,sp
06519,-23.49413311227142,-46.97080924393411,santana de parnaiba,sp
06530,-23.41153707689413,-46.87870290911184,santana de parnaiba,sp
06515,-23.47612082653356,-46.89640352164008,santana de parnaiba,sp
06516,-23.479792606440068,-46.89058144310116,santana de parnaiba,sp
06537,-23.425218648775207,-46.826112801010886,santana de parnaiba,sp
06503,-23.45808668137229,-46.9312245416354,santana de parnaiba,sp
06528,-23.40706624646544,-46.89669664377628,santana de parnaiba,sp
06506,-23.419753962259747,-46.95925190896761,santana de parnaiba,sp
06539,-23.467741734270515,-46.87766497864536,santana de parnaiba,sp
06529,-23.40576223477876,-46.87360663812117,santana de parnaiba,sp
06523,-23.494476688037395,-47.00484919845341,santana de parnaiba,sp
06509,-23.452001502791397,-46.93878418754375,santana de parnaiba,sp
06526,-23.425262099277223,-46.92677819317873,santana de parnaiba,sp
06524,-23.477212542782237,-47.001109000787466,santana de parnaiba,sp
06505,-23.409419756065187,-46.943437379784754,santana de parnaiba,sp
06531,-23.415240048848744,-46.88396382416762,santana de parnaiba,sp
06533,-23.42303512236423,-46.87495501153354,santana de parnaiba,sp
06525,-23.422335354010176,-46.8930782624788,santana de parnaiba,sp
06504,-23.43983780322003,-46.93389051734091,santana de parnaiba,sp
06514,-23.46956398251577,-46.90793347183241,santana de parnaiba,sp
06517,-23.47611023419865,-46.93397429636492,santana de parnaiba,sp
06534,-23.40674016126142,-46.87531810283337,santana de parnaiba,sp
06626,-23.54573019633161,-46.91596156272515,jandira,sp
06656,-23.55266738040897,-46.9176766002288,itapevi,sp
06624,-23.54491726524064,-46.909179399440994,jandira,sp
06636,-23.55566231638577,-46.89595792306139,jandira,sp
06653,-23.547864497191817,-46.92542765190682,itapevi,sp
06654,-23.538289102900915,-46.9265911416677,itapevi,sp
06680,-23.533790389172555,-46.915877230730494,itapevi,sp
06655,-23.55598641767845,-46.91197686352571,itapevi,sp
06622,-23.551050344797275,-46.90425505423155,jandira,sp
06663,-23.56337220714669,-46.93710104735605,itapevi,sp
06642,-23.55715469123798,-46.87292061373248,jandira,sp
06652,-23.550543318545813,-46.927407240465456,itapevi,sp
06620,-23.54213403659237,-46.89181101896085,jandira,sp
06600,-23.532465887291032,-46.90341559813994,jandira,sp
06665,-23.5547656072746,-46.94943508267261,itapevi,sp
06695,-23.525659379599325,-46.96457582591174,itapevi,sp
06608,-23.533086829728973,-46.91513131493639,jandira,sp
06685,-23.538954742236825,-47.01193689201895,itapevi,sp
06657,-23.56088285204362,-46.92572026491965,itapevi,sp
06660,-23.55104059405434,-46.95472173141409,itapevi,sp
06606,-23.531476079445984,-46.90740942248553,jandira,sp
06693,-23.541701708637145,-46.93834484362289,itapevi,sp
06604,-23.53965499040152,-46.90405595391511,jandira,sp
06616,-23.5280428077842,-46.910864071258345,jandira,sp
06612,-23.522154510663704,-46.92328877719638,jandira,sp
06670,-23.583051716675406,-46.97104081373576,itapevi,sp
06690,-23.52540841061696,-46.95199135524094,itapevi,sp
06694,-23.536045654850117,-46.94279597843593,itapevi,sp
06618,-23.523662399900104,-46.90050861314917,jandira,sp
06683,-23.54803006558117,-46.92089781038085,itapevi,sp
06696,-23.52675976321213,-46.94317674153119,itapevi,sp
06602,-23.53266349887183,-46.89603986384248,jandira,sp
06634,-23.55933678143786,-46.90478111014794,jandira,sp
06610,-23.524186067799068,-46.92088103105522,jandira,sp
06675,-23.545878332448808,-46.97058652285942,itapevi,sp
06650,-23.54458899714706,-46.93515870222017,itapevi,sp
06609,-23.53622923116061,-46.91059764175365,jandira,sp
06630,-23.556253381296266,-46.88908211526454,jandira,sp
06684,-23.538936648700837,-46.942246782823496,itapevi,sp
06631,-23.54713909235776,-46.90508483322266,jandira,sp
06633,-23.530553236083108,-46.8862397904778,jandira,sp
06673,-23.554944,-46.911946500000006,itapevi,sp
06648,-23.548521880837207,-46.867086541860346,jandira,sp
06716,-23.60522961818243,-46.90761789965579,cotia,sp
06756,-23.606386840958358,-46.76874080680691,taboao da serra,sp
06755,-23.599803598747204,-46.76730516108957,taboao da serra,sp
06730,-23.659233203083232,-46.99692810611056,vargem grande paulista,sp
06763,-23.60978638462481,-46.75740105595065,taboao da serra,sp
06706,-23.57781537829649,-46.87143325145709,cotia,sp
06705,-23.59181277854835,-46.880646415247824,cotia,sp
06775,-23.638223126839392,-46.801967395781645,taboo da serra,sp
06785,-23.631791720785976,-46.80447093588782,taboao da serra,sp
06700,-23.618364275958324,-46.94004136202083,cotia,sp
06786,-23.62213118007229,-46.80837838505422,taboao da serra,sp
06765,-23.623297507355577,-46.769556898983055,taboao da serra,sp
06773,-23.6393961232311,-46.79127816548621,taboao da serra,sp
06719,-23.624444263700656,-46.94883555820426,cotia,sp
06704,-23.566410360148463,-46.92207458901101,cotia,sp
06754,-23.605236000000005,-46.762163999999984,taboao da serra,sp
06727,-23.677093306465256,-47.02318103367326,cotia,sp
06712,-23.60539363157747,-46.848237089039166,cotia,sp
06725,-23.68679323628961,-47.02210605008242,cotia,sp
06783,-23.629611017485143,-46.78773145475794,taboao da serra,sp
06711,-23.6150603215516,-46.837480828765536,cotia,sp
06764,-23.612294462020333,-46.76578686529368,taboao da serra,sp
06766,-23.62527254443769,-46.77949146270542,taboao da serra,sp
06713,-23.615928708516527,-46.84997839900814,cotia,sp
06710,-23.60216311173847,-46.82371615806562,cotia,sp
06770,-23.63662620516105,-46.7894501995806,taboao da serra,sp
06703,-23.59398471189917,-46.91059123022104,cotia,sp
06717,-23.6051651312828,-46.92504614654623,cotia,sp
06709,-23.586602699694154,-46.81808313197529,cotia,sp
06794,-23.61788568928644,-46.80614192140317,taboo da serra,sp
06708,-23.58516238605811,-46.8418149476888,cotia,sp
06787,-23.62704363918865,-46.79980025520799,taboao da serra,sp
06780,-23.617823004822213,-46.79358236394467,taboao da serra,sp
06726,-23.665930600578445,-47.02993636190237,cotia,sp
06767,-23.61680127254892,-46.786842838738565,taboao da serra,sp
06715,-23.60931570674486,-46.8753062213065,cotia,sp
06784,-23.624018922687156,-46.793295569834896,taboo da serra,sp
06790,-23.61030541993188,-46.78378189508913,taboao da serra,sp
06768,-23.607693000000005,-46.75265774999998,taboao da serra,sp
06707,-23.592204997718003,-46.86812372373,cotia,sp
06753,-23.60435412545441,-46.75198912308847,taboao da serra,sp
06702,-23.580893514570946,-46.924123919095166,cotia,sp
06760,-23.61309814432454,-46.77081710713256,taboao da serra,sp
06774,-23.641264649957648,-46.80037274803932,taboao da serra,sp
06721,-23.645771633360276,-46.98439885206878,cotia,sp
06714,-23.600313736455817,-46.87138992616375,cotia,sp
06720,-23.636208457701084,-46.9756788948205,cotia,sp
06722,-23.65030577512848,-46.95766240287004,cotia,sp
06795,-23.615066461567263,-46.79855272938433,taboao da serra,sp
06757,-23.61150502746371,-46.77842645756407,taboao da serra,sp
06729,-23.705814069392304,-47.02894506994056,cotia,sp
06728,-23.683053826002467,-47.01811401873671,cotia,sp
06701,-23.604866039023054,-46.96992832689088,cotia,sp
06723,-23.713174570729944,-47.04769750547051,cotia,sp
06724,-23.675757828380878,-46.902058531982775,cotia,sp
06793,-23.619672721933625,-46.81016057837504,taboao da serra,sp
06738,-23.64615211486552,-47.00279569847461,vargem grande paulista,sp
06814,-23.6572766081135,-46.80590562447345,embu das artes,sp
06826,-23.664515636418688,-46.80278326934626,embu das artes,sp
06865,-23.74304513879952,-46.79107615445491,itapecerica da serra,sp
06843,-23.658831533729536,-46.861262119077765,embu,sp
06833,-23.652496885105823,-46.83798857631722,embu das artes,sp
06835,-23.678719438253747,-46.85362107799065,embu das artes,sp
06850,-23.70404669608747,-46.851423799613336,itapecerica da serra,sp
06815,-23.654906570084798,-46.81387707340303,embu das artes,sp
06803,-23.64698286895065,-46.8457050644261,embu das artes,sp
06852,-23.711999038621556,-46.85931236190325,itapecerica da serra,sp
06846,-23.635424074383973,-46.87334113976557,embu das artes,sp
06867,-23.75419499999998,-46.80973830999994,itapecerica da serra,sp
06876,-23.77496443838616,-46.89440379149983,itapecerica da serra,sp
06851,-23.720001923582828,-46.86157036077477,itapecerica da serra,sp
06840,-23.65064487501945,-46.85714590274967,embu das artes,sp
06813,-23.65039033028447,-46.80292564377628,embu das artes,sp
06807,-23.630417161261416,-46.82669592270185,embu,sp
06856,-23.69028149999999,-46.80095174999999,itapecerica da serra,sp
06844,-23.662872365543212,-46.89330326172887,embu das artes,sp
06820,-23.66364846622004,-46.79594902419812,embu das artes,sp
06871,-23.72033746105922,-46.85362208015704,itapecerica da serra,sp
06824,-23.669657221034846,-46.810737255407446,embu das artes,sp
06817,-23.62835584707712,-46.81310630988513,embu das artes,sp
06823,-23.671959474609,-46.80336321397664,embu das artes,sp
06804,-23.64240477118844,-46.84976106435324,embu das artes,sp
06872,-23.732035438802,-46.8566753001616,itapecerica da serra,sp
06859,-23.71938727401964,-46.84252095196072,itapecerica da serra,sp
06888,-23.6870235,-46.86083774999999,itapecerica da serra,sp
06806,-23.638721562871435,-46.837239103381634,embu das artes,sp
06816,-23.645106,-46.83806297056964,embu das artes,sp
06810,-23.650602102678075,-46.795999133052526,embu das artes,sp
06863,-23.720900932357058,-46.79874786562563,itapecerica da serra,sp
06853,-23.68913659838998,-46.85084778934157,itapecerica da serra,sp
06864,-23.748060277471268,-46.79399156767659,itapecerica da serra,sp
06855,-23.685282,-46.826154,itapecerica da serra,sp
06857,-23.709639237874597,-46.80434487268545,itapecerica da serra,sp
06885,-23.702796689441573,-46.877468146497456,itapecerica da serra,sp
06805,-23.640724351376285,-46.85460656771887,embu das artes,sp
06866,-23.757565262220748,-46.80819952641272,itapecerica da serra,sp
06874,-23.75956062345793,-46.84383738575602,itapecerica da serra,sp
06858,-23.71935075300354,-46.82570527868464,itapecerica da serra,sp
06825,-23.666629119597378,-46.808828744503536,embu das artes,sp
06845,-23.64428184430716,-46.90232761143171,embu das artes,sp
06861,-23.73306009769749,-46.79753873550117,itapecerica da serra,sp
06868,-23.7490929682216,-46.79385532943427,itapecerica da serra,sp
06882,-23.740323844601743,-46.89787469482508,itapecerica da serra,sp
06860,-23.72057947896884,-46.837988478968846,itapecerica da serra,sp
06887,-23.717373205444247,-46.81277569109751,itapecerica da serra,sp
06886,-23.72160435020788,-46.89693958580656,itapecerica da serra,sp
06880,-23.77909412531824,-46.91763743255955,itapecerica da serra,sp
06870,-23.74956651828874,-46.88529751613039,itapecerica da serra,sp
06854,-23.69591864866752,-46.84699648988067,itapecerica da serra,sp
06830,-23.646114,-46.84138200000001,embu das artes,sp
06869,-23.74239010076063,-46.847411530960265,itapecerica da serra,sp
06873,-23.753664478720523,-46.85888484550863,itapecerica da serra,sp
06877,-23.77881881526998,-46.89824806049631,itapecerica da serra,sp
06881,-23.74431149999998,-46.91809948699995,itapecerica da serra,sp
06818,-23.642048023368268,-46.83752624335116,embu das artes,sp
07041,-23.48392863558197,-46.54665783166945,guarulhos,sp
07084,-23.453200132516344,-46.484469408993874,guarulhos,sp
07082,-23.43435209908248,-46.54289717277396,guarulhos,sp
07012,-23.47194530291957,-46.5286161352722,guarulhos,sp
07061,-23.451109595620025,-46.55006957063305,guarulhos,sp
07023,-23.478156,-46.5416505,guarulhos,sp
07062,-23.464698537884477,-46.54732435567544,guarulhos,sp
07020,-23.46957611878932,-46.53809007799066,guarulhos,sp
07024,-23.471140526227718,-46.545920847769615,guarulhos,sp
07044,-23.48032754593456,-46.55338010352588,guarulhos,sp
07021,-23.476147344711183,-46.53627213044607,guarulhos,sp
07092,-23.461698740492825,-46.544156355675455,guarulhos,sp
07040,-23.47667359838998,-46.54462276311386,guarulhos,sp
07074,-23.457428518177625,-46.56396476894224,guarulhos,sp
07031,-23.496488565250488,-46.54671310832206,guarulhos,sp
07064,-23.448937515516096,-46.553315260612784,guarulhos,sp
07097,-23.44634995836461,-46.54365549347912,guarulhos,sp
07091,-23.464392221253405,-46.54273714209829,guarulhos,sp
07043,-23.484869015263445,-46.55279727768482,guarulhos,sp
07073,-23.45043630283224,-46.56537341000341,guarulhos,sp
07096,-23.450562303912523,-46.537281282820686,guarulhos,sp
07095,-23.459619887039068,-46.53766542783774,guarulhos,sp
07032,-23.50542926894224,-46.54869177407812,guarulhos,sp
07010,-23.470017831525222,-46.52874805176293,guarulhos,sp
07072,-23.44890331779098,-46.5573364365803,guarulhos,sp
07053,-23.47459008907121,-46.56096944910216,guarulhos,sp
07080,-23.444232506520866,-46.54848453344108,guarulhos,sp
07070,-23.45179751457096,-46.55390064723872,guarulhos,sp
07063,-23.457157219256768,-46.56012296350051,guarulhos,sp
07094,-23.45088569608748,-46.54498377407813,guarulhos,sp
07083,-23.43992670330083,-46.55230394324541,guarulhos,sp
07054,-23.465607904524205,-46.55524175728547,guarulhos,sp
07090,-23.46738266472387,-46.53599076242136,guarulhos,sp
07050,-23.4626275634197,-46.55332188634656,guarulhos,sp
07060,-23.451978604218368,-46.54807795115124,guarulhos,sp
07042,-23.48143747960067,-46.55022234540366,guarulhos,sp
07077,-23.43410150291419,-46.55347243450285,guarulhos,sp
07025,-23.483785075768957,-46.54155402025511,guarulhos,sp
07011,-23.469772924231048,-46.53254627185643,guarulhos,sp
07030,-23.49189491395926,-46.54629394463038,guarulhos,sp
07093,-23.46034695920133,-46.54093519386578,guarulhos,sp
07033,-23.4967913119626,-46.555892863725546,guarulhos,sp
07051,-23.4691433119626,-46.54714331225105,guarulhos,sp
07085,-23.42085702074166,-46.550243830160674,guarulhos,sp
07081,-23.444360601996667,-46.551058040798665,guarulhos,sp
07075,-23.43769934471118,-46.56133436955392,guarulhos,sp
07022,-23.476499968636396,-46.53918159256159,guarulhos,sp
07013,-23.47058431779098,-46.52329754593456,guarulhos,sp
07071,-23.45576545628714,-46.569519172773965,guarulhos,sp
07076,-23.433246502914187,-46.56532139064575,guarulhos,sp
07052,-23.46712354010617,-46.554768775463096,guarulhos,sp
07034,-23.47708125950717,-46.52523377185642,guarulhos,sp
07056,-23.459393645572977,-46.56533488185765,guarulhos,sp
07055,-23.46913213266778,-46.56209344463039,guarulhos,sp
07087,-23.424097557591324,-46.5434594686364,guarulhos,sp
07133,-23.44007914793122,-46.51144923980033,guarulhos,sp
07131,-23.42863214293956,-46.52196811296093,guarulhos,sp
07178,-23.397110654452085,-46.39153777629982,guarulhos,sp
07130,-23.441633350539565,-46.52250973688615,guarulhos,sp
07144,-23.41680789286744,-46.50745327116394,guarulhos,sp
07142,-23.411830065327237,-46.500920821017104,guarulhos,sp
07182,-23.443265682209017,-46.46568017485144,guarulhos,sp
07114,-23.45148088210395,-46.53010976420791,guarulhos,sp
07197,-23.46307610751172,-46.51553610303015,guarulhos,sp
07112,-23.465304114698757,-46.51148732089968,guarulhos,sp
07191,-23.4574125322318,-46.5108025671688,guarulhos,sp
07173,-23.43130297446477,-46.42849312822438,guarulhos,sp
07175,-23.401526605603344,-46.40154470774425,guarulhos,sp
07123,-23.44557935276127,-46.53198386081135,guarulhos,sp
07141,-23.42586781265509,-46.504539524006,guarulhos,sp
07151,-23.40768214432454,-46.45521436372553,guarulhos,sp
07174,-23.425946339725343,-46.42940633972533,guarulhos,sp
07155,-23.416430364418037,-46.46909115889548,guarulhos,sp
07113,-23.461303138496163,-46.518866387039054,guarulhos,sp
07152,-23.40802531933689,-46.47133305879546,guarulhos,sp
07171,-23.427770500692493,-46.435559364418026,guarulhos,sp
07111,-23.4646246045771,-46.52094903256674,guarulhos,sp
07177,-23.41837967638064,-46.39071328129149,guarulhos,sp
07140,-23.42207596280801,-46.49318406994056,guarulhos,sp
07170,-23.4319484074384,-46.44869453427779,guarulhos,sp
07132,-23.43615246572221,-46.51710112461768,guarulhos,sp
07124,-23.42468549125742,-46.53172199125743,guarulhos,sp
07135,-23.422313378296494,-46.520062240348594,guarulhos,sp
07180,-23.45311768995765,-46.4744416242606,guarulhos,sp
07193,-23.44736411878931,-46.5033182164868,guarulhos,sp
07195,-23.44963005467713,-46.51236226311386,guarulhos,sp
07161,-23.401157533417454,-46.430387580925895,guarulhos,sp
07196,-23.45730754731953,-46.51325832361937,guarulhos,sp
07153,-23.376380280598998,-46.451925193865776,guarulhos,sp
07160,-23.411582298084145,-46.44838156702636,guarulhos,sp
07176,-23.40949927477061,-46.39656594240867,guarulhos,sp
07172,-23.422664682209017,-46.433081147931205,guarulhos,sp
07190,-23.46000272745108,-46.49469066847478,guarulhos,sp
07179,-23.397201419095158,-46.41869442783772,guarulhos,sp
07110,-23.46798569608748,-46.52489026824975,guarulhos,sp
07115,-23.44419816600658,-46.53461373987942,guarulhos,sp
07192,-23.451856155981304,-46.50616235789715,guarulhos,sp
07121,-23.45434789869583,-46.52191227407812,guarulhos,sp
07194,-23.444148887039063,-46.50655197737896,guarulhos,sp
07181,-23.448875288656403,-46.46781931729888,guarulhos,sp
07150,-23.41957992423104,-46.46224752331352,guarulhos,sp
07120,-23.45269640383172,-46.52468869539498,guarulhos,sp
07145,-23.40396,-46.48452053274858,guarulhos,sp
07159,-23.383265594235034,-46.40537509893825,guarulhos,sp
07184,-23.403991499999997,-46.37721824999999,guarulhos,sp
07122,-23.447025555369624,-46.519970678602334,guarulhos,sp
07134,-23.430135991949918,-46.51056930904841,guarulhos,sp
07162,-23.40339826977895,-46.45172229531418,guarulhos,sp
07183,-23.44549010713256,-46.45827561587512,guarulhos,sp
07143,-23.41873121065844,-46.50373953497029,guarulhos,sp
07156,-23.394398930059435,-46.44971926672054,guarulhos,sp
07154,-23.37317624923539,-46.45044055536962,guarulhos,sp
07241,-23.44803925506378,-46.421980491257415,guarulhos,sp
07230,-23.45380367638063,-46.45145445920133,guarulhos,sp
07252,-23.446277999999992,-46.40192999999999,guarulhos,sp
07273,-23.46324850069249,-46.41923522952855,guarulhos,sp
07240,-23.44504860421836,-46.43848654884874,guarulhos,sp
07244,-23.44666323980033,-46.411660142102846,guarulhos,sp
07243,-23.434701180163835,-46.40890359008191,guarulhos,sp
07231,-23.45496427448088,-46.46921558018531,guarulhos,sp
07251,-23.435049027756925,-46.40011952262103,guarulhos,sp
07260,-23.43342619829973,-46.51212334325156,guarulhos,sp
07272,-23.464877898695818,-46.42562878642738,guarulhos,sp
07242,-23.44020126089216,-46.42148489425242,guarulhos,sp
07215,-23.472999,-46.43944199999999,guarulhos,sp
07262,-23.47959491035259,-46.39271570774423,guarulhos,sp
07221,-23.469882726614365,-46.46679213044607,guarulhos,sp
07223,-23.467637336112848,-46.47943065015292,guarulhos,sp
07210,-23.46085206994057,-46.44126771135092,guarulhos,sp
07232,-23.467303561198,-46.46382867860234,guarulhos,sp
07270,-23.46499917346644,-46.42743250582837,guarulhos,sp
07263,-23.464030452680458,-46.40153450291419,guarulhos,sp
07261,-23.410676208255264,-46.42291160766692,guarulhos,sp
07224,-23.467798540106173,-46.4840870918691,guarulhos,sp
07222,-23.464103940879475,-46.47162563849616,guarulhos,sp
07220,-23.464638461278803,-46.46461494240867,guarulhos,sp
07250,-23.42048611656762,-46.37096227837728,guarulhos,sp
07271,-23.41197469360249,-46.459605654603536,guarulhos,sp
07283,-23.439315918402663,-46.46090001110851,guarulhos,sp
07400,-23.39888374540156,-46.32526700508771,aruja,sp
07438,-23.409083593249346,-46.28845523761368,aruja,sp
07401,-23.38527609065766,-46.31301787468516,aruja,sp
07402,-23.39591131724272,-46.31899827976228,aruja,sp
07411,-23.40112949486411,-46.34138851387846,aruja,sp
07428,-23.4051401067681,-46.32131950173096,aruj,sp
07432,-23.423039783771525,-46.36774410079334,aruja,sp
07404,-23.392080073547252,-46.30000896517394,aruja,sp
07434,-23.41996124090287,-46.32738608027274,aruja,sp
07439,-23.397539228248547,-46.27163834118428,aruja,sp
07407,-23.381211479584262,-46.30779490895457,aruj,sp
07435,-23.420704775891934,-46.31999795222253,aruj,sp
07403,-23.391087779069785,-46.30914189647413,aruja,sp
07413,-23.408803110739232,-46.36246254815625,aruj,sp
07405,-23.38641832121657,-46.301997067412174,aruja,sp
07417,-23.379132228693216,-46.3193123129911,aruja,sp
07440,-23.429882728903998,-46.29304878043178,aruj,sp
07429,-23.41463294536991,-46.328017689291386,aruj,sp
07431,-23.419418541338626,-46.35509012683139,aruja,sp
07443,-23.418409552324658,-46.30508807701302,aruja,sp
07424,-23.33212210023304,-46.30937039275994,aruja,sp
07436,-23.41411051406001,-46.30289372746567,aruj,sp
07414,-23.40573127385733,-46.36894597389416,aruj,sp
07437,-23.424600379819804,-46.29351404366767,aruja,sp
07422,-23.388624369528188,-46.35467717956907,aruj,sp
07500,-23.313367272379296,-46.23184349266853,santa isabel,go
07776,-23.343487811300083,-46.840175855948345,cajamar,sp
07704,-23.3774620733186,-46.753456523931526,caieiras,sp
07756,-23.392614153170587,-46.8648560590236,cajamar,sp
07716,-23.34251792334343,-46.745811114511866,caieiras,sp
07700,-23.36233213890305,-46.74058494125767,caieiras,sp
07724,-23.35910724526087,-46.72577421608218,caieiras,sp
07714,-23.34919431729901,-46.758603833385294,caieiras,sp
07733,-23.408236783190294,-46.67231622506661,caieiras,sp
07713,-23.347181487784244,-46.75491144661285,caieiras,sp
07748,-23.39187012721304,-46.72906070986796,caieiras,sp
07786,-23.33393515295688,-46.83343856634467,cajamar,sp
07745,-23.386882070268666,-46.714929518546434,caieiras,sp
07703,-23.376577448093663,-46.75151004262958,caieiras,sp
07715,-23.346343587355577,-46.75353432528885,caieiras,sp
07793,-23.412406339751573,-46.837639395854666,cajamar,sp
07790,-23.406238298215783,-46.84102497498486,cajamar,sp
07792,-23.41802254548405,-46.85038169374384,cajamar,sp
07791,-23.410894778076816,-46.86669107437556,cajamar,sp
07781,-23.28337854193818,-46.87287949815808,cajamar,sp
07743,-23.37574543898512,-46.71223339198137,caieiras,sp
07794,-23.4161044508218,-46.82095139406629,cajamar,sp
07739,-23.39258990576802,-46.71424273476632,caieiras,sp
07740,-23.38982275455052,-46.711885288759895,caieiras,sp
07749,-23.385689614726992,-46.7393390368175,caieiras,sp
07718,-23.339741429318384,-46.75688078158616,caieiras,sp
07726,-23.374820440198363,-46.7001191005693,caieiras,sp
07750,-23.358925864874035,-46.87806465278453,cajamar,sp
07788,-23.35094146725932,-46.82862290518524,cajamar,sp
07787,-23.33533144333977,-46.82864717398648,cajamar,sp
07717,-23.33489259844219,-46.75054691713594,caieiras,sp
07744,-23.395696824398385,-46.718998992766174,caieiras,sp
07734,-23.40336334995244,-46.68564120141413,caieiras,sp
07712,-23.3555367728333,-46.74574703190718,caieiras,sp
07753,-23.329692260239877,-46.91994688928089,cajamar,sp
07727,-23.370101381026583,-46.67813688467624,caieiras,sp
07741,-23.392207817950226,-46.71065024439747,caieiras,sp
07770,-23.415925572153,-46.83071292665512,cajamar,sp
07785,-23.332831016760714,-46.83041091769934,cajamar,sp
07705,-23.65961406193379,-46.47578470116613,mau,sp
07747,-23.390882787090632,-46.71565843233893,caieiras,sp
07752,-23.36287306259169,-46.84708856619089,cajamar,sp
07767,-23.335586035022036,-46.92622235722735,cajamar,sp
07789,-23.362006704199494,-46.8476674521088,cajamar,sp
07768,-23.33531198769312,-46.91458588004054,cajamar,sp
07778,-23.361580757952467,-46.87233906326772,cajamar,sp
07764,-23.3766814354705,-46.926804919234456,cajamar,sp
07807,-23.317321140748085,-46.73209089597715,franco da rocha,sp
07862,-23.32070476186048,-46.70968372491974,franco da rocha,sp
07810,-23.327944593668764,-46.7649382331396,franco da rocha,sp
07830,-23.29657990837416,-46.759794668535456,franco da rocha,sp
07853,-23.32210752777071,-46.711989193372986,franco da rocha,sp
07861,-23.31485845705649,-46.71470873781736,franco da rocha,sp
07840,-23.31636794199424,-46.73219626484425,franco da rocha,sp
07809,-23.326051095905196,-46.74858284830127,franco da rocha,sp
07851,-23.3297649815118,-46.72185739290544,franco da rocha,sp
07803,-23.3332578216097,-46.73298580320613,franco da rocha,sp
07801,-23.32214021469142,-46.72439247765867,franco da rocha,sp
07860,-23.320491085556,-46.719857848705146,franco da rocha,sp
07859,-23.327466916607417,-46.714120333285926,franco da rocha,sp
07808,-23.31983226194467,-46.74266293116371,franco da rocha,sp
07804,-23.325327646387912,-46.733637110975415,franco da rocha,sp
07802,-23.32609165148653,-46.73032319369107,franco da rocha,sp
07865,-23.304069000000005,-46.721583,franco da rocha,sp
07832,-23.30659065340576,-46.75630899502717,franco da rocha,sp
07863,-23.318424580614703,-46.69866112942477,franco da rocha,sp
07850,-23.33363941935455,-46.724442949677226,franco da rocha,sp
07866,-23.295096434365902,-46.708240939623,franco da rocha,sp
07847,-23.312572747259598,-46.72483470496001,franco da rocha,sp
07841,-23.31466122792737,-46.738360040043865,franco da rocha,sp
07855,-23.32203322635345,-46.70362971131793,franco da rocha,sp
07857,-23.33266701118152,-46.706367792084336,franco da rocha,sp
07852,-23.32397198123811,-46.71861204864015,franco da rocha,sp
07813,-23.30687031531724,-46.762745102764434,franco da rocha,sp
07856,-23.321870915303485,-46.7015319988488,franco da rocha,sp
07835,-23.30456714827012,-46.74420873210161,franco da rocha,sp
07858,-23.326937394388622,-46.71473765290403,franco da rocha,sp
07844,-23.30415863979565,-46.73596344032686,franco da rocha,sp
07836,-23.30393615224852,-46.74135900649771,franco da rocha,sp
07849,-23.32073444672058,-46.72431471952343,franco da rocha,sp
07845,-23.305170633128444,-46.73027620789416,franco da rocha,sp
07867,-23.3151922918619,-46.77682065628585,franco da rocha,sp
07854,-23.325888190892385,-46.70730657041552,franco da rocha,sp
07846,-23.311090114484283,-46.72519386281723,franco da rocha,sp
07842,-23.31365745813112,-46.728077152443575,franco da rocha,sp
07812,-22.90682845367693,-47.0122315834516,franco da rocha,sp
07868,-23.303132999999995,-46.74339900000001,franco da rocha,sp
07811,-23.31538616031486,-46.77828873175944,franco da rocha,sp
07908,-23.291174865787717,-46.748229129847736,francisco morato,sp
07995,-23.29491024578862,-46.72683919708456,francisco morato,sp
07930,-23.254866731011106,-46.74813512421391,francisco morato,sp
07903,-23.29424137310851,-46.74218749319965,francisco morato,sp
07902,-23.289925329884277,-46.74363704355319,francisco morato,sp
07996,-23.295923191151445,-46.72492257656085,francisco morato,sp
07916,-23.27472100559583,-46.75789069989596,francisco morato,sp
07985,-23.285436459961183,-46.71111881569874,francisco morato,sp
07998,-23.2894526643158,-46.73524341412425,francisco morato,sp
07942,-23.27237014765088,-46.740118269733,francisco morato,sp
07936,-23.263150260099117,-46.740331068886135,francisco morato,sp
07920,-23.272514512289195,-46.76200824293724,francisco morato,sp
07911,-23.283867902927923,-46.75166223035057,francisco morato,sp
07990,-23.27750633679461,-46.73842567413335,francisco morato,sp
07955,-23.26056266599994,-46.71825999999993,francisco morato,sp
07952,-23.27250556799993,-46.722992578999936,francisco morato,sp
07941,-23.268297966846376,-46.74331736936852,francisco morato,sp
07906,-23.29707541718288,-46.7433102333937,francisco morato,sp
07910,-23.280534410856124,-46.74845686150348,francisco morato,sp
07901,-23.28465952226413,-46.74530930552704,francisco morato,sp
07943,-23.263100999999995,-46.738071000000005,francisco morato,sp
07929,-23.26428126196928,-46.75404161050369,francisco morato,sp
07909,-23.29101940434972,-46.746038100293504,francisco morato,sp
07917,-23.27691995141939,-46.75335442495707,francisco morato,sp
07940,-23.268429052857943,-46.74907224925925,francisco morato,sp
07986,-23.29125697093269,-46.70005804450185,francisco morato,sp
07915,-23.28074706190321,-46.76338230951603,francisco morato,sp
07904,-23.3011215709232,-46.73665911035962,francisco morato,sp
07992,-23.28644777388321,-46.73532185639348,francisco morato,sp
07980,-23.28138052414315,-46.736846345042274,francisco morato,sp
07957,-23.25464720374669,-46.74506871163964,francisco morato,sp
07914,-23.277792673407887,-46.75273106592352,francisco morato,sp
07913,-23.28886996787585,-46.759372209271696,francisco morato,sp
07988,-23.27931499999994,-46.74185832299997,francisco morato,sp
07997,-23.265669519443986,-46.73850966436476,francisco morato,sp
07907,-23.29475201994217,-46.75023106182071,francisco morato,sp
07951,-23.274964280266037,-46.73184944258501,francisco morato,sp
07989,-23.297531990002177,-46.714723349840405,francisco morato,sp
07946,-23.267539105547737,-46.72219251460006,francisco morato,sp
07991,-23.278086431118563,-46.7632788803458,francisco morato,sp
07950,-23.277770504585416,-46.76353195454745,francisco morato,sp
07987,-23.28880372061545,-46.70475968706827,francisco morato,sp
07919,-23.274155345033552,-46.73145069741909,francisco morato,sp
07944,-23.2654635,-46.729989,francisco morato,sp
07945,-23.25991097703636,-46.73177354278629,francisco morato,sp
07912,-23.29046686047847,-46.75572376749366,francisco morato,sp
07956,-23.278068417474145,-46.730986913162674,francisco morato,sp
07905,-23.2895548269244,-46.76289362355178,francisco morato,sp
07921,-23.27257382858982,-46.76077311006302,francisco morato,sp
07934,-23.28444633281737,-46.75072475558663,francisco morato,sp
07953,-23.26560490851674,-46.72576029282588,francisco morato,sp
07935,-23.25957365202642,-46.74083140878507,francisco morato,sp
08010,-23.494859518177623,-46.44089971663105,sao paulo,sp
08080,-23.484915471002324,-46.43150265889548,sao paulo,sp
08030,-23.49997012461769,-46.42365639286743,sao paulo,sp
08011,-23.496403578683147,-46.44510648389983,sao paulo,sp
08022,-23.494642376074797,-46.418191155981305,sao paulo,sp
08041,-23.515379054872383,-46.43703357172863,sao paulo,sp
08090,-23.48076443825374,-46.42278123980034,sao paulo,sp
08051,-23.51489022861713,-46.47171934292568,sao paulo,sp
08071,-23.488443000000004,-46.45532924999999,sao paulo,sp
08081,-23.486811988343234,-46.41994412378098,sao paulo,sp
08042,-23.508092001384973,-46.43220037330484,sao paulo,sp
08032,-23.521227914577057,-46.4189486025351,sao paulo,sp
08040,-23.505409815437357,-46.44602681540725,sao paulo,sp
08050,-23.511019526227717,-46.46270107562471,sao paulo,sp
08061,-23.501587725229385,-46.46351332223437,sao paulo,sp
08031,-23.49202606368976,-46.4757014239747,sao paulo,sp
08072,-23.48618566157444,-46.46171801285908,sao paulo,sp
08060,-23.501974767413024,-46.453601609210025,sao paulo,sp
08070,-23.49380812101101,-46.458193850683806,sao paulo,sp
08062,-23.51118767638063,-46.4740720351145,sao paulo,sp
08020,-23.50663459838998,-46.442126210658415,sao paulo,sp
08021,-23.502803731057767,-46.43356278420567,sao paulo,sp
08150,-23.525377438801996,-46.40950968151651,sao paulo,sp
08121,-23.50439557868313,-46.38251942561602,sao paulo,sp
08151,-23.521336581735813,-46.40723954860383,sao paulo,sp
08142,-23.524553514570957,-46.389812155144575,sao paulo,sp
08140,-23.500094175688144,-46.39903692936692,sao paulo,sp
08191,-23.48097864723873,-46.38375483014022,sao paulo,sp
08161,-23.498904478215685,-46.41222077699232,sao paulo,sp
08190,-23.48870639938831,-46.395040133360254,sao paulo,sp
08131,-23.50270861809683,-46.37423999125744,sao paulo,sp
08122,-23.496910234440808,-46.37582689033358,sao paulo,sp
08130,-23.507559031363595,-46.3708135582838,sao paulo,sp
08141,-23.52103885206878,-46.396061811270094,sao paulo,sp
08143,-23.517219520399337,-46.39812401610015,sao paulo,sp
08160,-23.504776938432947,-46.4150016646897,sao paulo,sp
08110,-23.498191006376647,-46.404315749235394,sao paulo,sp
08111,-23.49788624202203,-46.37201669248079,sao paulo,sp
08120,-23.502353609483983,-46.38977642182569,sao paulo,sp
08132,-23.50917291257428,-46.37562470774424,sao paulo,sp
08180,-23.48770416180969,-46.41534043450283,sao paulo,sp
08115,-23.484927961134566,-46.37851129239998,sao paulo,sp
08152,-23.51230673515488,-46.40716603503311,sao paulo,sp
08253,-23.55644627808883,-46.437270485977294,sao paulo,sp
08290,-23.551013388568272,-46.44848890729416,sao paulo,sp
08210,-23.53185467277396,-46.443384848462095,sao paulo,sp
08275,-23.57714001165677,-46.48276229003407,sao paulo,sp
08241,-23.519086638351933,-46.43486656855557,sao paulo,sp
08220,-23.536398271613997,-46.45955683703159,sao paulo,sp
08255,-23.554897638351928,-46.44255304010616,sao paulo,sp
08257,-23.554070241115127,-46.42984603458184,sao paulo,sp
08295,-23.55711609350668,-46.51947334329039,sao paulo,sp
08225,-23.524074769667923,-46.45826882323692,sao paulo,sp
08230,-23.516640708270582,-46.44751393882982,sao paulo,sp
08247,-23.536570298419317,-46.43526887318979,sao paulo,sp
08226,-23.523529635894477,-46.459776612815325,sao paulo,sp
08235,-23.521240524642884,-46.465711907859145,sao paulo,sp
08215,-23.54052887362136,-46.44848419206763,sao paulo,sp
08260,-23.55860361532686,-46.43116232924525,sao paulo,sp
08285,-23.55296249070916,-46.472750648767935,sao paulo,sp
08223,-23.523367358589653,-46.46705568665242,sao paulo,sp
08245,-23.52969340150529,-46.42922912990837,sao paulo,sp
08246,-23.53143158840665,-46.439299603381656,sao paulo,sp
08270,-23.56336298733478,-46.4596838214109,sao paulo,sp
08280,-23.56180201082004,-46.47968149264242,sao paulo,sp
08250,-23.539824031911863,-46.434679443937874,sao paulo,sp
08240,-23.521947201039,-46.44086049035999,sao paulo,sp
08265,-23.576650637803663,-46.453653854146246,sao paulo,sp
08248,-23.525464075768955,-46.43488727185641,sao paulo,sp
08233,-23.525816060505505,-46.47272284248948,sao paulo,sp
08320,-23.635701,-46.46231774999998,sao paulo,sp
08343,-23.60713392117263,-46.450774393559925,sao paulo,sp
08375,-23.59492397623724,-46.44994076488764,sao paulo,sp
08330,-23.616291253983057,-46.4649462867267,sao paulo,sp
08344,-23.60839853067112,-46.45093488536562,sao paulo,sp
08341,-23.59818347821568,-46.45680378573488,sao paulo,sp
08310,-23.63295667110052,-46.46090903788448,sao paulo,sp
08390,-23.63146799477654,-46.43860499812637,sao paulo,sp
08346,-23.57086658799128,-46.77857982963141,sao paulo,sp
08380,-23.602050147094506,-46.440190828062775,sao paulo,sp
08371,-23.59585455193871,-46.42393709638021,sao paulo,sp
08370,-23.59215,-46.439896807970285,sao paulo,sp
08340,-23.618298375246354,-46.45852502641048,sao paulo,sp
08331,-23.609397792948247,-46.47115046710719,sao paulo,sp
08311,-23.629764027756927,-46.46464969025911,sao paulo,sp
08391,-23.85920023380768,-46.708474228442746,sao paulo,sp
08382,-23.61288548213976,-46.41581371071615,sao paulo,sp
08347,-23.550163769283166,-46.65458624667573,sao paulo,sp
08381,-23.605867425471804,-46.43376271204341,sao paulo,sp
08345,-23.611189693317517,-46.44720347362805,sao paulo,sp
08372,-23.60129509991919,-46.43506823091353,sao paulo,sp
08383,-23.6218024951897,-46.43131625240514,sao paulo,sp
08321,-23.610382659472176,-46.480790558898114,sao paulo,sp
08373,-23.431540099252704,-46.57356212209803,sao paulo,sp
08395,-23.62213874409951,-46.45347381709848,sao paulo,sp
08470,-23.600407337497824,-46.39398713849616,sao paulo,sp
08450,-23.539390973628056,-46.40558766694557,sao paulo,sp
08460,-23.554681721622696,-46.393232741329534,sao paulo,sp
08430,-23.53253894532287,-46.42331708021234,sao paulo,sp
08412,-23.54829697085809,-46.40823766403139,sao paulo,sp
08411,-23.55512973105776,-46.41553279239999,sao paulo,sp
08420,-23.552100149323145,-46.4452853997018,sao paulo,sp
08461,-23.55586773105776,-46.40379079961334,sao paulo,sp
08421,-23.569179969298748,-46.41940490115958,sao paulo,sp
08451,-23.542061405505155,-46.39838470191586,sao paulo,sp
08452,-23.53930161993744,-46.39311345476973,sao paulo,sp
08440,-23.538638336112843,-46.40901521065842,sao paulo,sp
08465,-23.56366850957929,-46.395847802383294,sao paulo,sp
08485,-23.59677856702638,-46.41115888190316,sao paulo,sp
08474,-23.58230353622406,-46.40332804591979,sao paulo,sp
08490,-23.56613158673322,-46.40933117430316,sao paulo,sp
08410,-23.5475884118818,-46.421000747994654,sao paulo,sp
08431,-23.525436666945577,-46.413071696087485,sao paulo,sp
08475,-23.585368644960283,-46.400317814599866,sao paulo,sp
08473,-23.52946681265509,-46.63502230919265,sao paulo,sp
08471,-23.602209139881133,-46.39982039064574,sao paulo,sp
08441,-23.53126115174324,-46.40068843718707,sao paulo,sp
08472,-23.571960108517537,-46.39956693949449,sao paulo,sp
08466,-23.560218,-46.390783500000005,sao paulo,sp
08404,-23.52967739523337,-46.40945968428649,sao paulo,sp
08558,-23.50802607799065,-46.33563054717532,port alegrerto alegre,rs
08577,-23.48262344063541,-46.37448952833195,itaquaquecetuba,sp
08530,-23.535776999999943,-46.37282749999997,ferraz de vasconcelos,sp
08551,-23.51990930155555,-46.34452163286495,port alegrerto alegre,rs
08598,-23.464295023583936,-46.32874959104104,itaquaquecetuba,sp
08567,-23.55113488125493,-46.35151586881098,port alegrerto alegre,rs
08557,-23.508750444583395,-46.34023597223055,port alegre,sp
08538,-23.531737416259077,-46.39234501640655,ferraz de vasconcelos,sp
08544,-23.533928999999997,-46.363401,ferraz de vasconcelos,sp
08559,-23.51892969731215,-46.33323864492804,port alegrerto alegre,rs
08599,-23.462597421592825,-46.3353165488443,itaquaquecetuba,sp
08505,-23.551383836506066,-46.36863715408518,ferraz de vasconcelos,sp
08550,-23.522975748542905,-46.33702048557326,port alegre,sp
08597,-23.462031548997665,-46.31061107152333,itaquaquecetuba,sp
08560,-23.53670898458617,-46.3384083339717,port alegrerto alegre,rs
08566,-23.544680050781984,-46.34500833221772,port alegrerto alegre,rs
08582,-23.4510891824327,-46.36456457184101,itaquaquecetuba,sp
08595,-23.475273949280464,-46.30422691879311,itaquaquecetuba,sp
08591,-23.44581111264304,-46.3028811052577,itaquaquecetuba,sp
08573,-23.495851409134296,-46.35654557859026,itaquaquecetuba,sp
08561,-23.530373999999995,-46.33866900000001,port alegrerto alegre,rs
08543,-23.52119220843673,-46.370977213572615,ferraz de vasconcelos,sp
08572,-23.499811448079384,-46.34170601855715,itaquaquecetuba,sp
08542,-23.517399656673792,-46.37005904079865,ferraz de vasconcelos,sp
08570,-23.479211999999947,-46.35423799999995,itaquaquecetuba,sp
08580,-23.45152194870011,-46.34526765055895,itaquaquecetuba,sp
08588,-23.44306263412358,-46.32046764834173,itaquaquecetuba,sp
08510,-23.55835160395378,-46.36234960033054,ferraz de vasconcelos,sp
08596,-23.47469907252676,-46.31480812284347,itaquaquecetuba,sp
08536,-23.543921177931463,-46.38437270551714,ferraz de vasconcelos,sp
08501,-23.54445649570082,-46.35843971524606,ferraz de vasconcelos,sp
08555,-23.51048122420824,-46.35245554953153,port alegrerto alegre,rs
08589,-23.433601638813272,-46.296840661198615,itaquaquecetuba,sp
08553,-23.523602259507168,-46.35972989578164,port alegrerto alegre,rs
08574,-23.5058251445761,-46.36203651019921,itaquaquecetuba,sp
08503,-23.55041817346644,-46.36131556702637,ferraz de vasconcelos,sp
08562,-23.529434782964927,-46.3469885985342,port alegrerto alegre,rs
08568,-23.55773752039933,-46.34625701610016,port alegrerto alegre,rs
08529,-23.545956195394982,-46.37061260352587,ferraz de vasconcelos,sp
08540,-23.517688886765917,-46.37815980860883,ferraz de vasconcelos,sp
08576,-23.49479676809363,-46.35731299743924,itaquaquecetuba,sp
08506,-23.55815834506196,-46.37040442423026,ferraz de vasconcelos,sp
08583,-23.43567309991361,-46.38032799842931,itaquaquecetuba,sp
08556,-23.51787788259566,-46.34777663849616,port alegrerto alegre,rs
08500,-23.54278837385309,-46.36699847002138,ferraz de vasconcelos,sp
08525,-23.557337087513773,-46.392242774382495,ferraz de vasconcelos,sp
08537,-23.534480061238305,-46.3911369243328,ferraz de vasconcelos,sp
08563,-23.529989525390985,-46.34889877782904,port alegre,sp
08564,-23.542254820604125,-46.3511153143084,port alegrerto alegre,rs
08584,-23.424511528429004,-46.35360547403141,itaquaquecetuba,sp
08552,-23.52756397931829,-46.36273674549973,port alegre,sp
08507,-23.56071603530784,-46.36898167451285,ferraz de vasconcelos,sp
08554,-23.513556753541963,-46.36541541384087,port alegre,sp
08533,-23.54657442460024,-46.38163822619929,ferraz de vasconcelos,sp
08565,-23.538564534277796,-46.34335477324141,port alegrerto alegre,rs
08579,-23.46348277507773,-46.38178864305148,itaquaquecetuba,sp
08545,-23.53005597224307,-46.36923177407812,ferraz de vasconcelos,sp
08590,-23.437610117458643,-46.27574285237591,itaquaquecetuba,sp
08502,-23.53524072482072,-46.36167384107207,ferraz de vasconcelos,sp
08581,-23.455647344535446,-46.35208081394391,itaquaquecetuba,sp
08594,-23.488273827850463,-46.30412425547188,itaquaquecetuba,sp
08575,-23.500249233903205,-46.36359232666915,itaquaquecetuba,sp
08534,-23.55390479877663,-46.38258754884873,ferraz de vasconcelos,sp
08571,-23.48780343844956,-46.34500856315015,itaquaquecetuba,sp
08531,-23.539697096584906,-46.37400201180102,ferraz de vasconcelos,sp
08504,-23.55662026287236,-46.36166815555334,ferraz de vasconcelos,sp
08527,-23.55087948013395,-46.37922018486832,ferraz de vasconcelos,sp
08593,-23.442644999999946,-46.31869249999997,itaquaquecetuba,sp
08526,-23.55830999999999,-46.385185500000006,ferraz de vasconcelos,sp
08539,-23.532825597030072,-46.37649204475186,ferraz de vasconcelos,sp
08587,-23.429647823323972,-46.31792079918644,itaquaquecetuba,sp
08532,-23.539104,-46.37591775,ferraz de vasconcelos,sp
08592,-23.469496318995105,-46.29132899999999,itaquaquecetuba,sp
08578,-23.470327894605344,-46.38379725020821,itaquaquecetuba,sp
08535,-23.552344781291485,-46.39152786456226,ferraz de vasconcelos,sp
08586,-23.43986350879548,-46.34411107792747,itaquaquecetuba,sp
08528,-23.55478484984708,-46.37377120038665,ferraz de vasconcelos,sp
08541,-23.52145430890418,-46.37456588259565,ferraz de vasconcelos,sp
08508,-23.56434817142456,-46.371407446343056,ferraz de vasconcelos,sp
08515,-23.577299274136507,-46.37411020714745,ferraz de vasconcelos,sp
08509,-23.568012263177422,-46.3597582688388,ferraz de vasconcelos,sp
08514,-23.568080400654388,-46.36722929899116,ferraz de vasconcelos,sp
08513,-23.576579566169933,-46.365277199245206,ferraz de vasconcelos,sp
08585,-23.488858329997143,-46.35451370002853,itaquaquecetuba,sp
08517,-23.56892589286744,-46.372428309048416,ferraz de vasconcelos,sp
08663,-23.569201792697744,-46.33696493780933,suzano,sp
08690,-23.49941009587538,-46.318061954445504,suzano,sp
08615,-23.54736980354735,-46.30311358926496,suzano,sp
08665,-23.560352337187084,-46.31289771094968,suzano,sp
08610,-23.540654596710155,-46.3020791995823,suzano,sp
08689,-23.52886814214044,-46.31457858145279,suzano,sp
08696,-23.507984999999948,-46.29217849999995,suzano,sp
08694,-23.514412877515863,-46.29686985093653,suzano,sp
08674,-23.54981766773588,-46.31698283355356,suzano,sp
08660,-23.56120814486253,-46.336239622830135,suzano,sp
08676,-23.552826070523995,-46.3066973449648,suzano,sp
08675,-23.541501788825254,-46.30822670460166,suzano,sp
08693,-23.503655046952595,-46.30541229008653,suzano,sp
08670,-23.5436033761962,-46.33126001623194,suzano,sp
08673,-23.54646763188849,-46.31743880609893,suzano,sp
08620,-23.631224186048083,-46.30494181261514,suzano,sp
08671,-23.54279622081375,-46.32776628717167,suzano,sp
08625,-23.64503711350367,-46.31414423553099,suzano,sp
08630,-23.654854689614456,-46.32307649308429,suzano,sp
08664,-23.55096756364558,-46.3297772229776,suzano,sp
08616,-23.55554921933124,-46.29401982384838,suzano,sp
08683,-23.529356731919226,-46.31442922624533,suzano,sp
08633,-23.662999126370345,-46.314323546329,suzano,sp
08695,-23.496645618183383,-46.27632104849606,suzano,sp
08635,-23.648744078441307,-46.33713793016226,suzano,sp
08613,-23.541156744481757,-46.28455918400613,suzano,sp
08680,-23.5277441137444,-46.32486677658339,suzano,sp
08655,-23.603799285142266,-46.30881321689727,suzano,sp
08686,-23.534755720078792,-46.28786721968291,suzano,sp
08656,-23.593524823548968,-46.30497192879345,suzano,sp
08640,-23.63853295482434,-46.32711444670977,suzano,sp
08685,-23.518986378516367,-46.30593493772759,suzano,sp
08692,-23.493644545916595,-46.323769856169264,suzano,sp
08650,-23.576978662405622,-46.31740057954448,suzano,sp
08621,-23.498140650237435,-46.27133355180874,suzano,sp
08653,-23.61601537992441,-46.319840696476696,suzano,sp
08666,-23.57687346950408,-46.30696146727609,suzano,sp
08717,-23.535324166918866,-46.1906669977593,mogi das cruzes,sp
08771,-23.50854636251683,-46.210603960401286,mogi das cruzes,sp
08744,-23.551625930952856,-46.22396219877843,mogi das cruzes,sp
08720,-23.544247080541076,-46.177063403141375,mogi das cruzes,sp
08790,-23.528610738236747,-46.16789925641224,mogi das cruzes,sp
08780,-23.5214492199589,-46.17673150042012,mogi das cruzes,sp
08773,-23.517127104923187,-46.19066721624193,mogi das cruzes,sp
08710,-23.51937483109403,-46.19269037743349,mogi das cruzes,sp
08730,-23.527490186661275,-46.20287197213819,mogi das cruzes,sp
08742,-23.553784424770924,-46.208798940185744,mogi das cruzes,sp
08775,-23.49693002789165,-46.185351975305366,mogi das cruzes,sp
08743,-23.554576919483395,-46.2109027377433,mogi das cruzes,sp
08715,-23.525175467008275,-46.18439180158016,mogi das cruzes,sp
08725,-23.560212773778616,-46.181769683134014,mogi das cruzes,sp
08770,-23.52076220373141,-46.203414122891736,mogi das cruzes,sp
08738,-23.557769929870062,-46.20117388588191,mogi das cruzes,sp
08737,-23.513335555913,-46.19550814955674,mogi das cruzes,sp
08752,-23.551706513599484,-46.260979398542325,mogi das cruzes,sp
08761,-23.56100914393621,-46.22081126261158,mogi das cruzes,sp
08740,-23.544406046716265,-46.21332645656752,mogi das cruzes,sp
08795,-23.53254911289421,-46.18089750806387,mogi das cruzes,sp
08750,-23.55051256463368,-46.249246969798506,mogi das cruzes,sp
08745,-23.54515787877252,-46.240023456139824,mogi das cruzes,sp
08735,-23.53015444941465,-46.20789030098848,mogi das cruzes,sp
08774,-23.46008351346868,-46.279525841710594,mogi das cruzes,sp
08763,-23.58460518686723,-46.23073102478502,mogi das cruzes,sp
08760,-23.571225910362944,-46.21780716375408,mogi das cruzes,sp
08751,-23.670526092842543,-46.22883745604681,mogi das cruzes,sp
08765,-23.672601536280453,-46.186061261526056,mogi das cruzes,sp
08766,-23.54005565309683,-46.19050400408456,mogi das cruzes,sp
08762,-23.577837579106387,-46.223811977118544,mogi das cruzes,sp
08772,-23.48710818637089,-46.28483520293648,mogi das cruzes,sp
08726,-23.56288552570321,-46.177920673691474,mogi das cruzes,sp
08793,-23.53968347758097,-46.16286495478869,mogi das cruzes,sp
08747,-23.556059201998668,-46.21027582088427,mogi das cruzes,sp
08727,-23.567479640058384,-46.18525276085899,mogi das cruzes,sp
08746,-23.562472556454388,-46.20071250000001,mogi das cruzes,sp
08753,-23.53767612477344,-46.17515539100971,mogi das cruzes,sp
08767,-23.636901572048775,-46.11791706500876,mogi das cruzes,sp
08755,-23.5424551205117,-46.167048112245794,mogi das cruzes,sp
08779,-23.358797292752108,-46.15837918719848,mogi das cruzes,sp
08831,-23.612181976036844,-46.23295815908897,mogi das cruzes,sp
08830,-23.516579606826944,-46.13731417572359,mogi das cruzes,sp
08810,-23.508762038379707,-46.147078442850784,mogi das cruzes,sp
08850,-23.481824820141124,-46.08051701133941,mogi das cruzes,sp
08820,-23.512628393866617,-46.15269778088044,mogi das cruzes,sp
08840,-23.47709322844152,-46.13538429666762,mogi das cruzes,sp
08880,-23.519975947056054,-46.18756607644843,mogi das cruzes,sp
08832,-23.516913648399584,-46.10417245526518,mogi das cruzes,sp
08833,-23.532119867062104,-46.1955857871833,mogi das cruzes,sp
09070,-23.653211574239744,-46.55446338438468,santo andree,sp
09041,-23.666655446303828,-46.53485782638931,santo andree,sp
09061,-23.651678503750905,-46.55365613794789,santo andre,sp
09090,-23.65198043825374,-46.54095207799065,santo andree,sp
09050,-23.67406207133365,-46.54253172678956,santo andre,sp
09010,-23.659814137170077,-46.52676210599556,santo andree,sp
09080,-23.644438912091005,-46.53988531353385,santo andree,sp
09060,-23.656293518994904,-46.55412213733605,santo andree,sp
09015,-23.665703457960586,-46.51808196779969,santo andree,sp
09071,-23.651624713572616,-46.548151575076446,santo andree,sp
09051,-23.68154367287679,-46.54860292461662,santo andree,sp
09020,-23.66033225007211,-46.52820295475792,santo andree,sp
09040,-23.730677044241958,-46.47813835714726,santo andree,sp
09030,-23.670374418102146,-46.525675033179645,santo andre,sp
09091,-23.6578824173575,-46.54566888603166,santo andree,sp
09111,-23.66721675288362,-46.49913206319721,santo andree,sp
09171,-23.70007597807146,-46.512702481822366,santo andree,sp
09185,-23.685925683045728,-46.530850034133564,santo andree,sp
09180,-23.696333654452097,-46.5268662352127,santo andree,sp
09131,-23.69931254058364,-46.501432357095794,santo andree,sp
09182,-23.694369129061094,-46.53028316527214,santo andre,sp
09121,-23.687193239224257,-46.498261391639694,santo andree,sp
09175,-23.68645557285476,-46.52061165889549,santo andree,sp
09172,-23.701680965768528,-46.519658793517806,santo andree,sp
09112,-23.666874925067773,-46.488005120174286,santo andree,sp
09110,-23.668312295314184,-46.50547970468581,santo andree,sp
09120,-23.671791943101173,-46.50083247792724,santo andree,sp
09160,-23.767163859643684,-46.46446796684178,santo andree,sp
09130,-23.681251529834388,-46.509166226470136,santo andre,sp
09190,-23.66875959201334,-46.53653409354255,santo andre,sp
09181,-23.687604648912163,-46.526392163742905,santo andree,sp
09170,-23.674454445015115,-46.50700299500791,santo andre,sp
09195,-23.675037359389663,-46.524784094929146,santo andree,sp
09132,-23.70693595632493,-46.49975110918768,santo andree,sp
09176,-23.678376280486216,-46.51874553931426,santo andree,sp
09133,-23.74103713782576,-46.47195716128539,santo andree,sp
09134,-23.726298153211346,-46.48453208436728,santo andree,sp
09139,-23.71976910799998,-46.512460499999975,santo andree,sp
09163,-23.7622680628159,-46.46728047262276,santo andre,sp
09150,-23.77798581814638,-46.30383569570029,santo andree,sp
09161,-23.766565903593463,-46.45937451944094,santo andre,sp
09169,-23.711066999999996,-46.51631099999999,santo andree,sp
09124,-23.736833779153557,-46.47911795977603,santo andree,sp
09230,-23.61571809769749,-46.53118432278263,santo andree,sp
09220,-23.624784000000005,-46.53954225000001,santo andre,sp
09290,-23.64309058728148,-46.51261568180499,santo andree,sp
09210,-23.637285303364266,-46.519363822926856,santo andree,sp
09280,-23.63501354177962,-46.50399501887012,santo andree,sp
09271,-23.639620380229736,-46.50604149140166,santo andree,sp
09260,-23.627599742714523,-46.49554835636796,santo andree,sp
09270,-23.63888466388715,-46.49858921994927,santo andree,sp
09291,-23.645729347481154,-46.518892643487824,santo andree,sp
09272,-23.649878744099468,-46.4948904191817,santo andree,sp
09240,-23.62936402042012,-46.52450728432847,santo andree,sp
09251,-23.63036454454957,-46.5101659848808,santo andree,sp
09250,-23.627607296150902,-46.50968423910785,santo andre,sp
09241,-23.634036409637226,-46.5224455154359,santo andree,sp
09273,-23.650128949106737,-46.50423252076708,santo andre,sp
09238,-23.664002678602326,-46.52309420774424,santo andree,sp
09274,-23.656604474999934,-46.497593835999965,santo andre,sp
09350,-23.68011442853022,-46.4524537436668,maua,sp
09380,-23.62698749235395,-46.47787233527612,maua,sp
09351,-23.680906533441068,-46.43319342105705,maua,sp
09370,-23.67156097030984,-46.46933216922553,mau,sp
09330,-23.66203473621403,-46.43295618463559,maua,sp
09371,-23.66930462115525,-46.48159847045406,maua,sp
09360,-23.678798920064235,-46.45947764149177,mau,sp
09361,-23.705183776848084,-46.45744742091284,maua,sp
09340,-23.66800916734961,-46.430377660540266,maua,sp
09310,-23.67517847547439,-46.44983266763805,maua,sp
09381,-23.65543130409456,-46.46633073522143,maua,sp
09321,-23.64642952510253,-46.433690298084144,maua,sp
09331,-23.6730025405404,-46.41990468550459,maua,sp
09390,-23.65852158573596,-46.45154258453908,maua,sp
09341,-23.68000539394436,-46.41760887700971,maua,sp
09320,-23.656676689970634,-46.44420755410021,mau,sp
09334,-23.66708614601108,-46.4092444758603,maua,sp
09335,-23.66601020507137,-46.417492741462645,maua,sp
09333,-23.648039999999995,-46.42062074999998,mau,sp
09332,-23.65848465849582,-46.41574795049544,maua,sp
09372,-23.702847856454856,-46.46224515823165,maua,sp
09311,-23.678377931444405,-46.44875067816964,maua,sp
09336,-23.65984765821185,-46.41012686754482,maua,sp
09391,-23.65061675956269,-46.44785358938896,maua,sp
09389,-23.6303224565756,-46.47923058090484,maua,sp
09312,-23.669905050349637,-46.4458871247983,maua,sp
09400,-23.712947685815696,-46.40855396350052,ribeiro pires,sp
09435,-23.65505507531975,-46.36192942133493,ribeirao pires,sp
09404,-23.682426164462303,-46.41716622339997,ribeirao pires,sp
09405,-23.70206320161832,-46.40534820551376,ribeirao pires,sp
09430,-23.699208583126545,-46.396572601159946,ribeirao pires,sp
09416,-23.73407261059953,-46.44241000920845,ribeirao pires,sp
09403,-23.69083765078016,-46.43968462843731,ribeirao pires,sp
09440,-23.698655741307,-46.37494648228108,ribeiro pires,sp
09401,-23.704740589864095,-46.40960792389481,ribeirao pires,sp
09420,-23.715871213694843,-46.41309932760191,ribeiro pires,sp
09411,-23.71719840652404,-46.395777768729744,ribeiro pires,sp
09406,-23.71326793505109,-46.40026264224706,ribeiro pires,sp
09432,-23.685627523535963,-46.39538210513349,ribeiro pires,sp
09402,-23.70628654550823,-46.41361115899485,ribeiro pires,sp
09424,-23.712433211901875,-46.41730264609344,ribeirao pires,sp
09445,-23.69092956400813,-46.36382142766213,ribeiro pires,sp
09444,-23.70189506573564,-46.34462475537504,ribeirao pires,sp
09431,-23.692278245067488,-46.38667943429559,ribeirao pires,sp
09423,-23.718589749913495,-46.42459002214552,ribeirao pires,sp
09441,-23.677842705889724,-46.37034543343759,ribeirao pires,sp
09415,-23.75156370006625,-46.44223090761778,ribeirao pires,sp
09412,-23.7320405236918,-46.4241249763082,ribeirao pires,sp
09407,-23.703681589900427,-46.39617152902221,ribeirao pires,sp
09410,-23.711808991949912,-46.3919898090484,ribeirao pires,sp
09421,-23.724854378115623,-46.42232576882658,ribeirao pires,sp
09426,-23.70415355738601,-46.43531413895775,ribeirao pires,sp
09434,-23.657379641968312,-46.37402022795534,ribeirao pires,sp
09425,-23.70792997085809,-46.425004491805694,ribeirao pires,sp
09442,-23.68120962484117,-46.35970345967379,ribeiro pires,sp
09433,-23.670905873676,-46.38440218249345,ribeirao pires,sp
09443,-23.676027730141065,-46.34579957525459,ribeirao pires,sp
09422,-23.723177898794376,-46.43002818695612,ribeirao pires,sp
09436,-23.650992074602023,-46.36640936868962,ribeirao pires,sp
09414,-23.747396727771577,-46.43678877331445,ribeirao pires,sp
09413,-23.739522815016542,-46.43177633617865,ribeirao pires,sp
09581,-23.63659649486411,-46.5773379045242,sao caetano do sul,sp
09560,-23.626053031363607,-46.554888478215695,sao caetano do sul,sp
09531,-23.618112463788968,-46.57029325145709,sao caetano do sul,sp
09540,-23.625773999999996,-46.56855299278663,sao caetano do sul,sp
09530,-23.61776447100232,-46.574964586733216,sao caetano do sul,sp
09570,-23.637496609498484,-46.57411344809283,sao caetano do sul,sp
09541,-23.62105546378897,-46.56510050291419,sao caetano do sul,sp
09521,-23.610375000000005,-46.57433099278665,sao caetano do sul,sp
09572,-23.6436479625422,-46.56386065319333,sao caetano do sul,sp
09551,-23.6198894454671,-46.554964747302144,sao caetano do sul,sp
09580,-23.640571559593745,-46.57077300194981,sao caetano do sul,sp
09510,-23.614964413266776,-46.572531448929546,so caetano do sul,sp
09571,-23.632217497085804,-46.56711098167813,so caetano do sul,sp
09550,-23.620177114796054,-46.551804125504944,sao caetano do sul,sp
09520,-23.60954690025056,-46.568247078142726,sao caetano do sul,sp
09561,-23.635420040798664,-46.557697421316846,sao caetano do sul,sp
09670,-23.65851376770149,-46.60196618039135,sao bernardo do camport alegre,sp
09657,-23.66649173563396,-46.609050952987886,sao bernardo do camport alegre,sp
09690,-23.67170527422236,-46.58997464458433,so bernardo do camport alegre,sp
09668,-23.6593305,-46.61609849999999,sao bernardo do camport alegre,sp
09663,-23.657568516330223,-46.59745476934487,sao bernardo do camport alegre,sp
09635,-23.651239886622815,-46.57099474225144,sao bernardo do camport alegre,sp
09618,-23.66682232944774,-46.56472102827652,sao bernardo do camport alegre,sp
09607,-23.673659543424392,-46.55981291909515,sao bernardo do camport alegre,sp
09624,-23.6562615,-46.57403699999999,sao bernardo do camport alegre,sp
09686,-23.667205588510274,-46.59270730426241,sao bernardo do camport alegre,sp
09682,-23.668262822638415,-46.597940971579234,sao bernardo do camport alegre,sp
09634,-23.651048713024363,-46.568892783773,sao bernardo do camport alegre,sp
09660,-23.7042315,-46.56292199999999,sao bernardo do camport alegre,sp
09683,-23.667798979822432,-46.595983177956725,sao bernardo do camport alegre,sp
09664,-23.65968591727749,-46.60813165029715,sao bernardo do camport alegre,sp
09623,-23.6610325434244,-46.57308361809683,sao bernardo do camport alegre,sp
09617,-23.66814509853421,-46.55717758410748,sao bernardo do camport alegre,sp
09616,-23.65957039301168,-46.56093532529281,sao bernardo do camport alegre,sp
09627,-23.65609467718869,-46.56810262888819,sao bernardo do camport alegre,sp
09662,-23.662509705522535,-46.59916383625709,so bernardo do camport alegre,sp
09667,-23.661929660568923,-46.60976968056424,sao bernardo do camport alegre,sp
09632,-23.65593727531888,-46.56574612406944,sao bernardo do camport alegre,sp
09693,-23.6691531829015,-46.57903702345776,sao bernardo do camport alegre,sp
09636,-23.651105051330244,-46.575984914363296,sao bernardo do camport alegre,sp
09656,-23.65855761964661,-46.60333029923936,sao bernardo do camport alegre,sp
09619,-23.66594814120814,-46.56326420731818,sao bernardo do camport alegre,sp
09687,-23.672131057580494,-46.5974528287911,sao bernardo do camport alegre,sp
09685,-23.66341647322403,-46.59150434067182,sao bernardo do camport alegre,sp
09606,-23.67566850043268,-46.56173349708581,sao bernardo do camport alegre,sp
09655,-23.654055903741376,-46.592718659116976,sao bernardo do camport alegre,sp
09626,-23.65788244662666,-46.5698263341317,sao bernardo do camport alegre,sp
09641,-23.653139467684092,-46.57764104954123,so bernardo do camport alegre,sp
09691,-23.66967527586777,-46.588902340056265,sao bernardo do camport alegre,sp
09629,-23.655363443793654,-46.56736085593526,sao bernardo do camport alegre,sp
09694,-23.67148457186524,-46.580934667739065,sao bernardo do camport alegre,sp
09620,-23.66509253952925,-46.57225469608747,so bernardo do camport alegre,sp
09642,-23.649441223700173,-46.576562130013386,sao bernardo do camport alegre,sp
09621,-23.663291290870784,-46.57297160450682,sao bernardo do camport alegre,sp
09666,-23.658803811270115,-46.60626808465576,sao bernardo do camport alegre,sp
09608,-23.67510450764605,-46.561761251457085,sao bernardo do camport alegre,sp
09605,-23.658735404120176,-46.56753379643934,so bernardo do camport alegre,sp
09688,-23.67382506591659,-46.58883029060229,sao bernardo do camport alegre,sp
09610,-23.66818486121538,-46.56794311264382,sao bernardo do camport alegre,sp
09684,-23.671051092705824,-46.59653521980502,sao bernardo do camport alegre,sp
09669,-23.66725241352657,-46.61187711336496,sao bernardo do camport alegre,sp
09671,-23.66553237414156,-46.60601690339903,sao bernardo do camport alegre,sp
09661,-23.658965580904837,-46.59704298946843,sao bernardo do camport alegre,sp
09604,-23.657673417054035,-46.568225807703925,sao bernardo do camport alegre,sp
09601,-23.67195566956539,-46.559180836442245,sao bernardo do camport alegre,sp
09695,-23.67224160739774,-46.57202696446921,so bernardo do camport alegre,sp
09692,-23.66678036912124,-46.590469125165946,sao bernardo do camport alegre,sp
09689,-23.66574853150783,-46.590766340671806,sao bernardo do camport alegre,sp
09625,-23.66110025673721,-46.566373928818685,sao bernardo do camport alegre,sp
09637,-23.65282536914989,-46.57366139829179,sao bernardo do camport alegre,sp
09628,-23.66148702746846,-46.56416174311855,sao bernardo do camport alegre,sp
09613,-23.670905962519555,-46.56443563419699,sao bernardo do camport alegre,sp
09640,-23.662697333602686,-46.5741239317042,sao bernardo do camport alegre,sp
09672,-23.66044808687745,-46.60164935581968,so bernardo do camport alegre,sp
09633,-23.654997981877287,-46.56934699284744,sao bernardo do camport alegre,sp
09615,-23.66495996808814,-46.55527363364872,sao bernardo do camport alegre,sp
09631,-23.659989232875425,-46.56453441006411,sao bernardo do camport alegre,sp
09639,-23.646888241448146,-46.58020752342449,sao bernardo do camport alegre,sp
09600,-23.67219549120011,-46.55498327699232,sao bernardo do camport alegre,sp
09651,-23.65793138222329,-46.57814372543052,sao bernardo do camport alegre,sp
09614,-23.669500739338982,-46.555865753130526,sao bernardo do camport alegre,sp
09612,-23.657487675299247,-46.57148632165978,sao bernardo do camport alegre,sp
09665,-23.661151409083185,-46.61499389315591,sao bernardo do camport alegre,sp
09609,-23.66547526256559,-46.56909790510113,sao bernardo do camport alegre,sp
09680,-23.664601641025055,-46.58159516068183,so bernardo do camport alegre,sp
09603,-23.66063087262145,-46.56591824796124,sao bernardo do camport alegre,sp
09602,-23.66197745904333,-46.56459334423684,sao bernardo do camport alegre,sp
09611,-23.662095747157927,-46.57029865696226,sao bernardo do camport alegre,sp
09696,-23.67486999999994,-46.55761999999999,sao bernardo do camport alegre,sp
09710,-23.70899726008409,-46.54812620982171,sao bernardo do camport alegre,sp
09781,-23.72764065807836,-46.53106495908914,sao bernardo do camport alegre,sp
09791,-23.745424737345683,-46.53027828796294,so bernardo do camport alegre,sp
09721,-23.720745783772987,-46.548089706907525,sao bernardo do camport alegre,sp
09780,-23.71688471949829,-46.54199108267673,sao bernardo do camport alegre,sp
09770,-23.706697401869818,-46.54569149027648,so bernardo do camport alegre,sp
09750,-23.688917125468198,-46.552552123595405,sao bernardo do camport alegre,sp
09751,-23.693028139881143,-46.54695362280001,sao bernardo do camport alegre,sp
09715,-23.71457923606073,-46.54581156219319,so bernardo do camport alegre,sp
09726,-23.69554254235653,-46.56158498222641,sao bernardo do camport alegre,sp
09771,-23.707328035575863,-46.53661757455686,sao bernardo do camport alegre,sp
09720,-23.71933860892157,-46.5517479343586,sao bernardo do camport alegre,sp
09725,-23.699353075768943,-46.5600310818858,sao bernardo do camport alegre,sp
09784,-23.71887609338662,-46.52464263358638,sao bernardo do camport alegre,sp
09785,-23.71117841564154,-46.52905344796408,sao bernardo do camport alegre,sp
09792,-23.75858368947337,-46.53038887739957,sao bernardo do camport alegre,sp
09790,-23.72685273154166,-46.54574582941039,sao bernardo do camport alegre,sp
09760,-23.69945854284748,-46.5484635,sao bernardo do camport alegre,sp
09732,-23.683428860378665,-46.5645381283686,sao bernardo do camport alegre,sp
09761,-23.704341234520214,-46.52658390463978,sao bernardo do camport alegre,sp
09783,-23.72591113036746,-46.52684048073672,sao bernardo do camport alegre,sp
09765,-23.700963546494453,-46.557739717969625,sao bernardo do camport alegre,sp
09782,-23.701946825881567,-46.569023848338006,sao bernardo do camport alegre,sp
09762,-23.706582883432382,-46.52108999945175,sao bernardo do camport alegre,sp
09772,-23.70900285044689,-46.53053573379358,sao bernardo do camport alegre,sp
09861,-23.695889045942334,-46.58174395098847,sao bernardo do camport alegre,sp
09851,-23.711287682497478,-46.5875374675112,sao bernardo do camport alegre,sp
09811,-23.72527983484343,-46.55702673772287,sao bernardo do camport alegre,sp
09820,-23.74605952510253,-46.55042958090485,sao bernardo do camport alegre,sp
09854,-23.669731383288145,-46.58979967666909,sao bernardo do camport alegre,sp
09895,-23.70734747994644,-46.56687389064575,sao bernardo do camport alegre,sp
09842,-23.752863380601227,-46.58418953064036,so bernardo do camport alegre,sp
09831,-23.7911076994057,-46.54055014389185,sao bernardo do camport alegre,sp
09862,-23.705450443973447,-46.58385800553772,sao bernardo do camport alegre,sp
09840,-23.737592378844752,-46.573827062294505,so bernardo do camport alegre,sp
09853,-23.73039812934955,-46.594048579231405,so bernardo do camport alegre,sp
09890,-23.69676708964741,-46.571862503895126,sao bernardo do camport alegre,sp
09850,-23.724134173502662,-46.57554561519289,sao bernardo do camport alegre,sp
09821,-23.754591275422783,-46.554812236171614,sao bernardo do camport alegre,sp
09894,-23.677727433579197,-46.57846927312583,sao bernardo do camport alegre,sp
09892,-23.68518013015762,-46.576104443793646,sao bernardo do camport alegre,sp
09810,-23.723129438830654,-46.557639356367936,sao bernardo do camport alegre,sp
09812,-23.724048365774344,-46.57360861668318,sao bernardo do camport alegre,sp
09852,-23.734683000000004,-46.5836445,sao bernardo do camport alegre,sp
09835,-23.83231775790692,-46.56850807971981,sao bernardo do camport alegre,sp
09832,-23.772580928818897,-46.504324396235376,sao bernardo do camport alegre,sp
09855,-23.731357568411365,-46.58907577073124,sao bernardo do camport alegre,sp
09891,-23.687603634456785,-46.568897601996674,sao bernardo do camport alegre,sp
09841,-23.74799125451551,-46.57760896225976,sao bernardo do camport alegre,sp
09843,-23.77796700043484,-46.60196970048699,sao bernardo do camport alegre,sp
09860,-23.697730897022385,-46.5789351895666,sao bernardo do camport alegre,sp
09846,-23.75691837754082,-46.60261757870602,sao bernardo do camport alegre,sp
09847,-23.70451849073482,-46.58760197013455,sao bernardo do camport alegre,sp
09844,-23.759290205378303,-46.57620645155527,sao bernardo do camport alegre,sp
09896,-23.704218,-46.56634160301286,sao bernardo do camport alegre,sp
09822,-23.77607135952709,-46.55052928286102,sao bernardo do camport alegre,sp
09856,-23.735888491238367,-46.60677805997337,sao bernardo do camport alegre,sp
09830,-23.832291838953584,-46.5694918218123,sao bernardo do camport alegre,sp
09837,-23.810459205234466,-46.56732293406149,sao bernardo do camport alegre,sp
09845,-23.745017999999945,-46.572645499999965,sao bernardo do camport alegre,sp
09857,-23.732502859039805,-46.586305748884456,sao bernardo do camport alegre,sp
09834,-23.805185260686937,-46.442695089812574,sao bernardo do camport alegre,sp
09836,-23.806881,-46.61753680716602,sao bernardo do camport alegre,sp
09869,-23.7226447933144,-46.57386288954881,so bernardo do camport alegre,sp
09838,-23.843276192986213,-46.56423455654165,sao bernardo do camport alegre,sp
09920,-23.68008452677597,-46.62410537301638,diadema,sp
09991,-23.695052270875475,-46.61040065612552,diadema,sp
09961,-23.716539426075457,-46.60164008391423,diadema,sp
09973,-23.71449719796794,-46.613184490902064,diadema,sp
09990,-23.699711335564587,-46.6181423963299,diadema,sp
09940,-23.67034517594794,-46.60576971189919,diadema,sp
09930,-23.66124907770219,-46.616840543857066,diadema,sp
09941,-23.676081379969936,-46.60577024158935,diadema,sp
09912,-23.687830870996216,-46.61065511474994,diadema,sp
09931,-23.661923109309388,-46.626498057122376,diadema,sp
09910,-23.686744432136894,-46.62957957175823,diadema,sp
09942,-23.68556929753588,-46.59852836343708,diadema,sp
09911,-23.691369029140542,-46.60741867158489,diadema,sp
09993,-23.704071652743195,-46.62357117592693,diadema,sp
09962,-23.70046905467713,-46.59875789425244,diadema,sp
09950,-23.684721443793656,-46.58409388868383,diadema,sp
09971,-23.72306773765286,-46.63200018050453,diadema,sp
09951,-23.69007059755325,-46.59995236023442,diadema,sp
09932,-23.663578504587623,-46.61717632638933,diadema,sp
09980,-23.69778997887861,-46.609911,diadema,sp
09913,-23.68464769605881,-46.62947754509782,diadema,sp
09960,-23.695431233971945,-46.59243093588782,diadema,sp
09981,-23.70006588275225,-46.60516704669894,diadema,sp
09970,-23.721193257833736,-46.610539475301486,diadema,sp
09974,-23.723594580904845,-46.61175295224778,diadema,sp
09921,-23.68126777542048,-46.612177805125086,diadema,sp
09943,-23.671702183738223,-46.59999773091353,diadema,sp
09972,-23.72352908497024,-46.62390085855207,diadema,sp
09992,-23.697684135726192,-46.62333502914191,diadema,sp
09963,-23.701626586733227,-46.59573249610485,diadema,sp
09914,-23.690965113044943,-46.63190725797003,diadema,sp
09952,-23.69203911516186,-46.598344869217904,diadema,sp
11085,-23.93360892117263,-46.34716271579432,santos,sp
11015,-23.959748294477464,-46.31359166374292,santos,sp
11045,-23.96112504302036,-46.32316061267247,santos,sp
11020,-23.962449666397312,-46.31498829170751,santos,sp
11065,-23.9678895545329,-46.34412123980033,santos,sp
11070,-23.961812938897538,-46.34427982528125,santos,sp
11030,-23.981964066882146,-46.31003955926474,santos,sp
11013,-23.933071987144555,-46.32396741794616,santos,sp
11050,-23.95613021065843,-46.32888160545911,santos,sp
11089,-23.939026471333094,-46.3690744819988,santos,sp
11025,-23.97634046885608,-46.29781459892919,santos,sp
11075,-23.944502325841068,-46.33124278031053,santos,sp
11040,-23.97025376741302,-46.31830300014421,santos,sp
11060,-23.967052416613654,-46.33691592783774,santos,sp
11035,-23.976779752697844,-46.302225428386,santos,sp
11086,-23.947351458797296,-46.3745781453055,santos,sp
11081,-23.93730417146752,-46.34292147456634,santos,sp
11087,-23.943541997615927,-46.37835653864491,santos,sp
11055,-23.96682586733222,-46.32897174522469,santos,sp
11010,-23.93465945090488,-46.331065142884974,santos,sp
11082,-23.93698893429645,-46.33983327858037,santos,sp
11088,-23.938822154379785,-46.38844813390018,santos,sp
11095,-23.926204437438788,-46.37268016740089,santos,sp
11090,-23.93991687425227,-46.37536370945215,santos,sp
11080,-23.939877339083907,-46.34736558110254,santos,sp
11031,-23.93304734722135,-46.32555732001267,santos,sp
11360,-23.94088407026239,-46.39535499629063,sao vicente,sp
11310,-23.96707671547605,-46.3914737492793,sao vicente,sp
11340,-23.96130685036886,-46.3950951872383,sao vicente,sp
11320,-23.97242519856393,-46.371264531333615,sao vicente,sp
11380,-23.96321067145893,-46.37119834086656,sao vicente,sp
11370,-23.962341006335212,-46.37834981603576,sao vicente,sp
11390,-23.961160517394685,-46.38992802030856,sao vicente,sp
11347,-23.990370050601317,-46.47212050990094,so vicente,sp
11335,-23.96191615973333,-46.405832155173,sao vicente,sp
11350,-23.94765607621797,-46.41681311767059,so vicente,sp
11355,-23.951543608128816,-46.40763583542016,sao vicente,sp
11325,-23.9883181178567,-46.393752952388496,sao vicente,sp
11348,-23.94969061903109,-46.46043166409307,sao vicente,sp
11345,-23.99417213167967,-46.49236458974531,sao vicente,sp
11365,-23.94540119039709,-46.39158001336252,so vicente,sp
11330,-23.97086307466894,-46.39655164344854,sao vicente,sp
11349,-23.94834776014046,-46.45907310386832,sao vicente,sp
11346,-23.978014019647485,-46.49242854988616,sao vicente,sp
11374,-23.99016674581044,-46.47193698078344,sao vicente,sp
11440,-23.98788982791853,-46.24777699362336,guaruj,sp
11495,-23.96227508731793,-46.250477767629874,guaruja,sp
11430,-23.99367886011885,-46.28818069747246,guaruja,sp
11410,-23.997558849409156,-46.25926882849049,guaruja,sp
11432,-23.9868178398992,-46.2684461778621,guaruja,sp
11470,-23.986892232474155,-46.26936761080536,guaruja,sp
11444,-23.975254957732748,-46.19387636953538,guaruja,sp
11420,-24.014614278217262,-46.274569798459225,guaruja,sp
11421,-24.0148526858157,-46.29156762031851,guaruja,sp
11436,-23.973247329789416,-46.249369403053485,guaruja,sp
11445,-23.94517999516593,-46.19061739172469,guaruja,sp
11454,-23.94045703052688,-46.28580088343238,guaruja,sp
11450,-23.939318620030072,-46.30539278864907,guaruja,sp
11435,-23.97649330770052,-46.25843092384239,guaruj,sp
11462,-23.95423554022753,-46.28585070793225,guaruja,sp
11431,-23.99777832361936,-46.2767638411045,guaruja,sp
11472,-23.972467410019934,-46.27561287112176,guaruja,sp
11451,-23.943558478215685,-46.29468899125743,guaruja,sp
11443,-23.97955012822438,-46.20319341923938,guaruja,sp
11441,-23.976634505135888,-46.22712170566676,guaruj,sp
11460,-23.948557559528183,-46.29472975184641,guaruja,sp
11442,-23.978624736621192,-46.2155448966947,guaruja,sp
11461,-23.950838825851203,-46.28718175253082,guaruja,sp
11463,-23.950932721178624,-46.29794168839796,guaruja,sp
11453,-23.93391227788371,-46.288907185116834,guaruja,sp
11425,-23.99726337323981,-46.30455513918509,guaruja,sp
11471,-23.96726364002537,-46.27665357285474,guaruja,sp
11497,-23.963652000000003,-46.24514099999999,guaruja,sp
11446,-23.940592627531885,-46.18049042714523,guaruja,sp
11449,-23.97609024898872,-46.19395582824792,guaruja,sp
11473,-23.952112229434544,-46.29111798682828,guaruja,sp
11438,-23.964199646739942,-46.24744302749882,guaruja,sp
11533,-23.925988916770564,-46.40841448983772,cubatao,sp
11538,-23.899469473715094,-46.435899038265774,cubatao,sp
11510,-23.88679191700032,-46.424558548653565,cubatao,sp
11530,-23.92854091965792,-46.40341593813704,cubatao,sp
11535,-23.933242549381045,-46.42877835797035,cubatao,sp
11542,-23.9125005,-46.4629455,cubatao,sp
11525,-23.894137354878836,-46.43043998465025,cubatao,sp
11520,-23.90043313112842,-46.423940795026745,cubatao,sp
11534,-23.91910635295328,-46.428526747007865,cubatao,sp
11515,-23.889702560911577,-46.42976917435885,cubatao,sp
11500,-23.88073319655594,-46.41774121252613,cubatao,sp
11523,-23.88354142435058,-46.41987848181889,cubatao,sp
11548,-23.87807623028173,-46.41787622673438,cubatao,sp
11543,-23.88232260670004,-46.45302004210056,cubatao,sp
11531,-23.884996761544404,-46.41653928218859,cubatao,sp
11550,-23.87824490292869,-46.42656376030944,cubatao,sp
11573,-23.883457499999995,-46.4281605,cubatao,sp
11540,-23.87442495936004,-46.4467034808632,cubatao,sp
11570,-23.836603741936823,-46.37192614755906,cubatao,sp
11505,-23.875381392608364,-46.42139222358542,cubatao,sp
11612,-23.826105,-45.43580295614292,sao sebastiao,sp
11628,-23.78722820472717,-45.55714014799399,sao sebastiao,sp
11609,-23.799315185671464,-45.40875060629584,sao sebastiao,sp
11660,-23.622152560194245,-45.41471769806336,caraguatatuba,sp
11662,-23.622347665459497,-45.382278821054406,caraguatatuba,sp
11606,-23.78022776796129,-45.402911596312514,sao sebastiao,sp
11600,-23.753948510964275,-45.41325199417162,sao sebastiao,sp
11677,-23.576546988500965,-45.339161948726925,caraguatatuba,sp
11666,-23.665954171562984,-45.43486616013568,caraguatatuba,sp
11663,-23.612419912339917,-45.381585354358016,caraguatatuba,sp
11667,-23.679118232222425,-45.43501375902471,caraguatatuba,sp
11675,-23.60686114413043,-45.42770661069828,caraguatatuba,sp
11619,-23.7715533805182,-45.65003116610885,sao sebastiao,sp
11610,-23.81010847602904,-45.412083341421706,sao sebastiao,sp
11618,-23.781911088555443,-45.62542446149357,so sebastio,sp
11672,-23.663555129869607,-45.450023078594775,caraguatatuba,sp
11604,-23.76056562753189,-45.416528282128205,sao sebastiao,sp
11661,-23.617336491305995,-45.40282533188777,caraguatatuba,sp
11605,-23.77280313447832,-45.40546515093038,so sebastio,sp
11665,-23.64498629682881,-45.42645011145103,caraguatatuba,sp
11608,-23.793936841796995,-45.40193197446476,so sebastio,sp
11671,-23.68044954007072,-45.43229645992926,caraguatatuba,sp
11673,-23.6376693781232,-45.440386507791175,caraguatatuba,sp
11602,-23.7290670256966,-45.42006108654434,sao sebastiao,sp
11623,-23.766870310577623,-45.74591329447745,sao sebastiao,sp
11617,-23.799802578134877,-45.54713535553124,sao sebastiao,sp
11674,-23.629516992283627,-45.435383939269386,caraguatatuba,sp
11670,-23.597829762196053,-45.35339843396232,caraguatatuba,sp
11601,-23.718475166667,-45.43526860421497,sao sebastiao,sp
11622,-23.77258514014666,-45.69432553147075,sao sebastiao,sp
11679,-23.571289865837624,-45.27343112813004,caraguatatuba,sp
11626,-23.754162736427457,-45.81876230700514,maresias,sp
11621,-23.77289159330168,-45.681198355010544,sao sebastiao,sp
11669,-23.704795818924925,-45.44813814214166,caraguatatuba,sp
11611,-23.814521606219127,-45.41923511931205,so sebastio,sp
11664,-23.61301199319572,-45.39251367036336,caraguatatuba,sp
11668,-23.697919999999957,-45.44616999999994,caraguatatuba,sp
11614,-23.82031256148645,-45.4597365431646,so sebastio,sp
11624,-23.76127039033773,-45.76634466016269,sao sebastiao,sp
11603,-23.731707415488483,-45.40383310130417,so sebastio,sp
11629,-23.762636109354258,-45.41314194601535,sao sebastiao,sp
11676,-23.601222071244813,-45.35260618287996,caraguatatuba,sp
11625,-23.76410937665373,-45.78841302678546,sao sebastiao,sp
11615,-23.815939554405137,-45.53023404764773,sao sebastiao,sp
11678,-23.6613544799796,-45.445956284909,caraguatatuba,sp
11620,-23.792987242022036,-45.55563291618097,maresias,sp
11700,-24.016283558765817,-46.39843570349071,praia grande,sp
11703,-24.02000597668648,-46.45837671648681,praia grande,sp
11701,-24.011288218359883,-46.41873374429398,praia grande,sp
11702,-24.01704140383171,-46.44291733028447,praia grande,sp
11713,-24.03035876380635,-46.51578483014024,praia grande,sp
11723,-23.99933326066255,-46.44470546564009,praia grande,sp
11704,-24.026786758814687,-46.49304889148245,praia grande,sp
11718,-24.014776714957595,-46.48321646502973,praia grande,sp
11712,-24.041642464583017,-46.528276284964335,praia grande,sp
11706,-24.04753355037796,-46.52251294310117,praia grande,sp
11707,-24.04895262488876,-46.53411148239479,praia grande,sp
11725,-23.996571024698504,-46.42127572522938,praia grande,sp
11705,-24.041022419984717,-46.51150902857297,praia grande,sp
11714,-24.028604285121087,-46.50790590426757,praia grande,sp
11717,-24.021924726066107,-46.48668950083671,praia grande,sp
11726,-23.997753192294518,-46.41108960767125,praia grande,sp
11721,-24.00917815958798,-46.449387895781626,praia grande,sp
11720,-24.005678375238077,-46.45598089924407,praia grande,sp
11709,-24.079823905909187,-46.59302363696694,praia grande,sp
11722,-24.00146687705574,-46.446355136966936,praia grande,sp
11724,-24.00560930889214,-46.43080123211195,praia grande,sp
11708,-24.07272652039933,-46.57700934179699,praia grande,sp
11710,-24.076551133425507,-46.590828939088304,praia grande,sp
11711,-23.996570041378703,-46.4134035157446,praia grande,sp
11719,-24.01470689291156,-46.46219541245336,praia grande,sp
11960,-24.522633,-48.10619024999998,eldorado,ms
12010,-23.028580095435387,-45.55788415147515,taubate,sp
12030,-23.036951634709904,-45.56997640165054,taubate,sp
12061,-23.00315838696713,-45.55407537022584,taubate,sp
12091,-23.04286897088098,-45.57308319469088,taubate,sp
12070,-23.02428824942083,-45.54083048929199,taubate,sp
12090,-23.04960460076345,-45.55490019409283,taubate,sp
12050,-23.01639938574233,-45.57743387347865,taubate,sp
12052,-23.011493907169147,-45.57518184598221,taubate,sp
12045,-23.049158646600866,-45.62784541731878,taubate,sp
12020,-23.022733959878504,-45.55651892606318,taubate,sp
12042,-23.03416334412696,-45.61634504623628,taubate,sp
12040,-23.03631557663482,-45.59129358131366,taubate,sp
12086,-23.047083359540483,-45.516382361664576,taubate,sp
12060,-23.01083014736553,-45.55103935263445,taubate,sp
12072,-23.010974393479284,-45.52314790374363,taubate,sp
12043,-23.023803782167967,-45.62181935149263,taubate,sp
12080,-23.014906457628143,-45.55074777537135,taubat,sp
12062,-23.00180593458236,-45.54978729572508,taubate,sp
12071,-23.00417696397416,-45.53103723525249,taubate,sp
12082,-23.03844182155843,-45.54792581399428,taubate,sp
12053,-23.011995761951475,-45.576958386736976,taubate,sp
12081,-23.02898216385322,-45.53251103079421,taubate,sp
12032,-23.03999227723445,-45.58822500922257,taubate,sp
12031,-23.03779388918621,-45.58806906399412,taubate,sp
12051,-23.0160027253675,-45.582021391676,taubate,sp
12092,-23.056141521954725,-45.5845475100686,taubate,sp
12085,-23.013973012575896,-45.518759625794544,taubate,sp
12041,-23.02953434000798,-45.5778979314444,taubat,sp
12093,-23.066072809991585,-45.57521077277231,taubate,sp
12095,-23.075219942395627,-45.53880722074668,taubate,sp
12054,-23.018747351813545,-45.57280931879973,taubat,sp
12130,-23.088223057062084,-45.19152035235402,lagoinha,ce
12236,-23.24656095920133,-45.89750073411618,so jos dos camport alegres,sp
12225,-23.190709945322865,-45.78783293158863,sao jose dos camport alegres,sp
12243,-23.201781118789317,-45.89567007799064,sao jose dos camport alegres,sp
12227,-23.19649674632121,-45.86480432708181,sao jose dos camport alegres,sp
12235,-23.229954502914183,-45.89422359824575,so jos dos camport alegres,sp
12245,-23.199327910749645,-45.88679387947946,so jos dos camport alegres,sp
12230,-23.221431461827063,-45.888163895493165,sao jose dos camport alegres,sp
12246,-23.221587583126546,-45.90665169219235,sao jose dos camport alegres,sp
12220,-23.17818323342369,-45.85784163765943,sao jose dos camport alegres,sp
12223,-23.177101169859764,-45.81776014738297,sao jose dos camport alegres,sp
12242,-23.199958288100813,-45.90849172981701,sao jose dos camport alegres,sp
12228,-23.25777249999993,-45.82569514299996,sao jose dos camport alegres,sp
12284,-23.11125490674591,-45.70176767124474,cacapava,sp
12213,-23.15014233700503,-45.91113031734969,sao jose dos camport alegres,sp
12244,-23.204900693029057,-45.950860445467086,sao jose dos camport alegres,sp
12280,-23.098284219545235,-45.70330750943507,cacapava,sp
12287,-23.11020303904729,-45.71358427739813,cacapava,sp
12248,-23.164548810433395,-45.80487447890817,so jos dos camport alegres,sp
12216,-23.201181199001663,-45.88358210352587,sao jose dos camport alegres,sp
12289,-23.03401877566055,-45.77360059845524,cacapava,sp
12226,-23.21370730659085,-45.80156830474517,sao jose dos camport alegres,sp
12241,-23.22917289647413,-45.925893267413024,sao jose dos camport alegres,sp
12240,-23.23009940009024,-45.90094499999999,sao jose dos camport alegres,sp
12215,-23.18093790397594,-45.86936250721335,sao jose dos camport alegres,sp
12214,-23.25682182962209,-45.94089033894351,sao jose dos camport alegres,sp
12212,-23.15960926262757,-45.90885480860288,sao jose dos camport alegres,sp
12237,-23.243634071378583,-45.91101044314284,sao jose dos camport alegres,sp
12232,-23.27507448002016,-45.889107474000994,sao jose dos camport alegres,sp
12221,-23.174526666945575,-45.83933130391253,sao jose dos camport alegres,sp
12234,-23.28969934194122,-45.88788224868712,sao jose dos camport alegres,sp
12231,-23.215086943101173,-45.88965270330085,sao jose dos camport alegres,sp
12209,-23.178732139332883,-45.88971125520799,so jos dos camport alegres,sp
12283,-23.09917029586244,-45.683007606295845,cacapava,sp
12238,-23.263785424892976,-45.91583795162459,so jos dos camport alegres,sp
12247,-23.26576982024265,-45.912724345959454,sao jose dos camport alegres,sp
12233,-23.23724961587513,-45.88082955926476,sao jose dos camport alegres,sp
12286,-23.110653666945577,-45.71729604454958,cacapava,sp
12239,-23.263007134052764,-45.90311760421835,sao jose dos camport alegres,sp
12224,-23.171341746321207,-45.82053206411217,sao jose dos camport alegres,sp
12282,-23.105272201223368,-45.6969888388828,cacapava,sp
12281,-23.10054999999994,-45.706009999999935,cacapava,sp
12211,-23.15832304218365,-45.88866731334759,sao jose dos camport alegres,sp
12285,-23.12432790309806,-45.71024262737953,cacapava,sp
12210,-23.18358219677997,-45.88682257562472,sao jose dos camport alegres,sp
12294,-23.140499715937853,-45.71569614825914,caapava,sp
12229,-23.27543660308917,-45.86831885260226,so jos dos camport alegres,sp
12297,-23.088769333891143,-45.68971884485543,cacapava,sp
12249,-22.924614278566654,-46.00455848353163,sao jose dos camport alegres,sp
12288,-23.09500364408646,-45.71081593229389,caapava,sp
12295,-23.188411473001143,-45.73469285365463,caapava,sp
12290,-23.057154800318813,-45.71273622698918,cacapava,sp
12331,-23.265979879755115,-46.06705735267744,jacarei,sp
12306,-23.28934488481736,-45.94318565667379,jacarei,sp
12302,-23.261882548040894,-45.92693651102518,jacarei,sp
12328,-23.28798077892242,-45.9570349350898,jacarei,sp
12309,-23.310016990523582,-45.96143881362631,jacarei,sp
12327,-23.29818595956356,-45.974828011182304,jacarei,sp
12305,-23.273735042100025,-45.95104876017921,jacarei,sp
12301,-23.270441385509848,-45.93742768428648,jacarei,sp
12320,-23.31192262669516,-45.97728873160601,jacarei,sp
12322,-23.308980955934807,-45.9776277134487,jacarei,sp
12325,-23.30492282750574,-46.01849578455791,jacarei,sp
12310,-23.30228912323382,-45.94909852611922,jacarei,sp
12319,-23.31497025172496,-45.96817024980834,jacarei,sp
12311,-23.28326930202073,-45.93940500233161,jacarei,sp
12321,-23.302552064590703,-45.9794900391086,jacarei,sp
12333,-23.231791916444664,-46.06990763577292,jacarei,sp
12335,-23.261928736886148,-45.96848029239997,jacarei,sp
12308,-23.30139631473257,-45.96172658840667,jacarei,sp
12315,-23.319775110739236,-45.923898996537545,jacarei,sp
12316,-23.32161989064574,-45.93696011365342,jacarei,sp
12324,-23.31311508964741,-46.0026232857349,jacarei,sp
12312,-23.303587327226044,-45.92931482292686,jacarei,sp
12334,-23.29657118186936,-46.01277577875843,jacarei,sp
12318,-23.308631999999992,-45.95330475,jacarei,sp
12307,-23.29299177790156,-45.95639922797895,jacarei,sp
12330,-23.298579776753886,-46.02995213487733,jacarei,sp
12323,-23.29645842521639,-45.97329603987564,jacarei,sp
12340,-23.36883330750305,-46.02864941638114,jacarei,sp
12329,-23.29535980766344,-45.937806673610666,jacarei,sp
12341,-23.293575656670832,-45.98510497307211,jacarei,sp
12326,-23.32423999377957,-46.04564761976022,jacarei,sp
12412,-22.95773146505728,-45.45515668718501,pindamonhangaba,sp
12400,-22.926778771561526,-45.46281253438472,pindamonhangaba,sp
12443,-22.896894640102605,-45.37008114909734,pindamonhangaba,sp
12410,-22.930835789732065,-45.45541469052191,pindamonhangaba,sp
12422,-22.94385742701493,-45.4770251456873,pindamonhangaba,sp
12446,-22.88888864399442,-45.36419384790422,pindamonhangaba,sp
12403,-22.91426878466163,-45.42914593227478,pindamonhangaba,sp
12411,-22.932821929423746,-45.44848162439036,pindamonhangaba,sp
12402,-22.920117405632816,-45.445038284350105,pindamonhangaba,sp
12445,-22.886512003027494,-45.37114210829609,pindamonhangaba,sp
12404,-22.92205835716705,-45.4282327273527,pindamonhangaba,sp
12425,-22.93319577282492,-45.47821099432626,pindamonhangaba,sp
12415,-22.960290055506015,-45.4078503149949,pindamonhangaba,sp
12421,-22.94775990806028,-45.49172108176731,pindamonhangaba,sp
12441,-22.91967856350281,-45.3648975854866,pindamonhangaba,sp
12414,-22.947077373511533,-45.40828743495752,pindamonhangaba,sp
12444,-22.893786522549128,-45.38053653505862,pindamonhangaba,sp
12424,-22.955957734545084,-45.48972486275995,pindamonhangaba,sp
12413,-22.942719134058045,-45.42119605197068,pindamonhangaba,sp
12440,-22.913875797003225,-45.364197560394366,pindamonhangaba,sp
12420,-22.945064470526344,-45.46371952947366,pindamonhangaba,sp
12405,-22.92373230073036,-45.44167505845967,pindamonhangaba,sp
12423,-22.946777999999995,-45.49869899999999,pindamonhangaba,sp
12401,-22.92142919454418,-45.46479177296298,pindamonhangaba,sp
12442,-22.94287406269077,-45.39532271335324,pindamonhangaba,sp
12426,-22.954291133429884,-45.49968145841568,pindamonhangaba,sp
12520,-22.812079392244957,-45.18265771921641,guaratingueta,sp
12515,-22.8102557858096,-45.18353140514958,guaratingueta,sp
12514,-22.793294840815463,-45.19745881614868,guaratinguet,sp
12512,-22.78804378557332,-45.20983189935114,guaratingueta,sp
12570,-22.851929577501,-45.23031074613782,aparecida,pb
12517,-22.798630286388327,-45.183217020243966,guaratingueta,sp
12506,-22.803390518707644,-45.21156803008076,guaratinguet,sp
12518,-22.779048421881395,-45.18534634646929,guaratingueta,sp
12523,-22.78184646080685,-45.147651302970765,guaratingueta,sp
12516,-22.803832680220744,-45.18128776524834,guaratinguet,sp
12502,-22.815468,-45.18239753040693,guaratingueta,sp
12524,-22.81773643952848,-45.18204921158524,guaratingueta,sp
12507,-22.806467228285435,-45.23936604455936,guaratingueta,sp
12511,-22.80327760315877,-45.20399759522505,guaratingueta,sp
12504,-22.821733347187077,-45.2016309013049,guaratingueta,sp
12510,-22.79615651556581,-45.2089052377769,guaratingueta,sp
12501,-22.821051879055528,-45.19147619746503,guaratingueta,sp
12513,-22.76783057321341,-45.19658169176524,guaratingueta,sp
12521,-22.785061971986902,-45.16817153268133,guaratinguet,sp
12519,-22.78030688063086,-45.18299243700727,guaratingueta,sp
12505,-22.81107305656438,-45.19828547125147,guaratingueta,sp
12500,-22.814082,-45.19125422318798,guaratinguet,sp
12509,-22.794715339526643,-45.21987050429393,guaratingueta,sp
12503,-22.827161457837764,-45.18862301683485,guaratingueta,sp
12522,-22.77577460826767,-45.14813416467561,guaratingueta,sp
12508,-22.793410733784768,-45.269962685897234,guaratingueta,sp
12607,-22.74237139800176,-45.11479219667662,lorena,sp
12600,-22.72616580904841,-45.12752204287612,lorena,sp
12609,-22.75223299417162,-45.11931025965141,lorena,sp
12604,-22.732245460730542,-45.10352631917596,lorena,sp
12603,-22.72462686150384,-45.1116555874257,lorena,sp
12605,-22.75162984425566,-45.08964193252266,lorena,sp
12606,-22.736729744936223,-45.1156566895666,lorena,sp
12610,-22.747581173639738,-45.13241363142706,lorena,sp
12608,-22.73788200424234,-45.12381966365283,lorena,sp
12602,-22.72356083763973,-45.12435460446544,lorena,sp
12601,-22.739541788793304,-45.13516754801203,lorena,sp
12611,-22.743464335090177,-45.134539160429895,lorena,sp
12702,-22.58485191618097,-44.96871571204341,cruzeiro,sp
12722,-22.558215967276404,-44.93554670046076,cruzeiro,sp
12712,-22.560972573976017,-44.95780213802325,cruzeiro,sp
12711,-22.56840491395926,-44.967507658203,cruzeiro,sp
12701,-22.577927804605014,-44.95825089647411,cruzeiro,sp
12710,-22.56445726226428,-44.964579595980254,cruzeiro,sp
12704,-22.580286008516183,-44.98166493312763,cruzeiro,sp
12721,-22.558413620002973,-44.942923697146966,cruzeiro,sp
12730,-22.58119348404407,-44.95375194448614,cruzeiro,sp
12705,-22.576227841797,-44.96564651762937,cruzeiro,sp
12703,-22.586730873160604,-44.97602914432454,cruzeiro,sp
12720,-22.563846,-44.94922420038666,cruzeiro,sp
12723,-22.560501195394984,-44.931592980293146,cruzeiro,sp
12940,-23.112774381969185,-46.5488845105504,atibaia,sp
12903,-22.94787403161499,-46.55188741483248,braganca paulista,sp
12900,-22.95669060421837,-46.54087248750651,braganca paulista,sp
12916,-22.97993113988114,-46.54209659755325,braganca paulista,sp
12954,-23.098863635889412,-46.54789512763439,atibaia,sp
12951,-23.1317637171793,-46.5835637149576,atibaia,sp
12917,-22.982083697711065,-46.54603041908749,braganca paulista,sp
12950,-23.148137084655747,-46.58367661296094,atibaia,sp
12942,-23.120273860118864,-46.56362790244673,atibaia,sp
12946,-23.1505830119393,-46.54642294477694,atibaia,sp
12902,-22.953931938475748,-46.54743392807689,bragana paulista,sp
12914,-22.971647510075705,-46.53361841170685,bragana paulista,sp
12944,-23.10083372439267,-46.55334887039065,atibaia,sp
12941,-23.118713999999997,-46.537147034380986,atibaia,sp
12927,-22.91460252899768,-46.53513511809683,braganca paulista,sp
12945,-23.10981252899768,-46.53698483819031,atibaia,sp
12929,-22.946012455450425,-46.52383551318598,braganca paulista,sp
12947,-23.140907819477956,-46.555005087723465,atibaia,sp
12913,-22.95750491772243,-46.52488623678449,braganca paulista,sp
12935,-22.90321267809593,-46.38232959310745,vargem,sc
12926,-22.92600310699993,-46.53286499999996,bragana paulista,sp
12908,-22.934583000000003,-46.54834199999999,braganca paulista,sp
12922,-22.90774829507456,-46.55604212556484,braganca paulista,sp
12906,-22.942196570221626,-46.547278923710046,braganca paulista,sp
12948,-23.22017151832604,-46.59456789751276,atibaia,sp
12949,-23.152178935681707,-46.580130527179314,atibaia,sp
12904,-22.94590621510184,-46.548503978908165,braganca paulista,sp
12910,-22.94463697446477,-46.5300500553696,braganca paulista,sp
12912,-22.94671938995326,-46.53961817124474,braganca paulista,sp
12943,-23.13303983152522,-46.568457780599005,atibaia,sp
12952,-23.14492333670709,-46.539830386938746,atibaia,sp
12995,-22.78314454789037,-46.58949540991712,pinhalzinho,sc
12919,-22.970773875382307,-46.54923643658029,braganca paulista,sp
12924,-23.01778836599993,-46.52244499999995,braganca paulista,sp
12930,-22.81304341483897,-46.69536722297934,tuiuti,rs
12918,-22.96910382504681,-46.575468228453325,bragana paulista,sp
12953,-23.09537257517733,-46.6002934902457,atibaia,sp
13023,-22.898536428530225,-47.063125168330544,campinas,sp
13070,-22.895876357204664,-47.0791850342778,campinas,sp
13045,-22.92841942957608,-47.03706900304376,campinas,sp
13091,-22.86623673772286,-47.02516561962605,campinas,sp
13035,-22.9099533208494,-47.08185090507247,campinas,sp
13073,-22.88093166586252,-47.068424969313,campinas,sp
13041,-22.917053295025724,-47.061757854838746,campinas,sp
13087,-22.85275770752771,-47.05510214136723,campinas,sp
13092,-22.88929691756595,-47.02178184540367,campinas,sp
13015,-22.90124134639356,-47.05512845102415,campinas,sp
13067,-22.854651104564187,-47.160697766786136,campinas,sp
13025,-22.903434628368608,-47.05276681724273,campinas,sp
13085,-22.792785003606685,-47.08550995989381,campinas,sp
13061,-22.907317211495144,-47.11830328850486,campinas,sp
13020,-22.900561910352597,-47.065812260199664,campinas,sp
13058,-22.950289907294163,-47.182224818627695,campinas,sp
13044,-22.95282064788205,-47.02865383550558,campinas,sp
13052,-22.972721108883828,-47.10226423093559,campinas,sp
13064,-22.89149811512646,-47.14575284988991,campinas,sp
13059,-22.946206445520712,-47.13505192996653,campinas,sp
13040,-22.926904742714527,-47.067241683593984,campinas,sp
13010,-22.905552142939563,-47.04944755176294,campinas,sp
13024,-22.889641421316863,-47.05668446918465,campinas,sp
13030,-22.92991227115403,-47.07189552530681,campinas,sp
13088,-22.8475181626464,-47.03552279669915,campinas,sp
13050,-22.93221846205146,-47.096790459495125,campinas,sp
13097,-22.8469524096601,-47.02743444240869,campinas,sp
13043,-22.933200411915568,-47.04106490766075,campinas,sp
13034,-22.91101741687345,-47.09614127601136,campinas,sp
13082,-22.829166690333924,-47.09886947241718,campinas,sp
13084,-22.81905949374732,-47.09337872045235,campinas,sp
13080,-22.850658848462096,-47.071669269086456,campinas,sp
13098,-22.820080499999992,-47.03556149999999,campinas,sp
13060,-22.943830511384977,-47.11233196480047,campinas,sp
13031,-22.918827604766623,-47.09396924257028,campinas,sp
13056,-22.98722237101393,-47.151072819246686,campinas,sp
13026,-22.913757387731557,-47.045573963500495,campinas,sp
13032,-22.910307139332875,-47.08435468122806,campinas,sp
13033,-22.908292093622787,-47.09417761615002,campinas,sp
13069,-22.842987053003093,-47.15550209256197,campinas,sp
13053,-23.042523405216706,-47.13296873550117,campinas,sp
13075,-22.879108571469786,-47.06037646947311,campinas,sp
13096,-22.92674585713686,-47.03237262244064,campinas,sp
13013,-22.91123520843672,-47.05819755314793,campinas,sp
13090,-22.88857483236194,-47.04416083236194,campinas,sp
13054,-22.98752993345535,-47.11656504772553,campinas,sp
13076,-22.88255076242137,-47.04691965736627,campinas,sp
13083,-22.805125239800333,-47.07162026686478,campinas,sp
13051,-22.965083999999997,-47.088724499999984,campinas,sp
13036,-22.91832805816816,-47.06784794206877,campinas,sp
13012,-22.91020501748514,-47.0569966187893,campinas,sp
13086,-22.838587916757028,-47.05613833995561,campinas,sp
13068,-22.865111251236048,-47.15255915401864,campinas,sp
13057,-22.97370645045876,-47.176513156529566,campinas,sp
13081,-22.86116967554392,-47.06573258534825,campinas,sp
13065,-22.893320409660102,-47.11943414501704,campinas,sp
13063,-22.89809240895431,-47.1053676157896,campinas,sp
13042,-22.931095563908823,-47.05470585586861,campinas,sp
13077,-22.881355389947625,-47.04169144124817,campinas,sp
13049,-22.968689563239053,-47.0735568816794,campinas,sp
13046,-22.938586438802,-47.018750359282144,campinas,sp
13099,-22.751112934264707,-47.0130120626473,campinas,sp
13055,-22.945759701079133,-47.09874731432852,campinas,sp
13184,-22.862988204938603,-47.21824617249952,hortolandia,sp
13186,-22.887514996879027,-47.19573904628551,hortolandia,sp
13148,-22.786644726384047,-47.10608854644455,paulinia,sp
13178,-22.800362898695823,-47.21833340077328,sumare,sp
13157,-22.63269209289212,-47.20099171014733,cosmoport alegrelis,sp
13187,-22.911013157568192,-47.20840257684189,hortolandia,sp
13150,-22.630409321010436,-47.20184824565054,cosmoport alegrelis,sp
13142,-22.77928239439665,-47.17683629156326,paulinia,sp
13185,-22.904356478404523,-47.1755015158131,hortolandia,sp
13155,-22.63308985967488,-47.18405399571866,cosmoport alegrelis,sp
13146,-22.72941717024144,-47.17669176943664,paulinia,sp
13105,-22.89082402420255,-46.9816531677612,campinas,sp
13140,-22.76161176963473,-47.15147246350049,paulinia,sp
13170,-22.828654864562257,-47.267296160568925,sumare,sp
13181,-22.835616758652723,-47.18815361913,sumare,sp
13145,-22.73306060560335,-47.17829082930352,paulinia,sp
13171,-22.83415780460501,-47.27774968734491,sumare,sp
13180,-22.81344361844933,-47.17188935591158,sumare,sp
13188,-22.894244007858305,-47.23358323658409,hortolandia,sp
13174,-22.81157137691151,-47.26740684846208,sumare,sp
13104,-22.85725476949636,-46.979842730503634,campinas,sp
13177,-22.813951149316207,-47.22434086940969,sumare,sp
13183,-22.84130864526152,-47.21940877608377,hortolandia,sp
13173,-22.79157326172888,-47.283156581597325,sumare,sp
13175,-22.811418577663336,-47.24177202124911,sumare,sp
13100,-22.923882117488567,-47.04015110865824,campinas,sp
13152,-22.6362976512053,-47.18795651989215,cosmoport alegrelis,sp
13106,-22.88403319652071,-46.959756187704045,campinas,sp
13141,-22.80512828442024,-47.143218525002766,paulinia,sp
13172,-22.814155269616304,-47.28249453803813,sumare,sp
13101,-22.90081444463038,-46.99864279239999,campinas,sp
13154,-22.632411085950487,-47.176022324178064,cosmoport alegrelis,sp
13108,-22.891027500559517,-46.93773357898899,campinas,sp
13107,-22.870096973628048,-46.95780941548847,campinas,sp
13189,-22.867252818816223,-47.23172936395768,hortolandia,sp
13144,-22.762924553984643,-47.19325014931619,paulinia,sp
13176,-22.901114435230465,-47.274131211104006,sumare,sp
13147,-22.733134362183417,-47.14026536262738,paulinia,sp
13253,-22.993820438600167,-46.81014454759541,itatiba,sp
13283,-23.01011064782791,-46.98368633960173,vinhedo,sp
13210,-23.21955226311385,-46.88331318927813,jundiai,sp
13276,-22.983092033963143,-46.99579127087601,valinhos,sp
13208,-23.190172576172973,-46.891633311270105,jundiai,sp
13221,-23.184985205666504,-46.82569758226659,varzea paulista,sp
13284,-23.028817866450463,-46.98774817623808,vinhedo,sp
13280,-23.035339717467757,-46.97157885039535,vinhedo,sp
13212,-23.151712385018914,-46.97128780668247,jundiai,sp
13287,-23.048035628679557,-46.99742100929329,vinhedo,sp
13274,-22.96262568971205,-46.97869548506475,valinhos,sp
13270,-22.976619071841363,-47.01071509319301,valinhos,sp
13207,-23.1954527149576,-46.885125855675454,jundiai,sp
13216,-23.15231078798525,-46.86832140856358,jundiai,sp
13219,-23.187084388467,-46.8516474016882,jundiai,sp
13218,-23.1886382132707,-46.87453437279828,jundiai,sp
13205,-23.249726298084145,-46.85297986568742,jundiai,sp
13203,-23.221847481562573,-46.86292270289681,jundiai,sp
13211,-23.179889672043977,-46.928510109318665,jundiai,sp
13272,-22.94509412337182,-46.99793671529901,valinhos,sp
13277,-22.99658400000001,-47.0037645,valinhos,sp
13206,-23.211714582578274,-46.8753760355472,jundiai,sp
13213,-23.149994552971798,-46.946297992498806,jundiai,sp
13273,-22.946686728177077,-46.9746763873937,valinhos,sp
13238,-23.237674244304586,-46.76839048567362,camport alegre limport alegre paulista,sp
13225,-23.221738357943583,-46.8463421029226,varzea paulista,sp
13257,-22.995677703232374,-46.857106243157794,itatiba,sp
13232,-23.20706431353269,-46.760735214610754,camport alegre limport alegre paulista,sp
13289,-23.03693517147554,-46.98252638233038,vinhedo,sp
13209,-23.17965058485729,-46.90576352862229,jundiai,sp
13275,-22.9865591766809,-46.98871848455929,valinhos,sp
13285,-23.03701276533717,-47.00571221793136,vinhedo,sp
13202,-23.207180112486483,-46.87693047864591,jundiai,sp
13214,-23.148804478137823,-46.92948882832884,jundiai,sp
13295,-23.15915219401001,-47.05820782584106,itupeva,ba
13233,-23.182970624262925,-46.74415175933935,camport alegre limport alegre paulista,sp
13201,-23.192759454717024,-46.87833704570238,jundiai,sp
13278,-23.00828704369726,-47.00919837209965,valinhos,sp
13223,-23.214642313163168,-46.80396377210217,varzea paulista,sp
13236,-23.212470018575537,-46.7944565151719,camport alegre limport alegre paulista,sp
13256,-23.01947776599893,-46.85363048752829,itatiba,sp
13254,-23.00670912213648,-46.8123500085026,itatiba,sp
13252,-22.962507150351165,-46.79794228444784,itatiba,sp
13222,-23.19523611721517,-46.81228474481012,varzea paulista,sp
13215,-23.17589664637174,-46.886594495206815,jundiai,sp
13224,-23.2256361212416,-46.8352505773309,vrzea paulista,sp
13251,-22.988874545477703,-46.84197558882967,itatiba,sp
13231,-23.199116360441224,-46.78529346688349,camport alegre limport alegre paulista,sp
13255,-23.02208878722264,-46.84614507475785,itatiba,sp
13271,-22.963253612775464,-47.01219940781335,valinhos,sp
13288,-23.06207686756803,-47.02026431552282,vinhedo,sp
13279,-23.008964328974923,-47.0273853407067,valinhos,sp
13230,-23.207613663145278,-46.78639361266252,camport alegre limport alegre paulista,sp
13220,-23.21556855333337,-46.8459750798889,vrzea paulista,sp
13226,-23.249007721987628,-46.82496052725624,varzea paulista,sp
13250,-23.005474434298936,-46.84112811740003,itatiba,sp
13282,-23.03975168054013,-46.91841758516057,vinhedo,sp
13234,-23.20610112827433,-46.72411527099542,camport alegre limport alegre paulista,sp
13286,-23.05291015306753,-47.03164833595455,vinhedo,sp
13281,-23.317880249016063,-45.97325073036114,vinhedo,sp
13347,-23.141554810215275,-47.23811647179686,indaiatuba,sp
13323,-23.225911871187957,-47.26603912401082,salto,sp
13309,-23.28024027283236,-47.28408336583513,itu,sp
13313,-23.24302673659768,-47.32897776089215,itu,sp
13385,-22.78706404421539,-47.29741233595029,nova odessa,sp
13310,-23.27791979536116,-47.29777730942436,itu,sp
13380,-22.779754253242903,-47.295758177052605,nova odessa,sp
13308,-23.387817863375663,-47.34781496143656,itu,sp
13346,-23.1144961851232,-47.22977576894223,indaiatuba,sp
13330,-23.089034640573622,-47.21441923786709,indaiatuba,sp
13329,-23.178684008309883,-47.29319089454089,salto,sp
13331,-23.08609461599848,-47.224962351552726,indaiatuba,sp
13304,-23.277113936724533,-47.27658838802001,itu,sp
13339,-23.09232014212125,-47.19741214338984,indaiatuba,sp
13322,-23.194155763010308,-47.26601382366275,salto,sp
13327,-23.175880576172972,-47.31592004954123,salto,sp
13334,-23.0836437668634,-47.20306975013413,indaiatuba,sp
13324,-23.20591698084141,-47.307845865803,salto,sp
13336,-23.070896172629727,-47.19852166042471,indaiatuba,sp
13301,-23.25803550268717,-47.29417635508712,itu,sp
13300,-23.27105086011885,-47.30173375047615,itu,sp
13335,-23.07456668181661,-47.194874824182456,indaiatuba,sp
13343,-23.102451439638717,-47.20594429294824,indaiatuba,sp
13320,-23.198860047870664,-47.29334560811024,salto,sp
13305,-23.28289182896337,-47.25198334700922,itu,sp
13348,-23.12851459612905,-47.2406058481293,indaiatuba,sp
13332,-23.068418877604,-47.23637230197927,indaiatuba,sp
13387,-22.77604211783433,-47.28409501796612,nova odessa,sp
13344,-23.11095082431186,-47.21624859616828,indaiatuba,sp
13386,-22.799795282931704,-47.30314074414456,nova odessa,sp
13333,-23.06645625010041,-47.21591274539021,indaiatuba,sp
13311,-23.26608248211083,-47.31279244463039,itu,sp
13345,-23.096930888424048,-47.22158776519132,indaiatuba,sp
13337,-23.063410662849176,-47.16948905182437,indaiatuba,sp
13382,-22.802054627807152,-47.30784990256127,nova odessa,sp
13306,-23.29267167805407,-47.29641066902304,itu,sp
13340,-23.10225337735851,-47.182096252041575,indaiatuba,sp
13338,-23.089692080212355,-47.19608228864908,indaiatuba,sp
13321,-23.190243653067117,-47.291570633360266,salto,sp
13312,-23.25718023729017,-47.35604676504709,itu,sp
13349,-23.12745781267067,-47.24953698160618,indaiatuba,sp
13341,-23.11246447280425,-47.17232524434041,indaiatuba,sp
13326,-23.19571962447347,-47.30481555259966,salto,sp
13328,-23.184582414451015,-47.328649797768485,salto,sp
13302,-23.264239933780345,-47.2738468670939,itu,sp
13389,-22.763895443632787,-47.22648201656057,nova odessa,sp
13342,-23.144126107823592,-47.18406987459923,indaiatuba,sp
13388,-22.764706986163063,-47.24860116691918,nova odessa,sp
13381,-22.801455426942493,-47.32591335692825,nova odessa,sp
13468,-22.75357308071264,-47.3394119839509,americana,sp
13482,-22.57487785152052,-47.416177053147926,limeira,sp
13416,-22.715110444918835,-47.645625352213,piracicaba,sp
13450,-22.760477687572443,-47.41281121951772,santa brbara doeste,sp
13419,-22.726257875353635,-47.63781138952056,piracicaba,sp
13469,-22.711207505135885,-47.367894719400994,americana,sp
13453,-22.73579256527013,-47.41089508396748,santa barbara doeste,sp
13413,-22.66565357337436,-47.60257665309577,piracicaba,sp
13411,-22.671447720100478,-47.68291776300415,piracicaba,sp
13454,-22.744969047625496,-47.37914712056189,santa barbara doeste,sp
13467,-22.78001467637804,-47.3518002860981,americana,sp
13480,-22.564590914795996,-47.40315315223038,limeira,sp
13401,-22.75658158673322,-47.6511707514571,piracicaba,sp
13481,-22.599254430886607,-47.37980963550319,limeira,sp
13473,-22.72893170107914,-47.301322143632056,americana,sp
13403,-22.727374795169958,-47.67061025477531,piracicaba,sp
13474,-22.699283751601328,-47.3060578924634,americana,sp
13409,-22.677209288360626,-47.71180937705575,piracicaba,sp
13484,-22.541719708891844,-47.427681190013296,limeira,sp
13418,-22.72880404359728,-47.63173831975289,piracicaba,sp
13422,-22.75043546601066,-47.60155698958399,piracicaba,sp
13465,-22.74703919816495,-47.34322030252755,americana,sp
13405,-22.71683928585045,-47.65736585405934,piracicaba,sp
13420,-22.74098779744896,-47.60706025967849,piracicaba,sp
13471,-22.722145470713865,-47.33535052553523,americana,sp
13455,-22.72555372425961,-47.36655774789988,santa barbara doeste,sp
13472,-22.721365005132203,-47.321328748365374,americana,sp
13400,-22.734190708292505,-47.65736922147847,piracicaba,sp
13457,-22.768743804807222,-47.395682479228896,santa brbara doeste,sp
13456,-22.75967282783305,-47.364736674563375,santa barbara doeste,sp
13460,-22.778060459662225,-47.28202389849666,nova odessa,sp
13485,-22.54610762836861,-47.38361823827112,limeira,sp
13412,-22.693073720785986,-47.65447299085341,piracicaba,sp
13483,-22.56835042131686,-47.44743947974489,limeira,sp
13451,-22.74909427716957,-47.42443670394211,santa barbara doeste,sp
13424,-22.75010052735289,-47.6459038030758,piracicaba,sp
13423,-22.741294353655316,-47.59190415026848,piracicaba,sp
13402,-22.74889090313922,-47.67870263641869,piracicaba,sp
13408,-22.67126597723474,-47.69675782988044,piracicaba,sp
13486,-22.568907864569766,-47.37619564683011,limeira,sp
13466,-22.752315072998982,-47.32371492368279,americana,sp
13477,-22.744504121011012,-47.30243020136758,americana,sp
13426,-22.752261000000004,-47.62153799999999,piracicaba,sp
13417,-22.746032877835145,-47.63636231303046,piracicaba,sp
13470,-22.71890107574422,-47.3497633873832,americana,sp
13478,-22.737278419931872,-47.31266995989381,americana,sp
13458,-22.77434611235661,-47.39844370678993,santa barbara doeste,sp
13406,-22.68073272144369,-47.70099050140135,piracicaba,sp
13425,-22.757830532892815,-47.60872688259565,piracicaba,sp
13414,-22.702088667218387,-47.65731460235248,piracicaba,sp
13487,-22.57899631642056,-47.37156127520432,limeira,sp
13476,-22.744040339102405,-47.24289505970237,americana,sp
13475,-22.70505527699232,-47.272984386894834,americana,sp
13421,-22.76823217842944,-47.59592486661107,piracicaba,sp
13432,-22.676453803284016,-47.770112916082496,piracicaba,sp
13428,-22.735810383836405,-47.53812019649149,piracicaba,sp
13479,-22.760113693741847,-47.3108787206844,americana,sp
13427,-22.743289215101832,-47.571772395089134,piracicaba,sp
13452,-22.73098895310133,-47.4093459022908,santa barbara doeste,sp
13459,-22.73984285448193,-47.48625718248998,santa barbara doeste,sp
13415,-22.707341235356928,-47.5946920304113,piracicaba,sp
13433,-22.56971348681403,-47.60996992951116,piracicaba,sp
13500,-22.402133192076768,-47.56233402025511,rio claro,sp
13563,-22.001643392946637,-47.924424205357845,sao carlos,sp
13560,-22.01139055955482,-47.886487092764376,sao carlos,sp
13502,-22.4294776769289,-47.58848653828849,rio claro,sp
13574,-22.031055932281127,-47.89876955759132,sao carlos,sp
13505,-22.392256145058425,-47.55944968375016,rio claro,sp
13506,-22.41279106394308,-47.55498970959049,rio claro,sp
13571,-22.033535693851,-47.866356326026384,sao carlos,sp
13569,-22.01401696225976,-47.87496317485142,sao carlos,sp
13504,-22.38438072912452,-47.586364840844695,rio claro,sp
13564,-21.998509608817056,-47.898880140508304,sao carlos,sp
13561,-22.014946613653425,-47.90148946378896,sao carlos,sp
13503,-22.404280214539902,-47.57843446971193,rio claro,sp
13570,-22.031991221156915,-47.87613457059884,sao carlos,sp
13565,-21.969376473950696,-47.89086773875321,sao carlos,sp
13566,-22.00055438718329,-47.88585695697964,sao carlos,sp
13575,-22.03342996672426,-47.91371971353119,sao carlos,sp
13568,-22.016967296150906,-47.85171546211552,sao carlos,sp
13501,-22.43774874385965,-47.5583294377924,rio claro,sp
13562,-22.004791731894475,-47.92391903635525,sao carlos,sp
13572,-22.041836078850352,-47.89482580007645,sao carlos,sp
13520,-22.5567717701264,-47.91123662245614,sao pedro,ce
13567,-22.00000224424374,-47.87647347792721,sao carlos,sp
13573,-22.064437791015006,-47.89639950819431,sao carlos,sp
13509,-22.42932268504749,-47.5750200906148,rio claro,sp
13508,-22.411489567314835,-47.57096343796528,rio claro,sp
13507,-22.41492896707656,-47.554698081077774,rio claro,sp
13601,-22.363302142939556,-47.38673630322003,araras,sp
13606,-22.355093829278463,-47.32579195272525,araras,sp
13631,-22.002685611188895,-47.42592206193028,pirassununga,sp
13615,-22.162480324228845,-47.38128759913256,leme,sp
13614,-22.181778079147104,-47.39587118786719,leme,sp
13612,-22.1915194407346,-47.406601431329385,leme,sp
13632,-22.00467253391821,-47.41520040915975,pirassununga,sp
13617,-22.18374808969113,-47.37924626337191,leme,sp
13607,-22.3724074299152,-47.34738062891686,araras,sp
13630,-22.00660589921609,-47.42763984666532,pirassununga,sp
13604,-22.33251088443001,-47.377264861568456,araras,sp
13610,-22.188010549332656,-47.38890953944135,leme,sp
13600,-22.35906286886278,-47.3807194132873,araras,sp
13603,-22.357155798358097,-47.4052921218512,araras,sp
13635,-21.971012714097714,-47.42669321771252,pirassununga,sp
13616,-22.16869311380004,-47.37632757980868,leme,sp
13643,-21.93360649999994,-47.35649072799998,pirassununga,sp
13611,-22.20297400925932,-47.38019840185567,leme,sp
13605,-22.35221060164216,-47.37105202775028,araras,sp
13609,-22.383142071614014,-47.37688307369148,araras,sp
13636,-21.992120963143176,-47.42222340853305,pirassununga,sp
13633,-22.009073454399637,-47.43894310790179,pirassununga,sp
13641,-21.92307090817436,-47.36244374160741,pirassununga,sp
13634,-21.998143112255253,-47.43774697906376,pirassununga,sp
13613,-22.182877947739502,-47.40087091500408,leme,sp
13602,-22.36865797085809,-47.39891228711986,araras,sp
13640,-21.94319165614812,-47.36460529515514,pirassununga,sp
13638,-21.984978865128195,-47.414376365467575,pirassununga,sp
13608,-22.35605528854832,-47.32474977930578,araras,sp
13738,-21.473396934171287,-47.00955329686342,mococa,sp
13731,-21.470866436154637,-47.01839057008673,mococa,sp
13734,-21.46550827240684,-46.99450984500472,mococa,sp
13730,-21.46569907614626,-47.00475479474461,mococa,sp
13737,-21.49767099861364,-47.01071214787522,mococa,sp
13732,-21.454088788580005,-47.02192990714439,mococa,sp
13736,-21.479141419872427,-47.00307581309471,mococa,sp
13735,-21.46991461724356,-46.999383703144666,mococa,sp
13733,-21.461800979445574,-47.00077905378499,mococa,sp
13739,-21.471544821615407,-47.03367128419283,mococa,sp
13820,-22.689712550377955,-46.98249303136359,jaguariuna,sp
13840,-22.359648157307664,-46.93603474635176,mogi-guacu,sp
13848,-22.331248866205637,-46.9225796260173,mogi guau,sp
13845,-22.35835224656331,-46.96074827733332,mogi guau,sp
13844,-22.382941116125448,-46.94664125419024,mogi-guacu,sp
13875,-21.986354303481825,-46.775203722220574,sao joao da boa vista,sp
13843,-22.3970091627978,-46.94545202732525,mogi guau,sp
13807,-22.402763103111283,-46.94468978960629,mogi mirim,sp
13800,-22.438121280598992,-46.973524736049406,mogi mirim,sp
13870,-21.97841480270819,-46.79561480625737,sao joao da boa vista,sp
13847,-22.352924435516808,-46.93578305768344,mogi-guacu,sp
13874,-21.96762672836732,-46.787603701128894,sao joao da boa vista,sp
13806,-22.410052544109128,-46.97276509151268,mogi mirim,sp
13876,-21.989535114416487,-46.78502371628886,sao joao da boa vista,sp
13871,-21.98736396522239,-46.79543086278632,sao joao da boa vista,sp
13849,-22.27646570640341,-46.97653546951158,mogi-guacu,sp
13801,-22.447759756044725,-46.94699910629585,mogi mirim,sp
13846,-22.33932197651208,-46.954460413369226,mogi guau,sp
13842,-22.38733018521352,-46.92803985014116,mogi-guacu,sp
13803,-22.455719079469564,-46.977701463576665,mogi mirim,sp
13817,-22.52343743993366,-46.95387048823712,mogi mirim,sp
13873,-21.951603059791644,-46.7973683734107,sao joao da boa vista,sp
13802,-22.442246392174948,-46.93879344809282,mogi mirim,sp
13872,-21.961965240416152,-46.806045156792585,sao joao da boa vista,sp
13855,-22.29375183275978,-47.13144506362861,mogi guau,sp
13805,-22.402578352761267,-46.98739104815626,mogi-mirim,sp
13808,-22.449054320686557,-46.934383665421535,mogi-mirim,sp
13879,-21.88908,-46.86360870560121,sao joao da boa vista,sp
13804,-22.5061660887632,-46.97215110400454,mogi mirim,sp
13822,-22.705482111575957,-46.98827264501702,jaguariuna,sp
13908,-22.72282092806635,-46.84179829244856,amparo,sp
13972,-22.433272354448736,-46.81770035287661,itapira,sp
13901,-22.70252137385309,-46.7762559461596,amparo,sp
13904,-22.717484113550384,-46.78143058832225,amparo,sp
13900,-22.702619514570955,-46.7658643411045,amparo,sp
13905,-22.712172829880437,-46.78936475062037,amparo,sp
13973,-22.442208851962707,-46.80330221822877,itapira,sp
13970,-22.433825323698517,-46.82482361170907,itapira,sp
13976,-22.42593017029389,-46.82765699803194,itapira,sp
13975,-22.432161006005423,-46.83792528544762,itapira,sp
13971,-22.41871528680376,-46.82798216284088,itapira,sp
13902,-22.706688666945578,-46.75363598626577,amparo,sp
13915,-22.696926809354984,-46.98786249930696,jaguariuna,sp
13974,-22.441689885911977,-46.8296843558603,itapira,sp
13912,-22.68805598473656,-46.98525572799933,jaguarina,sp
13916,-22.686079400225037,-46.995841886202335,jaguarina,sp
13918,-22.701139778024537,-46.99858183476888,jaguarina,sp
13911,-22.70075926434056,-46.98220781704875,jaguarina,sp
13919,-22.70889536940213,-46.9916678828968,jaguarina,sp
13914,-22.675045524603085,-46.977239237698456,jaguariuna,sp
13903,-22.70951794670785,-46.769180893559934,amparo,sp
13917,-22.694957307303493,-47.0087387799133,jaguariuna,sp
13977,-22.4438083257247,-46.83501228871676,itapira,sp
13909,-22.697860767961284,-46.72144309631252,amparo,sp
13913,-22.66098966625972,-46.946893959295046,jaguariuna,sp
14025,-21.18665775437128,-47.80976500582838,ribeirao preto,sp
14030,-21.18626056036128,-47.84034554440533,ribeirao preto,sp
14075,-21.152969235356927,-47.77227625506376,ribeirao preto,sp
14093,-21.188237520138365,-47.75564477528397,ribeiro preto,sp
14060,-21.132996952825216,-47.80896194364281,ribeirao preto,sp
14020,-21.210104711049134,-47.80139005429387,ribeirao preto,sp
14057,-21.135911060505503,-47.83943588412487,ribeirao preto,sp
14050,-21.17121748495008,-47.81941847157649,ribeirao preto,sp
14095,-21.188764942887172,-47.76987064730896,ribeirao preto,sp
14076,-21.15425171160022,-47.78738989325995,ribeirao preto,sp
14085,-21.16850440882337,-47.79370519233655,ribeirao preto,sp
14010,-21.179578055269594,-47.81126902131619,ribeirao preto,sp
14021,-21.21227916180968,-47.78815176242136,ribeirao preto,sp
14080,-21.15471717346644,-47.79762442492353,ribeirao preto,sp
14096,-21.197994153181128,-47.779317275572765,ribeirao preto,sp
14090,-21.1774515925616,-47.79583295337295,ribeirao preto,sp
14056,-21.13517615098964,-47.8414484583646,ribeirao preto,sp
14022,-21.226395814200256,-47.78501779742152,ribeirao preto,sp
14026,-21.216210904524203,-47.81828973980032,ribeirao preto,sp
14094,-21.194323097917405,-47.74678872433223,ribeiro preto,sp
14015,-21.180024408823375,-47.81386413405276,ribeirao preto,sp
14055,-21.1575781634253,-47.81743621509692,ribeirao preto,sp
14027,-21.224269886202343,-47.83392543796527,ribeiro preto,sp
14079,-21.15613133316094,-47.74568764755373,ribeirao preto,sp
14040,-21.171965761873103,-47.86823156258297,ribeiro preto,sp
14091,-21.1894024299152,-47.79295570344507,ribeirao preto,sp
14031,-21.20034933166944,-47.83509389217496,ribeirao preto,sp
14066,-21.123798663338896,-47.82638348987245,ribeiro preto,sp
14024,-21.210927569248085,-47.81172770260835,ribeirao preto,sp
14051,-21.17251937246812,-47.83483973397196,ribeirao preto,sp
14070,-21.116471333054424,-47.79073400291418,ribeirao preto,sp
14098,-21.224269026371942,-47.76188525214957,ribeiro preto,sp
14071,-21.113868434125944,-47.79592700590096,ribeirao preto,sp
14062,-21.120666287911064,-47.82124996826418,ribeirao preto,sp
14077,-21.11751684601285,-47.77921416266256,ribeiro preto,sp
14061,-21.12716850874257,-47.81197526019966,ribeirao preto,sp
14065,-21.13454716763806,-47.83412097016559,ribeirao preto,sp
14092,-21.174925033585303,-47.7686162776848,ribeirao preto,sp
14078,-21.135783490049025,-47.7667825048123,ribeirao preto,sp
14033,-21.18268996916035,-47.71718172500668,ribeirao preto,sp
14072,-21.088463228143567,-47.79866423910783,ribeirao preto,sp
14097,-21.209355670552256,-47.75455123688613,ribeiro preto,sp
14073,-21.09539169300921,-47.78498873875278,ribeirao preto,sp
14001,-21.17605528282069,-47.81101200874258,ribeiro preto,sp
14032,-21.18444991694181,-47.89014690211305,ribeirao preto,sp
14164,-21.12036817568814,-47.99377798972822,sertozinho,sp
14166,-21.12954989370417,-47.97764683028446,sertaozinho,sp
14160,-21.13146388576363,-47.9959677574636,sertaozinho,sp
14150,-21.21594896945095,-47.59002511568736,serrana,sp
14177,-21.12270565823476,-48.0135887254543,sertaozinho,sp
14161,-21.122616446852085,-47.9989569708581,sertozinho,sp
14140,-21.33657673516688,-47.74963189171813,cravinhos,sp
14176,-21.15158449730904,-48.01559217104395,sertaozinho,sp
14171,-21.153331208463527,-47.9897581349309,sertaozinho,sp
14179,-21.074806170317235,-47.89892760667888,sertozinho,sp
14165,-21.11122796736243,-47.98897470494354,sertaozinho,sp
14170,-21.136014785734883,-47.99968295337294,sertozinho,sp
14178,-21.11877846492228,-48.022110267996354,sertaozinho,sp
14169,-21.13981032620728,-47.97621669537799,sertaozinho,sp
14175,-21.138186737008876,-48.0137094910658,sertaozinho,sp
14173,-21.16377218816211,-47.98329545076081,sertozinho,sp
14141,-21.34307743522916,-47.7284929574178,cravinhos,sp
14151,-21.19755833761655,-47.59524632717783,serrana,sp
14200,-21.47587505746344,-47.55665094604657,sao simao,go
14230,-21.31363348956331,-47.56361877243968,serra azul,mg
14305,-20.88373048265745,-47.57430515205115,batatais,sp
14300,-20.886174694700312,-47.59434113509063,batatais,sp
14312,-20.916468353698388,-47.574216767527176,batatais,sp
14315,-20.90094932674236,-47.58906832178506,batatais,sp
14307,-20.899298609572817,-47.57950783591457,batatais,sp
14400,-20.53193450696372,-47.399446711253766,franca,sp
14407,-20.50234199999999,-47.4215895,franca,sp
14409,-20.509897499999997,-47.3978655,franca,sp
14405,-20.506793628480604,-47.40773763671002,franca,sp
14408,-20.50771227342337,-47.44036729567159,franca,sp
14412,-20.564239500000003,-47.3550705,franca,sp
14403,-20.54822779974972,-47.395897060007975,franca,sp
14406,-20.531151999894856,-47.43366787318517,franca,sp
14401,-20.530671079410943,-47.39851931627846,franca,sp
14402,-20.5251219370028,-47.35986351634621,franca,sp
14404,-20.57107411188894,-47.39074661841339,franca,sp
14410,-20.50282618155015,-47.37098667873431,franca,sp
14580,-20.43399042630061,-47.81416224047547,guara,df
14680,-21.026562514440094,-47.78329414537015,jardinoport alegrelis,sc
14783,-20.57622133702129,-48.57792225353819,barretos,sp
14786,-20.550631159587983,-48.60122983028446,barretos,sp
14780,-20.55352180460502,-48.57715926810552,barretos,sp
14700,-21.01874823813636,-48.6485935746869,bebedouro,sp
14784,-20.58223091395927,-48.557197702608335,barretos,sp
14706,-20.944302152674616,-48.50429911235303,bebedouro,sp
14711,-20.93364583018626,-48.47191650308336,bebedouro,sp
14708,-20.92906365156043,-48.49522308128064,bebedouro,sp
14790,-20.32575857378295,-48.319543357640256,guaira,pr
14709,-20.928623885001464,-48.49299639722605,bebedouro,sp
14781,-20.5342210194687,-48.56356843130872,barretos,sp
14701,-20.94532771847446,-48.48643976387547,bebedouro,sp
14750,-21.010986295708047,-48.20869881125268,pitangueiras,pr
14730,-20.90967045175292,-48.63424472737879,monte azul paulista,sp
14710,-20.92963426779351,-48.47149875727146,bebedouro,sp
14702,-20.968437203172407,-48.47296839427752,bebedouro,sp
14745,-20.790805053014623,-48.3315460132848,terra roxa,pr
14775,-20.68783876701268,-48.41546620561777,jaborandi,ba
14707,-20.931679523612665,-48.50494529994249,bebedouro,sp
14785,-20.57391249509812,-48.58684851057927,barretos,sp
14718,-20.997725516862108,-48.54676717524853,bebedouro,sp
14787,-20.549020930449608,-48.58978990804982,barretos,sp
14704,-20.962004556894936,-48.48983785342409,bebedouro,sp
14716,-21.015332236564173,-48.64487086166094,bebedouro,sp
14715,-21.052484257900066,-48.476527327187895,bebedouro,sp
14733,-20.90566627539369,-48.64331354527653,monte azul paulista,sp
14789,-20.61491237606474,-48.76359025904763,barretos,sp
14713,-20.923029588245832,-48.45576867859325,bebedouro,sp
14810,-21.778926590339896,-48.15890478322473,araraquara,sp
14801,-21.787360438801997,-48.19339828795659,araraquara,sp
14875,-21.25145570294516,-48.3473467162469,jaboticabal,sp
14825,-21.68463581371358,-48.08419380577227,santa lucia,pr
14870,-21.253339982915808,-48.32841354256132,jaboticabal,sp
14804,-21.7681977105142,-48.20274085928214,araraquara,sp
14802,-21.760806096824155,-48.17228519205648,araraquara,sp
14876,-21.239260597927444,-48.34169195835597,jaboticabal,sp
14882,-21.250592999999995,-48.31762049999999,jaboticabal,sp
14811,-21.782297483207348,-48.14919211601936,araraquara,sp
14807,-21.80108206491165,-48.14836890596433,araraquara,sp
14803,-21.804785999999996,-48.203018428891774,araraquara,sp
14890,-21.26669520985272,-48.31582143517535,jaboticabal,sp
14808,-21.812698026371937,-48.15183966694556,araraquara,sp
14883,-21.245206193882886,-48.30873764570266,jaboticabal,sp
14887,-21.25861227118236,-48.31219264384759,jaboticabal,sp
14805,-21.74555234458628,-48.19752025667116,araraquara,sp
14800,-21.80811877629983,-48.17662302746847,araraquara,sp
14806,-21.75910441993188,-48.16642293075191,araraquara,sp
14871,-21.26560558210752,-48.33101720818392,jaboticabal,sp
14896,-21.288892626490657,-48.26393853760022,jaboticabal,sp
14892,-21.16489006247485,-48.37745768732885,jaboticabal,sp
14809,-21.742191931054027,-48.152051736598544,araraquara,sp
14884,-21.235763204058085,-48.24141575536108,jaboticabal,sp
14960,-21.46284342229134,-49.21918836311204,novo horizonte,ba
14910,-21.72886646318172,-48.68881488220222,tabatinga,am
14904,-21.516721143632157,-48.68997645273664,nova america,go
15041,-20.796222017784032,-49.42402036205527,sao jose do rio preto,sp
15015,-20.81842802837701,-49.39248776604019,sao jose do rio preto,sp
15051,-20.89887671578811,-49.36613976344353,sao jose do rio preto,sp
15025,-20.80243626346376,-49.39562406741489,sao jose do rio preto,sp
15042,-20.79297091595129,-49.427681248364905,sao jose do rio preto,sp
15047,-20.760421815820106,-49.395353250291,so jos do rio preto,sp
15057,-20.795289511672543,-49.33344545947642,sao jose do rio preto,sp
15085,-20.83841198142741,-49.38082796951136,sao jose do rio preto,sp
15053,-20.776666890782614,-49.36287357278835,sao jose do rio preto,sp
15076,-20.830232611066197,-49.35777544399851,sao jose do rio preto,sp
15077,-20.85908260697889,-49.33576094397021,sao jose do rio preto,sp
15050,-20.782078847545822,-49.37199920061633,sao jose do rio preto,sp
15010,-20.81357059323897,-49.37830262409778,sao jose do rio preto,sp
15046,-20.77693393507797,-49.38713234157808,sao jose do rio preto,sp
15091,-20.843746814965485,-49.40256817501567,sao jose do rio preto,sp
15061,-20.79913352005785,-49.35654569558457,sao jose do rio preto,sp
15043,-20.78424,-49.40713124999999,sao jose do rio preto,sp
15045,-20.773264441140512,-49.38559202099599,sao jose do rio preto,sp
15092,-20.83681619798221,-49.41485169114358,sao jose do rio preto,sp
15090,-20.83010694065061,-49.392384253983735,sao jose do rio preto,sp
15060,-20.79920540981673,-49.36252443178385,sao jose do rio preto,sp
15056,-20.77506553244082,-49.3482776590689,sao jose do rio preto,sp
15014,-20.81734497064537,-49.38133679126948,sao jose do rio preto,sp
15075,-20.82418210752639,-49.350834727060686,sao jose do rio preto,sp
15062,-20.832391979671076,-49.33780073339066,sao jose do rio preto,sp
15081,-20.84380119949777,-49.36891118527178,so jos do rio preto,sp
15054,-20.780995319700494,-49.35424790246387,sao jose do rio preto,sp
15070,-20.8170171874536,-49.36425413438004,sao jose do rio preto,sp
15055,-20.793966591593712,-49.363925103061646,sao jose do rio preto,sp
15030,-20.79075839726487,-49.38146791931792,sao jose do rio preto,sp
15013,-20.8186365094994,-49.36992583875571,so jos do rio preto,sp
15084,-20.83181111641809,-49.381036123875184,sao jose do rio preto,sp
15082,-20.876313012296293,-49.34261582368944,sao jose do rio preto,sp
15093,-20.852451581621605,-49.41914539705164,so jos do rio preto,sp
15040,-20.799911489122422,-49.41898406325502,so jos do rio preto,sp
15080,-20.833311110937743,-49.36862869325508,sao jose do rio preto,sp
15035,-20.80693143137789,-49.40957726029952,sao jose do rio preto,sp
15020,-20.8217114336699,-49.4013573545888,sao jose do rio preto,sp
15044,-20.78235381267928,-49.40839702598085,sao jose do rio preto,sp
15086,-20.84877053899188,-49.38347792409516,sao jose do rio preto,sp
15063,-20.814445675230637,-49.33921252018795,sao jose do rio preto,sp
15052,-20.762044138028838,-49.36125669828399,sao jose do rio preto,sp
15038,-20.877279813980444,-49.418602809706094,sao jose do rio preto,sp
15048,-20.814151872833403,-49.53040234865364,sao jose do rio preto,sp
15064,-20.787978738987974,-49.286034069464606,sao jose do rio preto,sp
15130,-20.806068345905757,-49.50314249273567,mirassol,sp
15104,-20.867123696318043,-49.31330333742191,sao jose do rio preto,sp
15190,-20.691381198603764,-50.04237071280033,nhandeara,sp
15137,-20.826509617243435,-49.49059546820425,mirassol,sp
15102,-20.70897998001305,-49.29509183608008,sao jose do rio preto,sp
15133,-20.806886379192846,-49.49794451872621,mirassol,sp
15195,-20.688426855426044,-50.051024786819696,nhandeara,sp
15138,-20.826245380340723,-49.4972666962344,mirassol,sp
15131,-20.81333483779711,-49.53041338160926,mirassol,sp
15132,-20.808647586698733,-49.52100391048676,mirassol,sp
15135,-20.81263290927613,-49.50607211677098,mirassol,sp
15220,-21.184653760852598,-49.58394845250138,mendonca,mg
15260,-21.030154189516967,-49.92685901884363,planalto,ba
15390,-20.64056223414505,-51.50988006195493,itapura,sp
15397,-20.6412252750078,-51.50813873079817,itapura,sp
15470,-20.3899193603584,-49.433216509621126,palestina,al
15420,-20.501357958541256,-48.95033162622613,guaraci,pr
15503,-20.399207577004216,-49.96964020815701,votuport alegreranga,sp
15501,-20.433488753848312,-49.97851439170862,votuport alegreranga,sp
15502,-20.405604560394835,-49.99195266803888,votuport alegreranga,sp
15500,-20.42166389708112,-49.96336392178048,votuport alegreranga,sp
15505,-20.423773521297637,-49.97216652821015,votuport alegreranga,sp
15515,-20.452554913819167,-49.8926181940052,votuport alegreranga,sp
15504,-20.417198760506064,-49.94989150695539,votuport alegreranga,sp
15506,-20.422066500000003,-49.99914449999999,votuport alegreranga,sp
15507,-20.40891104352092,-49.99431084190428,votuport alegreranga,sp
15600,-20.28599742780295,-50.26063395418952,fernandoport alegrelis,sp
15601,-20.29811259961654,-50.25331663457617,fernandoport alegrelis,sp
15608,-20.287862650502905,-50.24325977095374,fernandoport alegrelis,sp
15603,-20.284016680741093,-50.24642128435183,fernandoport alegrelis,sp
15612,-20.27258245800586,-50.267420524363736,fernandoport alegrelis,sp
15617,-20.277086019369584,-50.25796499568171,brasitania,sp
15607,-20.27779539634842,-50.24470596034124,fernandoport alegrelis,sp
15610,-20.27992376887236,-50.25579885917082,brasitania,sp
15604,-20.302312290735312,-50.246548296101054,fernandoport alegrelis,sp
15707,-20.24226074796197,-50.5585532898521,jales,sp
15704,-20.27939929861524,-50.5535315563023,jales,sp
15700,-20.26932873300056,-50.54852495698551,jales,sp
15703,-20.2719936576981,-50.54006504210116,jales,sp
15755,-20.055136500000003,-50.47708949999999,turmalina,mg
15708,-20.266521685155105,-50.521431406668206,jales,sp
15710,-20.35937126984227,-50.69750216484668,sao francisco,mg
15706,-20.267391961658845,-50.55765486215137,jales,sp
15800,-21.1419615015292,-48.97287469954993,catanduva,sp
15825,-21.01293426665949,-48.77078312408376,paraiso,sc
15801,-21.13720381121821,-48.98922802596262,catanduva,sp
15802,-21.14213135587665,-48.98902201177769,catanduva,sp
15804,-21.115824844597675,-48.97245537912351,catanduva,sp
15895,-20.91591428873191,-49.263490398583215,cedral,ma
15806,-21.129687082360803,-48.959593387071685,catanduva,sp
15808,-21.14032005357855,-48.953222696222696,catanduva,sp
15810,-21.162702972351784,-48.97639517069088,catanduva,sp
15803,-21.126845368024707,-48.98932863142702,catanduva,sp
15807,-21.123005689422374,-48.94945781487678,catanduva,sp
15809,-21.142394194786565,-48.96688619132673,catanduva,sp
15805,-21.12727725229381,-48.96558623910783,catanduva,sp
15812,-21.15982129816503,-48.99543333215576,catanduva,sp
15816,-21.15860555037795,-48.943638681372285,catanduva,sp
15813,-21.120223443818773,-49.03876045243031,catanduva,sp
15811,-21.18301643209086,-49.001659356136926,catanduva,sp
15991,-21.62322639784909,-48.35015370607144,matao,sp
15900,-21.40988100649633,-48.49689418444743,taquaritinga,sp
15990,-21.600017486814032,-48.36150673633789,matao,sp
15997,-21.58871679739165,-48.36618541687346,matao,sp
15995,-21.60299368942237,-48.39287998251484,matao,sp
15996,-21.584169863424787,-48.37583052902953,matao,sp
15993,-21.620926571469777,-48.37110369219234,matao,sp
15903,-21.422670863401702,-48.52121189851047,taquaritinga,sp
16072,-21.204108401787465,-50.45286394468003,aracatuba,sp
16071,-21.204424026371942,-50.47034877768479,aracatuba,sp
16015,-21.220110815654674,-50.43765462630489,aracatuba,sp
16013,-21.223505000109483,-50.42381022995977,aracatuba,sp
16018,-21.225285295753565,-50.43628367652801,aracatuba,sp
16021,-21.22597638634657,-50.459834200386645,aracatuba,sp
16020,-21.227203927956285,-50.44413619057769,araatuba,sp
16010,-21.21285039439666,-50.44858920843672,aracatuba,sp
16057,-21.167685565641403,-50.44867684041202,araatuba,sp
16056,-21.18400697668648,-50.42609800943507,aracatuba,sp
16025,-21.211056293204475,-50.46139197317208,araatuba,sp
16076,-21.18360661316672,-50.48559109477383,aracatuba,sp
16026,-21.218107777684807,-50.46548104579033,aracatuba,sp
16052,-21.17488410992716,-50.44701325359632,aracatuba,sp
16050,-21.18803252207277,-50.44254258090484,aracatuba,sp
16080,-21.146575142696783,-50.46475457961535,araatuba,sp
16074,-21.19819052567945,-50.45330794255291,aracatuba,sp
16022,-21.235015152374626,-50.46798178227244,aracatuba,sp
16055,-21.19252295870145,-50.43193809343365,aracatuba,sp
16012,-21.21832154593456,-50.400362346932894,araatuba,sp
16075,-21.181959583236825,-50.45781334252949,aracatuba,sp
16011,-21.21094795939615,-50.42699213300364,aracatuba,sp
16070,-21.194673820705177,-50.48212901817764,aracatuba,sp
16058,-21.164198936743283,-50.46093355997181,aracatuba,sp
16023,-21.233544580068124,-50.46613426311384,araatuba,sp
16087,-21.20289946408463,-50.432005334663046,araatuba,sp
16016,-21.235212722459423,-50.42534560228513,aracatuba,sp
16078,-21.17300132806276,-50.4672708506838,aracatuba,sp
16067,-21.178167296699154,-50.4514810269202,aracatuba,sp
16204,-21.30207124709913,-50.34447517254305,birigui,sp
16200,-21.301705697260985,-50.33198634467411,birigui,sp
16201,-21.279941420675893,-50.336008501995344,birigui,sp
16203,-21.290278634885816,-50.3345427547398,birigui,sp
16270,-21.378578914665614,-50.20905983804551,glicerio,rj
16206,-21.283699655301067,-50.30929756445693,birigui,sp
16202,-21.2816132788006,-50.31011731483012,birigui,sp
16207,-21.30332290305622,-50.37641274484489,birigui,sp
16205,-21.30775499999993,-50.36599221499995,birigui,sp
16208,-21.24488368072713,-50.32219195367088,birigui,sp
16303,-21.42882443052843,-50.0717398199599,penport alegrelis,sp
16306,-21.412735682401664,-50.0932985636057,penaport alegrelis,sp
16308,-21.405441430746095,-50.08647465418359,penaport alegrelis,sp
16300,-21.43085925810377,-50.08987578961023,penaport alegrelis,sp
16305,-21.430873544820937,-50.08689271305702,penport alegrelis,sp
16301,-21.426570046543283,-50.06791761043272,penaport alegrelis,sp
16310,-21.583263278673225,-50.16737017613085,alto alegre,pr
16304,-21.442124375537592,-50.07351408965658,penaport alegrelis,sp
16309,-21.40012160919785,-50.07910360930887,penaport alegrelis,sp
16400,-21.67955763252355,-49.76205252276527,lins,sp
16401,-21.65973243958227,-49.74181838251896,lins,sp
16403,-21.697048432542783,-49.746439248588445,lins,sp
16402,-21.674794494864106,-49.73775082070517,lins,sp
16404,-21.677133550968698,-49.74280027208789,lins,sp
16406,-21.658438623925207,-49.76539040743839,lins,sp
16500,-21.808017,-49.62064949999999,cafelandia,pr
16510,-22.27641683476647,-51.48329406577946,simoes,pi
16900,-20.913260060505507,-51.37206780904842,andradina,sp
16901,-20.899751311962603,-51.36595622231519,andradina,sp
16903,-20.905533649460438,-51.39691991035258,andradina,sp
16902,-20.91040333601919,-51.36307987133458,andradina,sp
16905,-20.884900499999997,-51.367473,andradina,sp
17030,-22.32799872661436,-49.04464129765144,bauru,sp
17025,-22.30471983227435,-49.05868864906134,bauru,sp
17010,-22.322079528905824,-49.0743156548015,bauru,sp
17017,-22.353379879537247,-49.05238433917126,bauru,sp
17014,-22.3312275,-49.07597849999999,bauru,sp
17047,-22.33259929227913,-49.0443811707606,bauru,sp
17015,-22.32893156203472,-49.07560106454488,bauru,sp
17022,-22.27750407438397,-49.072014630013385,bauru,sp
17055,-22.343278450951072,-49.110246161213695,bauru,sp
17013,-22.32408404244344,-49.05959852054356,bauru,sp
17020,-22.309153397714876,-49.06667943533956,bauru,sp
17012,-22.332425763517893,-49.060789754631074,bauru,sp
17034,-22.305639680591103,-49.02685106362223,bauru,sp
17018,-22.35973743184844,-49.05231525174554,bauru,sp
17050,-22.321557451007024,-49.099336191932544,bauru,sp
17063,-22.31339490091753,-49.0949519368401,bauru,sp
17054,-22.34727462949378,-49.09146780336427,bauru,sp
17021,-22.30039034000799,-49.07933682001268,bauru,sp
17057,-22.326383757053296,-49.13751207689485,bauru,sp
17026,-22.296469236850484,-49.03471065377948,bauru,sp
17032,-22.32817929115924,-49.02886625465973,bauru,sp
17031,-22.32467467831388,-49.02453793144441,bauru,sp
17033,-22.337614143709917,-49.02889557185494,bauru,sp
17051,-22.33137826421038,-49.096775499711526,bauru,sp
17016,-22.339989670003984,-49.0681097004153,bauru,sp
17053,-22.35452025841065,-49.072367635985984,bauru,sp
17067,-22.3167492489756,-49.10450731626177,bauru,sp
17011,-22.33464564974889,-49.05350529935354,bauru,sp
17052,-22.333806,-49.0911435,bauru,sp
17024,-22.295548583386346,-49.069619266720544,bauru,sp
17066,-22.30373844656362,-49.11089157548048,bauru,sp
17060,-22.316668044504947,-49.081743926367565,bauru,sp
17065,-22.317322505668766,-49.11045345432344,bauru,sp
17037,-22.33314001034988,-48.95811171653265,bauru,sp
17035,-22.320767503750904,-49.01133190991989,bauru,sp
17064,-22.349206736746638,-49.04109341945789,bauru,sp
17039,-22.30496288620234,-49.006305823330905,bauru,sp
17027,-22.292803315803585,-49.0318923780192,bauru,sp
17056,-22.353122459390228,-49.0981396206503,bauru,sp
17048,-22.36874020688816,-49.02473228486346,bauru,sp
17023,-22.28112376048813,-49.05527664002536,bauru,sp
17120,-22.45244284794321,-48.98977139671903,agudos,sp
17132,-22.46764780271769,-48.98338747714546,agudos,sp
17123,-22.45982088934671,-48.993330568333626,agudos,sp
17128,-22.459168787642053,-48.98270810144352,agudos,sp
17110,-22.31873788043944,-49.01170292875091,bauru,sp
17209,-22.27568678711987,-48.542599749927895,jau,sp
17213,-22.30774613849616,-48.57869968734491,jau,sp
17208,-22.280791095202737,-48.5521513301464,ja,sp
17207,-22.283151860593247,-48.55975378705841,jau,sp
17212,-22.30436171187744,-48.54644509493053,jau,sp
17210,-22.29164124459334,-48.54989181391441,ja,sp
17240,-22.147358741536745,-48.52670850380465,bocaina,pi
17201,-22.293283651682124,-48.565581778521526,jau,sp
17211,-22.2985085342778,-48.540250157510506,jau,sp
17203,-22.309450228980285,-48.57374836733223,ja,sp
17215,-22.26263370635926,-48.54613821080265,jau,sp
17205,-22.29194278045217,-48.56406501056031,jau,sp
17202,-22.297293522341857,-48.56373901952273,jau,sp
17204,-22.289660944671727,-48.57424095334464,jau,sp
17206,-22.268158575592278,-48.56480100713664,ja,sp
17220,-22.362190502077464,-48.65853195559466,jau,sp
17214,-22.276278922009357,-48.50505386081136,jau,sp
17340,-22.486085526661206,-48.547449669138985,barra bonita,sc
17470,-22.413547144205573,-49.41668145584374,duartina,sp
17490,-22.41435007250668,-49.150791131370646,piratininga,sp
17498,-22.419540490330387,-49.13928907109154,piratininga,sp
17479,-22.414406224833225,-49.413996777231695,duartina,sp
17492,-22.415853360577977,-49.14272138231224,piratininga,sp
17495,-22.413305595169145,-49.14401719524475,piratininga,sp
17511,-22.181007751312865,-49.963543554532905,marilia,sp
17523,-22.256714168474776,-49.93595799347912,marilia,sp
17509,-22.21755985747781,-49.93997427233191,marilia,sp
17516,-22.22301800355925,-49.913698080763886,marilia,sp
17507,-22.19452752178432,-49.96433249999998,marilia,sp
17512,-22.154209249920417,-49.95162687408481,marilia,sp
17501,-22.223228144324537,-49.95089175437127,marilia,sp
17539,-22.220803801835054,-49.88545272300769,marilia,sp
17520,-22.23411436219633,-49.9262898871833,marilia,sp
17519,-22.2328691873449,-49.94264526602805,marilia,sp
17513,-22.200580498470792,-49.94064948641,marilia,sp
17514,-22.188742247875226,-49.93422578806241,marilia,sp
17504,-22.214731808036426,-49.96619857883034,marilia,sp
17526,-22.229997861121024,-49.971617848460646,marilia,sp
17515,-22.210461027738702,-49.93571261075899,marilia,sp
17522,-22.250124282820703,-49.93142525728547,marilia,sp
17502,-22.222355594783306,-49.95766148320735,marilia,sp
17524,-22.24121960210344,-49.93576755931836,marilia,sp
17500,-22.217405964096468,-49.95110711067839,marilia,sp
17560,-22.21809435900965,-49.819059875867154,vera cruz,ba
17505,-22.202557522072777,-49.96556027699231,marilia,sp
17521,-22.243526591724883,-49.91885152400602,marilia,sp
17510,-22.193082052455427,-49.948926747706174,marilia,sp
17506,-22.205948517432308,-49.95494015032813,marilia,sp
17525,-22.23278171549593,-49.96453769518432,marilia,sp
17527,-22.219601155144584,-49.97374183804608,marilia,sp
17533,-22.24115189119989,-49.93583163523764,marilia,sp
17503,-22.22425063474524,-49.96569825229383,marilia,sp
17532,-22.22561246203763,-49.963339358985536,marilia,sp
17607,-21.915397774670545,-50.52820889771564,tupa,sp
17602,-21.93532101918528,-50.49756182976886,tupa,sp
17603,-21.94846574205311,-50.50900527295919,tupa,sp
17600,-21.937340463741933,-50.51213791271501,tupa,sp
17601,-21.930963035181065,-50.50950987814537,tupa,sp
17606,-21.91979367661405,-50.52628819150581,tupa,sp
17605,-21.936588293449766,-50.52238400033537,tupa,sp
17604,-21.942739057367696,-50.52301704823943,tupa,sp
17610,-21.921984016702,-50.50305205911982,tupa,sp
17625,-22.083395632441874,-50.54042481026828,tupa,sp
17920,-21.489882376851902,-51.69792377335822,ouro verde,sc
17960,-21.298957141240443,-51.56497058778417,monte castelo,sc
18044,-23.50986470167544,-47.484121269794414,sorocaba,sp
18070,-23.47779747737896,-47.48145219317328,sorocaba,sp
18035,-23.501058123111395,-47.46835501559965,sorocaba,sp
18020,-23.50804657201805,-47.438707709821706,sorocaba,sp
18078,-23.427220495412364,-47.46811611532685,sorocaba,sp
18074,-23.448281036643923,-47.48873627920402,sorocaba,sp
18072,-23.42932935268456,-47.50644636159242,sorocaba,sp
18040,-23.50436812822437,-47.46615628434992,sorocaba,sp
18086,-23.44975663113856,-47.440931855963925,sorocaba,sp
18043,-23.50450737663172,-47.47555993853608,sorocaba,sp
18080,-23.48355410407413,-47.45381582237861,sorocaba,sp
18076,-23.46237169747245,-47.47117224424374,sorocaba,sp
18047,-23.529407521784314,-47.4673714103526,sorocaba,sp
18071,-23.47175350328484,-47.50644372342474,sorocaba,sp
18050,-23.52983427238196,-47.48950578262331,sorocaba,sp
18046,-23.519223858733884,-47.474937078683126,sorocaba,sp
18085,-23.468697894347372,-47.438978129410216,sorocaba,sp
18017,-23.494190060505503,-47.40954169025909,sorocaba,sp
18013,-23.49327839993657,-47.4093955217843,sorocaba,sp
18087,-23.442173999999994,-47.45493449999999,sorocaba,sp
18090,-23.474158480273637,-47.4550642451937,sorocaba,sp
18060,-23.492031736886148,-47.47300904079867,sorocaba,sp
18030,-23.50590292645274,-47.46270406757463,sorocaba,sp
18055,-23.489741556206333,-47.509921178602326,sorocaba,sp
18025,-23.520480249006216,-47.44649732938174,sorocaba,sp
18053,-23.498115496249092,-47.51679150000001,sorocaba,sp
18052,-23.539013392723216,-47.49104229586244,sorocaba,sp
18045,-23.516280838190312,-47.476832039961934,sorocaba,sp
18081,-23.47288663304276,-47.44472630849193,sorocaba,sp
18095,-23.490452840257284,-47.45339333018629,sorocaba,sp
18015,-23.49636707533955,-47.43890030979464,sorocaba,sp
18075,-23.47875410713256,-47.4679305,sorocaba,sp
18048,-23.53401196947312,-47.46735238343239,sorocaba,sp
18016,-23.49902773488326,-47.42744498842495,sorocaba,sp
18057,-23.485249497922528,-47.50875151387845,sorocaba,sp
18051,-23.509523514570944,-47.5156125,sorocaba,sp
18065,-23.481821053292144,-47.48028152262103,sorocaba,sp
18077,-23.450593895051057,-47.47570043199476,sorocaba,sp
18079,-23.425825285042404,-47.45945531279931,sorocaba,sp
18031,-23.514805626303925,-47.46355489723096,sorocaba,sp
18010,-23.497758429915205,-47.45587542936695,sorocaba,sp
18054,-23.491391636418687,-47.5186390351145,sorocaba,sp
18061,-23.493304498470785,-47.48204226449884,sorocaba,sp
18066,-23.480652126691457,-47.4975906438425,sorocaba,sp
18056,-23.50407808465575,-47.50637508451152,sorocaba,sp
18021,-23.50616891395926,-47.43999487691152,sorocaba,sp
18022,-23.52429559410029,-47.4343524992766,sorocaba,sp
18084,-23.47591158560804,-47.41709676602804,sorocaba,sp
18023,-23.510531622008717,-47.35567458852158,sorocaba,sp
18073,-23.392829106605845,-47.5191016364624,sorocaba,sp
18143,-23.553372168359147,-47.087685232139656,sao roque,sp
18117,-23.57105743712856,-47.45745448568884,votorantim,sp
18110,-23.540699932021333,-47.45842622799934,votorantim,sp
18114,-23.5459163613596,-47.43786045308448,votorantim,sp
18103,-23.416176489035724,-47.42898358673321,sorocaba,sp
18116,-23.554843241357265,-47.45986166175327,votorantim,sp
18130,-23.53626695697963,-47.13489184347044,sao roque,sp
18111,-23.53756427699231,-47.4346005360668,votorantim,sp
18136,-23.56096330427244,-47.14802654049926,sao roque,sp
18105,-23.406419346932893,-47.37584945697964,sorocaba,sp
18135,-23.54575741915263,-47.12353107857869,sao roque,sp
18115,-23.55641699169012,-47.4445312013676,votorantim,sp
18180,-23.96310790033352,-47.503957613539335,tapirai,mg
18108,-23.496224877055745,-47.37041894685208,sorocaba,sp
18145,-23.59535458112465,-47.150677930073314,sao roque,sp
18112,-23.5270462641308,-47.43206506260343,votorantim,sp
18113,-23.538990396041427,-47.41262274698504,votorantim,sp
18104,-23.411207265029336,-47.388163563767385,sorocaba,sp
18119,-23.54014649628784,-47.49201645624124,votorantim,sp
18132,-23.521078528228543,-47.138172429386366,sao roque,sp
18134,-23.524097460277577,-47.12697858173628,sao roque,sp
18131,-23.535956535662766,-47.15636480737498,sao roque,sp
18140,-23.5393143928982,-47.0379994490949,sao roque,sp
18118,-23.47500354427244,-46.85408158313479,votorantim,sp
18270,-23.3512888921318,-47.844533893650215,tatui,sp
18207,-23.59969949456289,-48.06179358650231,itapetininga,sp
18271,-23.32324191018052,-47.8687957109749,tatui,sp
18212,-23.575066761735748,-48.041256260673926,itapetininga,sp
18275,-23.351354573361085,-47.85525165880219,tatui,sp
18213,-23.57076399930005,-48.01854694865938,itapetininga,sp
18200,-23.587964350055916,-48.050515104990346,itapetininga,sp
18209,-23.58334051783403,-48.07227311404297,itapetininga,sp
18211,-23.570326154506677,-48.04184261282094,itapetininga,sp
18202,-23.58350133698645,-48.017664538469056,itapetininga,sp
18279,-23.313782623850443,-47.8240690156379,tatui,sp
18203,-23.596908453188878,-48.02921118738774,itapetininga,sp
18273,-23.349166470434533,-47.82274418060707,tatui,sp
18201,-23.589215823296843,-48.03714785327651,itapetininga,sp
18277,-23.35332480010781,-47.86800362775606,tatui,sp
18214,-23.574827335464985,-48.02001049811452,itapetininga,sp
18205,-23.598715573991782,-48.04625843093877,itapetininga,sp
18272,-23.34124490268403,-47.825578571501495,tatui,sp
18278,-23.34396804628055,-47.85528518815087,tatui,sp
18276,-23.364180706852867,-47.87145173279761,tatui,sp
18206,-23.614244523133603,-48.06252215071038,itapetininga,sp
18280,-23.334752744566416,-47.86758202519707,tatui,sp
18274,-23.383290976210976,-47.84804917374992,tatui,sp
18210,-23.582620635949198,-48.049106569201975,itapetininga,sp
18208,-23.59370533824461,-48.06756370983527,itapetininga,sp
18216,-22.042863315079195,-47.89293323886167,conceio,pb
18215,-23.587108261686573,-47.98254355472097,itapetininga,sp
18204,-23.607760710117823,-48.01382834757349,itapetininga,sp
18301,-23.991067956189937,-48.34708022118997,capao bonito,sp
18303,-23.981038346225784,-48.34482042259598,capao bonito,sp
18305,-24.01361126248036,-48.34611953892884,capao bonito,sp
18360,-24.643567229055066,-48.83682267211298,itaoca,es
18304,-24.006789000000005,-48.34057275000001,capao bonito,sp
18307,-24.010993707607163,-48.35167651771217,capao bonito,sp
18302,-23.98508402231713,-48.3531261180631,capao bonito,sp
18306,-24.01569324010852,-48.34881379947726,capao bonito,sp
18411,-23.969306228198967,-48.883745383382525,itapeva,sp
18401,-23.975863693331,-48.87459952903885,itapeva,sp
18407,-23.994483344755256,-48.89186808310373,itapeva,sp
18410,-23.977349602176066,-48.88314073638992,itapeva,sp
18400,-23.98884665275079,-48.872938661986566,itapeva,sp
18408,-24.001989630661942,-48.90168669143151,itapeva,sp
18406,-23.994830377122053,-48.8909989492218,itapeva,sp
18480,-23.701769784404224,-49.48408686288425,itaport alegreranga,pb
18409,-23.9811524331912,-48.8887104161179,itapeva,sp
18405,-23.996337983635467,-48.87768228538961,itapeva,sp
18402,-23.94990098394825,-48.87680082625521,itapeva,sp
18412,-23.97074629088295,-48.90965270515891,itapeva,sp
18404,-23.99327608899532,-48.864104773788,itapeva,sp
18403,-23.98311872845792,-48.86902687341848,itapeva,sp
18682,-22.60405058635247,-48.795055606488425,lenois paulista,sp
18602,-22.890494208440284,-48.44482949727183,botucatu,sp
18603,-22.88432509788077,-48.45934051463188,botucatu,sp
18608,-22.86981926481748,-48.45696374622915,botucatu,sp
18600,-22.888585037191984,-48.44275075867046,botucatu,sp
18601,-22.900568658895956,-48.43018179938691,botucatu,sp
18606,-22.894664936797067,-48.45187419469744,botucatu,sp
18604,-22.87815754731953,-48.42619898834323,botucatu,sp
18610,-22.85427884984708,-48.44620612975359,botucatu,sp
18609,-22.84996607640584,-48.45374432747297,botucatu,sp
18683,-22.6025864711492,-48.81247149518349,lencois paulista,sp
18605,-22.90868371357261,-48.44025495045875,botucatu,sp
18685,-22.58508820351035,-48.8109752196649,lencois paulista,sp
18607,-22.885356846451742,-48.47764303000053,botucatu,sp
18611,-22.872417407209937,-48.43285474838039,botucatu,sp
18681,-22.59942838136111,-48.779995856226165,lenois paulista,sp
18680,-22.59872084700082,-48.79900625450397,lencois paulista,sp
18618,-22.896455315859814,-48.495664116116565,botucatu,sp
18684,-22.58690785686298,-48.81243163025464,lencois paulista,sp
18619,-22.781099797391647,-48.39997769816495,botucatu,sp
18686,-22.591565369464565,-48.78539667963656,lenois paulista,sp
18615,-22.93342120404601,-48.44736610433672,botucatu,sp
18705,-23.092342721622696,-48.94030210644007,avare,sp
18700,-23.108504610158622,-48.91828525842257,avare,sp
18702,-23.11054898834324,-48.900872263113854,avare,sp
18701,-23.105366606727763,-48.91147056680601,avare,sp
18707,-23.074464474332117,-48.922589186010086,avare,sp
18706,-23.09312904302037,-48.925506467943904,avare,sp
18703,-23.122708040812157,-48.92144118799351,avare,sp
18708,-23.0752316608744,-48.91600969727445,avare,sp
19025,-22.09785593377639,-51.40156940368525,presidente prudente,sp
19030,-22.11976664599232,-51.37709728851457,presidente prudente,sp
19053,-22.149776645813773,-51.42303862938095,presidente prudente,sp
19015,-22.123409374314768,-51.39556785188995,presidente prudente,sp
19010,-22.11977778756728,-51.38167544559502,presidente prudente,sp
19023,-22.11545190136955,-51.39640853541775,presidente prudente,sp
19050,-22.13375624761404,-51.402435088564296,presidente prudente,sp
19041,-22.138260912269157,-51.38341105715996,presidente prudente,sp
19067,-22.121904982842405,-51.42839130361126,presidente prudente,sp
19033,-22.08797289710221,-51.38697544106079,presidente prudente,sp
19020,-22.13651597360134,-51.396204302534905,presidente prudente,sp
19061,-22.130468983985818,-51.40849659794202,presidente prudente,sp
19064,-22.162528576150528,-51.45320418823846,presidente prudente,sp
19045,-22.14161044114896,-51.38371801350464,presidente prudente,sp
19026,-22.105402408171003,-51.413704422732,presidente prudente,sp
19060,-22.12714089877284,-51.42017611679179,presidente prudente,sp
19035,-22.12779463408792,-51.37160943570833,presidente prudente,sp
19031,-22.13111360906232,-51.37883475590898,presidente prudente,sp
19028,-22.08411604572388,-51.42933249751009,presidente prudente,sp
19063,-22.131826190859822,-51.450761316949546,presidente prudente,sp
19043,-22.15898564250083,-51.37597594205558,presidente prudente,sp
19062,-22.13113754593455,-51.426417331669455,presidente prudente,sp
19057,-22.11733429293294,-51.43930780266795,presidente prudente,sp
19065,-22.104119746441533,-51.43176163351843,presidente prudente,sp
19013,-22.12947979600667,-51.3915163426337,presidente prudente,sp
19066,-22.10656294405296,-51.42862410063346,presidente prudente,sp
19068,-22.100750999999995,-51.43222575000001,presidente prudente,sp
19027,-22.11414425309672,-51.42129393535142,presidente prudente,sp
19034,-22.08196971986269,-51.384068441711776,presidente prudente,sp
19046,-22.145326841128096,-51.384393079199626,presidente prudente,sp
19014,-22.129240980274577,-51.39667350348745,presidente prudente,sp
19085,-22.10819603930394,-51.43849052255224,presidente prudente,sp
19042,-22.133927157857254,-51.36875322173029,presidente prudente,sp
19024,-22.10075824743502,-51.39446225564623,presidente prudente,sp
19040,-22.13134613246487,-51.38070034203611,presidente prudente,sp
19051,-22.143353242696417,-51.457564090461,presidente prudente,sp
19097,-22.075263738148163,-51.36202531329885,presidente prudente,sp
19070,-22.15166474964295,-51.42951074720381,presidente prudente,sp
19036,-22.11297470706345,-51.39388535125711,presidente prudente,sp
19029,-22.07708974256958,-51.41548624933166,presidente prudente,sp
19120,-21.96276907278429,-51.30908105049421,presidente prudente,sp
19110,-22.053811669259712,-51.342069204823744,presidente prudente,sp
19100,-22.087256211118657,-51.4044586192232,presidente prudente,sp
19140,-21.80310402568649,-51.30043489389272,presidente prudente,sp
19280,-22.53111320382709,-52.16524105190012,teodoro sampaio,sp
19230,-22.486331999999948,-51.67254949999996,estrela do norte,go
19274,-22.530669685756347,-52.946768993499525,primavera,pa
19295,-22.54065715805103,-52.18066124104769,teodoro sampaio,sp
19300,-22.002385790929264,-51.56036410767424,presidente bernardes,mg
19802,-22.66968006093573,-50.43328802800281,assis,sp
19813,-22.649437267557254,-50.403976983899845,assis,sp
19800,-22.66791333527613,-50.41920174522468,assis,sp
19814,-22.64961538190318,-50.406862966414685,assis,sp
19806,-22.657282312191057,-50.41657037194679,assis,sp
19807,-22.645067741329548,-50.43145177269314,assis,sp
19801,-22.66933742048014,-50.40913182514858,assis,sp
19816,-22.66155047100233,-50.404831994171616,assis,sp
19815,-22.651747459893823,-50.38975850805008,assis,sp
19803,-22.679653253935196,-50.44287891853987,assis,sp
19804,-22.66272240238052,-50.43776522959186,assis,sp
19812,-22.637181984894323,-50.39719349829197,assis,sp
19810,-22.633555499999996,-50.42109374999998,assis,sp
19912,-22.976259580068117,-49.86340401165677,ourinhos,sp
19970,-22.79140099101727,-50.21666128486411,palmital,pr
19910,-22.96098771080265,-49.89631300429918,ourinhos,sp
19906,-22.98945573088105,-49.87509247068391,ourinhos,sp
19915,-22.95154816431851,-49.87602496821305,ourinhos,sp
19900,-22.978119940676454,-49.869067789454,ourinhos,sp
19905,-22.99964280916834,-49.88283604584176,ourinhos,sp
19908,-22.97673813875251,-49.907551426961774,ourinhos,sp
19911,-22.972046898695822,-49.87234234248948,ourinhos,sp
19907,-22.97002801748513,-49.87966459686076,ourinhos,sp
19914,-22.97254801748514,-49.85686165029715,ourinhos,sp
19913,-22.977260214265105,-49.8573142076,ourinhos,sp
19901,-22.99207161805513,-49.87209383907644,ourinhos,sp
19904,-23.015574147094497,-49.88405407660567,ourinhos,sp
19902,-22.998681861470207,-49.864820921244,ourinhos,sp
19909,-22.970507070229026,-49.90661768956661,ourinhos,sp
20010,-22.90247241249798,-43.17405884636481,rio de janeiro,rj
20011,-22.90481260283338,-43.17623582445608,rio de janeiro,rj
20021,-22.90970975575626,-43.17132226977895,rio de janeiro,rj
20030,-22.908639793496512,-43.17401201249347,rio de janeiro,rj
20050,-22.90564695253624,-43.17888623036526,rio de janeiro,rj
20051,-22.90216947322403,-43.18431801722535,rio de janeiro,rj
20040,-22.906800000000004,-43.176623145421054,rio de janeiro,rj
20080,-22.90109527728077,-43.18255872869183,rio de janeiro,rj
20031,-22.91064096725142,-43.17650983181368,rio de janeiro,rj
20020,-22.906463489324185,-43.17565536663972,rio de janeiro,rj
20090,-22.897963477927224,-43.178970829447735,rio de janeiro,rj
20081,-22.8961084117468,-43.18164216911137,rio de janeiro,rj
20070,-22.902462523457743,-43.179902628224376,rio de janeiro,rj
20071,-22.90210949070916,-43.18080246058632,rio de janeiro,rj
20061,-22.905911692480792,-43.18657247155059,rio de janeiro,rj
20091,-22.899753502914194,-43.17764601165675,rio de janeiro,rj
20041,-22.90390262836861,-43.17983082209015,rio de janeiro,rj
20060,-22.907300762421368,-43.18372964446876,rio de janeiro,rj
20056,-22.9137797149576,-43.250752195106536,rio de janeiro,rj
20260,-22.913297402446734,-43.20920670635925,rio de janeiro,rj
20250,-22.92048954687608,-43.208592127894754,rio de janeiro,rj
20230,-22.908714883432378,-43.193807831813686,rio de janeiro,rj
20270,-22.920104850395337,-43.22138202997862,rio de janeiro,rj
20241,-22.932760211495157,-43.19785123743439,rio de janeiro,rj
20271,-22.943910560140814,-43.254772993992525,rio de janeiro,rj
20261,-22.925732829755905,-43.22234726520112,rio de janeiro,rj
20221,-22.897098494287192,-43.18844514265111,rio de janeiro,rj
20231,-22.91164122453689,-43.18354724508045,rio de janeiro,rj
20220,-22.90545140437997,-43.20561545490215,rio de janeiro,rj
20211,-22.91048789550255,-43.20189495797273,rio de janeiro,rj
20210,-22.90580877517465,-43.19400895420968,rio de janeiro,rj
20240,-22.917041999999995,-43.18825317816965,rio de janeiro,rj
20251,-22.923409610046747,-43.20650332223439,rio de janeiro,rj
20203,-22.795288930066864,-43.34061053055184,rio de janeiro,rj
20397,-22.754816883172573,-43.1094445053957,rio de janeiro,rj
20396,-22.76270833443941,-43.10933934332621,rio de janeiro,rj
20350,-22.90749754731954,-43.268823,rio de janeiro,rj
20541,-22.92531913366395,-43.25369631041029,rio de janeiro,rj
20521,-22.92505850706913,-43.230232813203365,rio de janeiro,rj
20560,-22.918809812943557,-43.26535370468581,rio de janeiro,rj
20550,-22.923980497085807,-43.22589028129148,rio de janeiro,rj
20510,-22.93264121120669,-43.23915878100303,rio de janeiro,rj
20520,-22.92931946221692,-43.23596118471042,rio de janeiro,rj
20540,-22.92173310574757,-43.25868934445138,rio de janeiro,rj
20551,-22.915371368504037,-43.242996214902085,rio de janeiro,rj
20511,-22.93348721120668,-43.24563886482204,rio de janeiro,rj
20530,-22.946235476802045,-43.25548301751381,rio de janeiro,rj
20561,-22.923126168734587,-43.26075217874656,rio de janeiro,rj
20531,-22.974296972243074,-43.28438727866576,rio de janeiro,rj
20535,-22.88668518872989,-43.22727864876793,rio de janeiro,rj
20720,-22.907125456287147,-43.29187014002536,rio de janeiro,rj
20756,-22.886098638900197,-43.3108898963299,rio de janeiro,rj
20785,-22.887998108806,-43.27113442743371,rio de janeiro,rj
20750,-22.88177990536092,-43.29865832500435,rio de janeiro,rj
20770,-22.89844010101571,-43.28117498222639,rio de janeiro,rj
20710,-22.90624766887881,-43.27548982015692,rio de janeiro,rj
20775,-22.89681893672453,-43.28130819579902,rio de janeiro,rj
20745,-22.899652460060015,-43.30488145315579,rio de janeiro,rj
20780,-22.88650136386977,-43.26883386620703,rio de janeiro,rj
20771,-22.888943895089135,-43.28086938426911,rio de janeiro,rj
20730,-22.89702020676329,-43.30023388550985,rio de janeiro,rj
20760,-22.885768400141632,-43.28869921614064,rio de janeiro,rj
20761,-22.870634404408637,-43.29503637633458,rio de janeiro,rj
20740,-22.89603520399333,-43.32157651027179,rio de janeiro,rj
20751,-22.886944522072778,-43.30459252553521,rio de janeiro,rj
20766,-22.86744312600268,-43.282095820156925,rio de janeiro,rj
20735,-22.89834913791924,-43.28603771175494,rio de janeiro,rj
20755,-22.886847115730887,-43.29711736635127,rio de janeiro,rj
20715,-22.91526989009748,-43.263056744387946,rio de janeiro,rj
20765,-22.87902683928684,-43.27183045169951,rio de janeiro,rj
20725,-22.904585350539566,-43.27965950805009,rio de janeiro,rj
20723,-22.90979813183106,-43.28763662585845,rio de janeiro,rj
20776,-22.989315173013143,-43.34858461368386,rio de janeiro,rj
20746,-22.898321969184654,-43.30574172595051,rio de janeiro,rj
20940,-22.898688716890845,-43.21711791782575,rio de janeiro,rj
20920,-22.89141262003006,-43.22976145989381,rio de janeiro,rj
20930,-22.89002472433818,-43.23590644033692,rio de janeiro,rj
20921,-22.89344332944775,-43.22413070370488,rio de janeiro,rj
20911,-22.895475275059077,-43.24323972049752,rio de janeiro,rj
20910,-22.899782764383268,-43.22853469954991,rio de janeiro,rj
20941,-22.908527612816695,-43.22049454010619,rio de janeiro,rj
20950,-22.903440789341573,-43.25796388245143,rio de janeiro,rj
20931,-22.8762700922574,-43.212925934543925,rio de janeiro,rj
20961,-22.90044650346245,-43.261772338190326,rio de janeiro,rj
20970,-22.8988863702464,-43.26086056647812,rio de janeiro,rj
20975,-22.89533081542506,-43.25025491090084,rio de janeiro,rj
20960,-22.901286792948245,-43.24464852790116,rio de janeiro,rj
20943,-22.9088486121434,-43.23332673939564,rio de janeiro,rj
20973,-22.86917240437998,-43.66239622271922,rio de janeiro,rj
20932,-22.85332248950828,-43.397360098269154,rio de janeiro,rj
20972,-22.887529039110216,-43.2593690226858,rio de janeiro,rj
21051,-22.87413918818163,-43.264163954757926,rio de janeiro,rj
21041,-22.86881073397188,-43.2496625858511,rio de janeiro,rj
21031,-22.84488321703506,-43.25879683126541,rio de janeiro,rj
21011,-22.824625169311496,-43.28779784416291,rio de janeiro,rj
21021,-22.84545803220033,-43.26412144878531,rio de janeiro,rj
21060,-22.86491138051819,-43.256420108805976,rio de janeiro,rj
21050,-22.86983986984238,-43.26017619525076,rio de janeiro,rj
21040,-22.85162121429074,-43.25132808523804,rio de janeiro,rj
21020,-22.83010677604002,-43.27754866983109,rio de janeiro,rj
21042,-22.985703740328145,-43.19039850202768,rio de janeiro,rj
21061,-22.869890328899483,-43.26506321065844,rio de janeiro,rj
21046,-22.86702243075192,-43.23613113918864,rio de janeiro,rj
21073,-22.848617611278385,-43.26966669595899,rio de janeiro,rj
21030,-22.842139499999995,-43.249983750000006,rio de janeiro,rj
21070,-22.84727502827443,-43.27388796588767,rio de janeiro,rj
21012,-22.8255207599112,-43.27774612877263,rio de janeiro,rj
21044,-22.855739132704457,-43.24139402405136,rio de janeiro,rj
21010,-22.81177724161504,-43.29909368630079,rio de janeiro,rj
21072,-22.84810283872311,-43.28457781365932,rio de janeiro,rj
21043,-22.87604307132555,-43.41030523798268,rio de janeiro,rj
21071,-22.85087763613022,-43.27772721080267,rio de janeiro,rj
21065,-22.87514003792104,-43.41383054038933,rio de janeiro,rj
21250,-22.82696574686947,-43.30858851122407,rio de janeiro,rj
21235,-22.83586646404876,-43.322162133504506,rio de janeiro,rj
21210,-22.842290284753936,-43.29762071175495,rio de janeiro,rj
21231,-22.832015354146243,-43.3202338771713,rio de janeiro,rj
21221,-22.84519497945644,-43.30289927961805,rio de janeiro,rj
21240,-22.81037884041201,-43.32241089592587,rio de janeiro,rj
21230,-22.82320810545911,-43.32141146765545,rio de janeiro,rj
21241,-22.80544304801203,-43.31088715139367,rio de janeiro,rj
21215,-22.83452027918724,-43.30055459281813,rio de janeiro,rj
21220,-22.85673089425243,-43.30517848917994,rio de janeiro,rj
21211,-22.83856124617697,-43.31099237344907,rio de janeiro,rj
21200,-22.85347704411689,-43.30393765860703,rio de janeiro,rj
21236,-22.83089713266777,-43.31430150819431,rio de janeiro,rj
21360,-22.867576228980287,-43.3308889694731,rio de janeiro,rj
21331,-22.868125238703804,-43.36551686343707,rio de janeiro,rj
21330,-22.88071189148247,-43.37148510017898,rio de janeiro,rj
21341,-22.88641096422165,-43.3508660295746,rio de janeiro,rj
21321,-22.88688293782105,-43.365750051474464,rio de janeiro,rj
21351,-22.868008239252077,-43.34458939618565,rio de janeiro,rj
21381,-22.878476937821056,-43.31517005147447,rio de janeiro,rj
21371,-22.84559560949849,-43.33790705190715,rio de janeiro,rj
21311,-22.895820973916518,-43.322793102285125,rio de janeiro,rj
21361,-22.855066576172977,-43.33105776963473,rio de janeiro,rj
21320,-22.8858726103352,-43.34219063959268,rio de janeiro,rj
21310,-22.881031646375625,-43.33742185657273,rio de janeiro,rj
21380,-22.884745903139223,-43.31832426351789,rio de janeiro,rj
21370,-22.87547049708581,-43.32412982183035,rio de janeiro,rj
21350,-22.875614717179307,-43.329263685383,rio de janeiro,rj
21340,-22.87471779793991,-43.348188021524514,rio de janeiro,rj
21440,-22.862645298084136,-43.25392422924009,rio de janeiro,rj
21535,-22.81652370220432,-43.34279616388714,rio de janeiro,rj
21530,-22.826370279762283,-43.35500599526814,rio de janeiro,rj
21510,-22.83126885651217,-43.34816039829178,rio de janeiro,rj
21511,-22.835470582901703,-43.35969242165472,rio de janeiro,rj
21520,-22.809550380503502,-43.365556171710416,rio de janeiro,rj
21550,-22.85542527560733,-43.36708926340231,rio de janeiro,rj
21531,-22.82586976953026,-43.34591364020138,rio de janeiro,rj
21555,-22.85210782737028,-43.35863842076859,rio de janeiro,rj
21545,-22.83891259127456,-43.34313234341075,rio de janeiro,rj
21515,-22.83259079789656,-43.35462276164891,rio de janeiro,rj
21521,-22.81528393365368,-43.355681933475,rio de janeiro,rj
21540,-22.85041727338564,-43.33748268108384,rio de janeiro,rj
21512,-22.819136857060435,-43.36931423506847,rio de janeiro,rj
21532,-22.819263818111487,-43.3612932645088,rio de janeiro,rj
21557,-22.85608811162105,-43.37696536001765,rio de janeiro,rj
21525,-22.80774537163139,-43.36221524104109,rio de janeiro,rj
21640,-22.836134902302508,-43.394691509579296,rio de janeiro,rj
21670,-22.84918366556059,-43.37790772468112,rio de janeiro,rj
21635,-22.829193849010363,-43.408286706907525,rio de janeiro,rj
21615,-22.867797310029363,-43.405730754227065,rio de janeiro,rj
21655,-22.816408495412368,-43.37772659504312,rio de janeiro,rj
21645,-22.81991337217965,-43.39562996087478,rio de janeiro,rj
21620,-22.84488578406145,-43.40245908035659,rio de janeiro,rj
21660,-22.842986588696125,-43.37442676618174,rio de janeiro,rj
21610,-22.863308981966597,-43.374763974609,rio de janeiro,rj
21675,-22.84256011601936,-43.36598499293087,rio de janeiro,rj
21625,-22.882750764257885,-43.5234642776684,rio de janeiro,rj
21650,-22.814754868848173,-43.37214257948502,rio de janeiro,rj
21630,-22.82515725895892,-43.41502211212422,rio de janeiro,rj
21616,-22.849190234260405,-43.39661390132156,rio de janeiro,rj
21665,-22.828048072162275,-43.37464654010617,rio de janeiro,rj
21775,-22.891478935169616,-43.44853638743293,rio de janeiro,rj
21730,-22.865816587021687,-43.43587259241737,rio de janeiro,rj
21755,-22.885817779392877,-43.4242470936303,rio de janeiro,rj
21760,-22.8888355500895,-43.41525290645745,rio de janeiro,rj
21710,-22.87891050764605,-43.42528383527613,rio de janeiro,rj
21735,-22.868938277829034,-43.43315995115125,rio de janeiro,rj
21750,-22.871499338334544,-43.41181417262971,rio de janeiro,rj
21715,-22.878151522072766,-43.444642919095145,rio de janeiro,rj
21725,-22.8564855,-43.45146675,rio de janeiro,rj
21746,-22.87944595115125,-43.40400666694558,rio de janeiro,rj
21765,-22.88801518789316,-43.42435917762139,rio de janeiro,rj
21770,-22.887010089099142,-43.437039538432735,rio de janeiro,rj
21720,-22.8675728978591,-43.44040526643207,rio de janeiro,rj
21741,-22.888788747706183,-43.39092736733221,rio de janeiro,rj
21745,-22.88747654844472,-43.41290058505978,rio de janeiro,rj
21721,-22.877098458566863,-42.98639206073936,rio de janeiro,rj
21740,-22.8864640049889,-43.37710932987132,rio de janeiro,rj
21785,-22.872104916180973,-43.45521364542106,rio de janeiro,rj
21832,-22.88305112323195,-43.4889261110046,rio de janeiro,rj
21862,-22.86269660648672,-43.46837099999999,rio de janeiro,rj
21810,-22.886342503904107,-43.46205222439118,rio de janeiro,rj
21842,-22.873194922009347,-43.4800636820648,rio de janeiro,rj
21850,-22.8591674635005,-43.49062328613891,rio de janeiro,rj
21843,-22.870511088460173,-43.49528824071454,rio de janeiro,rj
21831,-22.889980452763453,-43.487711302932944,rio de janeiro,rj
21865,-22.84713622370017,-43.463623028449405,rio de janeiro,rj
21830,-22.877869452680468,-43.48459215889548,rio de janeiro,rj
21870,-22.87130753067111,-43.45235439953255,rio de janeiro,rj
21820,-22.88108747100233,-43.4710032485429,rio de janeiro,rj
21840,-22.87459850346245,-43.477731000000006,rio de janeiro,rj
21815,-22.887035413266773,-43.46466267095627,rio de janeiro,rj
21860,-22.860462154979487,-43.51125669202714,rio de janeiro,rj
21852,-22.86040706466044,-43.49028894393788,rio de janeiro,rj
21833,-22.885014834035367,-43.49889909463906,rio de janeiro,rj
21864,-22.852396037191976,-43.459621752438046,rio de janeiro,rj
21853,-22.86908832802572,-43.50623231028202,rio de janeiro,rj
21875,-22.86493856326964,-43.454476167164096,rio de janeiro,rj
21863,-22.84448192386465,-43.46890000538212,rio de janeiro,rj
21866,-22.88751949296353,-43.63657097279583,rio de janeiro,rj
21825,-22.89211739578164,-43.47562901249349,rio de janeiro,rj
21854,-22.851549369929288,-43.484369233626175,rio de janeiro,rj
21845,-22.874488910352586,-43.45268367095628,rio de janeiro,rj
21940,-22.817453343326203,-43.2015902282878,rio de janeiro,rj
21931,-22.805776179896323,-43.20393517954484,rio de janeiro,rj
21911,-22.790042767660196,-43.17825078957146,rio de janeiro,rj
21921,-22.80845493533955,-43.18765927629982,rio de janeiro,rj
21941,-22.86933515510882,-43.21992800026346,rio de janeiro,rj
21930,-22.819789537579453,-43.177251135490046,rio de janeiro,rj
21920,-22.79448670552253,-43.19901880099832,rio de janeiro,rj
21932,-22.88944883819032,-43.28518885053956,rio de janeiro,rj
21910,-22.79440083319865,-43.17502950513588,rio de janeiro,rj
21922,-22.8540390246985,-43.49357362571423,rio de janeiro,rj
21950,-22.90283435276126,-43.263612555369605,rio de janeiro,rj
22081,-22.9860379483813,-43.19247513503371,rio de janeiro,rj
22050,-22.97180239967678,-43.18744649443143,rio de janeiro,rj
22040,-22.96700369193254,-43.18314576657629,rio de janeiro,rj
22071,-22.97891413015762,-43.19043519525077,rio de janeiro,rj
22030,-22.968219049397007,-43.18823673772285,rio de janeiro,rj
22021,-22.96461688037396,-43.17706729349651,rio de janeiro,rj
22051,-22.972496751601327,-43.18950774937962,rio de janeiro,rj
22041,-22.968394910900845,-43.18999951289751,rio de janeiro,rj
22080,-22.98683086984238,-43.19030363696695,rio de janeiro,rj
22031,-22.96616144434192,-43.18753952677599,rio de janeiro,rj
22020,-22.96601266501233,-43.1783093037683,rio de janeiro,rj
22010,-22.962079980841413,-43.1679761924808,rio de janeiro,rj
22060,-22.973939675543917,-43.190175781579946,rio de janeiro,rj
22061,-22.97590551067581,-43.18963171717928,rio de janeiro,rj
22011,-22.962511351924544,-43.17640771510184,rio de janeiro,rj
22070,-22.984241961423034,-43.19056825090884,rio de janeiro,rj
22003,-22.9109450620848,-43.17286622857466,rio de janeiro,rj
22230,-22.93781597002137,-43.17619884430715,rio de janeiro,rj
22280,-22.950922714957603,-43.18739520231989,rio de janeiro,rj
22210,-22.92711498029316,-43.17362973258698,rio de janeiro,rj
22250,-22.938518021928537,-43.17619539800332,rio de janeiro,rj
22240,-22.93125598447676,-43.17881321481337,rio de janeiro,rj
22211,-22.924379630301843,-43.17873631571349,rio de janeiro,rj
22290,-22.954859287264107,-43.18091709714924,rio de janeiro,rj
22270,-22.95379584124873,-43.18465490536092,rio de janeiro,rj
22221,-22.931508341392973,-43.18179399042069,rio de janeiro,rj
22271,-22.95900277684809,-43.19837474672523,rio de janeiro,rj
22231,-22.93276755785112,-43.17834623036526,rio de janeiro,rj
22251,-22.945175455450418,-43.18674295048741,rio de janeiro,rj
22261,-22.95549,-43.20057987621901,rio de janeiro,rj
22245,-22.942045134994665,-43.192373725331656,rio de janeiro,rj
22281,-22.957756281983983,-43.19249263780366,rio de janeiro,rj
22291,-22.81859544240868,-43.27322500582838,rio de janeiro,rj
22260,-22.94914024395528,-43.1890677882164,rio de janeiro,rj
22220,-22.93311463835192,-43.17537798542904,rio de janeiro,rj
22241,-22.93827739912851,-43.195598256997016,rio de janeiro,rj
22283,-22.956150562582973,-43.19212235025111,rio de janeiro,rj
22252,-22.94380123065373,-43.18424634846209,rio de janeiro,rj
22451,-22.97823619758802,-43.2372780819727,rio de janeiro,rj
22411,-22.98123150764605,-43.20143111518263,rio de janeiro,rj
22461,-22.96070967499565,-43.213958465173945,rio de janeiro,rj
22420,-22.984848450458767,-43.20073414542106,rio de janeiro,rj
22410,-22.98474248211083,-43.19586486663974,rio de janeiro,rj
22440,-22.987106811270102,-43.22749700083673,rio de janeiro,rj
22471,-22.966645149316204,-43.20283415612552,rio de janeiro,rj
22450,-22.99399656731484,-43.23396766206948,rio de janeiro,rj
22441,-22.9835768104334,-43.22072313001338,rio de janeiro,rj
22430,-22.98386326005543,-43.21581052596791,rio de janeiro,rj
22421,-22.98235859449484,-43.20994879808413,rio de janeiro,rj
22470,-22.96555273382772,-43.2162783326504,rio de janeiro,rj
22460,-22.96587724811021,-43.21897584321064,rio de janeiro,rj
22431,-22.98193586539897,-43.22428066457964,rio de janeiro,rj
22453,-22.978469157654736,-43.23383336857298,rio de janeiro,rj
22473,-22.9310185387212,-43.35047496113457,rio de janeiro,rj
22452,-23.01849994946487,-43.48445971883477,rio de janeiro,rj
22620,-23.01333894087947,-43.30183519386577,rio de janeiro,rj
22640,-23.00373619547281,-43.32184116956918,rio de janeiro,rj
22631,-23.0043086872296,-43.32450783783356,rio de janeiro,rj
22610,-22.99920563249489,-43.2722509879392,rio de janeiro,rj
22621,-23.01373315958797,-43.31153889592586,rio de janeiro,rj
22630,-23.010698995411467,-43.33245982226944,rio de janeiro,rj
22641,-22.988173022765267,-43.30494658630055,rio de janeiro,rj
22611,-23.004898680535568,-43.2962888304287,rio de janeiro,rj
22600,-22.96346518763946,-43.21682882240132,rio de janeiro,rj
22793,-23.00927096142304,-43.42940927644404,rio de janeiro,rj
22775,-22.972956517889177,-43.39706327699233,rio de janeiro,rj
22790,-23.01133469499096,-43.45025641534424,rio de janeiro,rj
22720,-22.919396236644825,-43.38705153355255,rio de janeiro,rj
22783,-22.99280667740874,-43.44828652055829,rio de janeiro,rj
22745,-22.936378144309987,-43.32533727849932,rio de janeiro,rj
22730,-22.919623722170964,-43.37064603497029,rio de janeiro,rj
22735,-22.92013400805008,-43.36031889592586,rio de janeiro,rj
22770,-22.93862838995325,-43.36065293880199,rio de janeiro,rj
22750,-22.947654111027692,-43.33860615583707,rio de janeiro,rj
22753,-22.97938068457905,-43.3327651254376,rio de janeiro,rj
22740,-22.925875086241643,-43.36913589677584,rio de janeiro,rj
22723,-22.915126647964037,-43.40987975082128,rio de janeiro,rj
22713,-22.930927083992938,-43.3849856514328,rio de janeiro,rj
22763,-22.949217347820927,-43.35077284348652,rio de janeiro,rj
22795,-23.026044731317555,-43.46104142146108,rio de janeiro,rj
22785,-22.97552030068124,-43.48436102271125,rio de janeiro,rj
22760,-22.94491421371684,-43.34638345749923,rio de janeiro,rj
22710,-22.933084232038716,-43.36663107132555,rio de janeiro,rj
22755,-22.953677236001887,-43.334465638593095,rio de janeiro,rj
22743,-22.933479697760923,-43.350149913122536,rio de janeiro,rj
22733,-22.90805540699587,-43.365076570333606,rio de janeiro,rj
22715,-22.92086016847478,-43.38858678005074,rio de janeiro,rj
22725,-22.912294047856623,-43.38219807642905,rio de janeiro,rj
22780,-22.96308886984238,-43.402024304605,rio de janeiro,rj
22765,-22.95634609019567,-43.34674647224308,rio de janeiro,rj
22773,-22.95124560421836,-43.3592714074384,rio de janeiro,rj
22776,-22.98886263729743,-43.3580821248571,rio de janeiro,rj
22711,-22.95209653153628,-43.39272295223751,rio de janeiro,rj
22772,-22.948336079923887,-43.3612598583012,rio de janeiro,rj
22778,-22.93935898306312,-43.371185648883504,rio de janeiro,rj
23075,-22.88236910768082,-43.56762626325808,rio de janeiro,rj
23094,-22.87021479601226,-43.50911415119284,rio de janeiro,rj
23031,-22.957687381721165,-43.605057974498,rio de janeiro,rj
23052,-22.904996178866543,-43.54317001176807,rio de janeiro,rj
23058,-22.91943783158779,-43.61948314746567,rio de janeiro,rj
23040,-22.920193173466444,-43.54930227407812,rio de janeiro,rj
23036,-22.94478296491594,-43.57233194152656,rio de janeiro,rj
23066,-22.883500722206897,-43.62784933672958,rio de janeiro,rj
23076,-22.878227912574285,-43.57731414112189,rio de janeiro,rj
23060,-22.89838745195309,-43.61308366857508,rio de janeiro,rj
23097,-22.851989999999997,-43.53704099999999,rio de janeiro,rj
23095,-22.876208978908178,-43.56012203941369,rio de janeiro,rj
23092,-22.869434839575295,-43.55443024078128,rio de janeiro,rj
23025,-23.004141035518547,-43.62969052498696,rio de janeiro,rj
23020,-23.051775589507898,-43.55382380118115,rio de janeiro,rj
23032,-22.973260219372296,-43.64242747132143,rio de janeiro,rj
23073,-22.887712121011017,-43.58654172924009,rio de janeiro,rj
23028,-22.979653543164588,-43.66396836773623,rio de janeiro,rj
23061,-22.90180015041273,-43.61728064599797,rio de janeiro,rj
23047,-22.92744345406544,-43.5653325992267,rio de janeiro,rj
23064,-22.90272537829649,-43.59206905329216,rio de janeiro,rj
23085,-22.888546173778685,-43.53316741287888,rio de janeiro,rj
23062,-22.906489452680457,-43.60277467929481,rio de janeiro,rj
23065,-22.8715709513822,-43.63062005738777,rio de janeiro,rj
23087,-22.882747506780664,-43.55197219900165,rio de janeiro,rj
23067,-22.882815900988945,-43.61443211246515,rio de janeiro,rj
23013,-22.90160079739165,-43.54808307799064,rio de janeiro,rj
23071,-22.898275102977617,-43.57991583166944,rio de janeiro,rj
23080,-22.900055909515867,-43.5630434682037,rio de janeiro,rj
23050,-22.906162445467107,-43.56901475728546,rio de janeiro,rj
23055,-22.916702672883986,-43.57893967565988,rio de janeiro,rj
23030,-22.95530399999995,-43.58202649999996,rio de janeiro,rj
23033,-22.957985703849097,-43.60671709325408,rio de janeiro,rj
23017,-22.915539999999964,-43.54233999999997,rio de janeiro,rj
23070,-22.887125614714957,-43.59933516863879,rio de janeiro,rj
23035,-22.94890612123084,-43.59927651548514,rio de janeiro,rj
23098,-22.871220704511035,-43.5080217429306,rio de janeiro,rj
23010,-22.87424065824757,-43.49141940508112,rio de janeiro,rj
23045,-22.915061705811,-43.55265523076929,rio de janeiro,rj
23056,-22.91676319900166,-43.61546420370485,rio de janeiro,rj
23059,-22.91609268687132,-43.61169520062432,rio de janeiro,rj
23081,-22.89414057340301,-43.56270255675458,rio de janeiro,rj
23027,-22.999557216486807,-43.641098083126536,rio de janeiro,rj
23026,-22.99650433203871,-43.62572524077582,rio de janeiro,rj
23012,-22.88815387097058,-43.52880192338602,rio de janeiro,rj
23093,-22.87987163281201,-43.53785563113858,rio de janeiro,rj
23063,-22.898246389561866,-43.58672866214904,rio de janeiro,rj
23042,-22.939034386606377,-43.56037003903831,rio de janeiro,rj
23078,-22.864778868805185,-43.5715998508552,rio de janeiro,rj
23068,-22.886298577444176,-43.59687972410816,rio de janeiro,rj
23090,-22.88189342714524,-43.56352526019967,rio de janeiro,rj
23057,-22.845438,-43.52194124999999,rio de janeiro,rj
23088,-22.88527356174625,-43.55370888481736,rio de janeiro,rj
23016,-22.90790027338563,-43.53538218829719,rio de janeiro,rj
23082,-22.88989083374691,-43.56737370384911,rio de janeiro,rj
23015,-22.910199442091727,-43.54481415231861,rio de janeiro,rj
23570,-22.91164391140948,-43.67900649132533,rio de janeiro,rj
23560,-22.894212446852077,-43.71546807493222,rio de janeiro,rj
23550,-22.933875887039065,-43.68870134055625,rio de janeiro,rj
23575,-22.8828599572681,-43.66376400776161,rio de janeiro,rj
23585,-22.92801128978522,-43.64204907457884,rio de janeiro,rj
23565,-22.912879499999992,-43.68167100000001,rio de janeiro,rj
23520,-22.932964791563265,-43.673679256592976,rio de janeiro,rj
23540,-22.97376912655093,-43.70185289840737,rio de janeiro,rj
23595,-22.935550840109503,-43.66020027560581,rio de janeiro,rj
23525,-22.94343646543375,-43.683087610999046,rio de janeiro,rj
23510,-22.917907090195676,-43.68079488842404,rio de janeiro,rj
23535,-22.978162414103497,-43.693011958508826,rio de janeiro,rj
23555,-22.918002391886496,-43.69865668275726,rio de janeiro,rj
23580,-22.908229999999943,-43.62599280599994,rio de janeiro,rj
23545,-22.965370753534568,-43.696040961423016,rio de janeiro,rj
23530,-22.96955756564139,-43.691022,rio de janeiro,rj
23515,-22.927194377459763,-43.68254521510183,rio de janeiro,rj
23587,-22.924709159377265,-43.62735147659086,rio de janeiro,rj
23547,-22.93808022787862,-43.66123606823412,rio de janeiro,rj
23590,-22.934387504847432,-43.66535464322802,rio de janeiro,rj
23573,-22.913586680824032,-43.65451666403138,rio de janeiro,rj
23591,-22.931157368290787,-43.6638593272825,rio de janeiro,rj
23894,-22.746307968387804,-43.69473581382141,seropedica,rj
23897,-22.79848973616071,-43.65176992107816,seropedica,rj
23826,-22.904483963321677,-43.87221941677409,itaguai,rj
23825,-22.90074353020161,-43.861172333584406,itaguai,rj
23815,-22.87431153938789,-43.78764357870941,itaguai,rj
23812,-22.872199163803263,-43.77204292309963,itaguai,rj
23810,-22.87358979081365,-43.77293188513139,itaguai,rj
23820,-22.869565234536577,-43.7919701082573,itaguai,rj
23895,-22.74278739059941,-43.70418775397744,seropedica,rj
23890,-22.797892371022115,-43.63260980520549,seropedica,rj
23891,-22.764617072737547,-43.6746242556553,seropedica,rj
23823,-22.875365561768096,-43.79362442652149,itaguai,rj
23898,-22.81102627133385,-43.64845041771927,seropedica,rj
23832,-22.872287317299705,-43.73590130884046,itaguai,rj
23811,-22.86313228821826,-43.755450219854616,itaguai,rj
23821,-22.87074866884964,-43.79294070444178,itaguai,rj
23830,-22.84527094091644,-43.76163328599996,itaguai,rj
23822,-22.859388170464968,-43.78734182115098,itaguai,rj
23893,-22.72750756774333,-43.64146201035896,seropedica,rj
23831,-22.880126955803707,-43.81994367177612,itaguai,rj
23855,-22.870536667550173,-43.77637901532607,itaguai,rj
23819,-22.83925076680974,-43.793892414002464,itaguai,rj
23835,-22.83658162389063,-43.76504164627765,itaguai,rj
23953,-23.020653433603844,-44.53865723837596,angra dos reis,rj
23954,-23.01206559515735,-44.53981554333971,angra dos reis,rj
23934,-22.96950632736876,-44.30339692787364,angra dos reis,rj
23904,-23.00139114756435,-44.31233159218318,angra dos reis,rj
23946,-22.974517828715573,-44.44355450504452,angra dos reis,rj
23933,-22.973898993768785,-44.29320714402816,angra dos reis,rj
23900,-23.00930591078779,-44.32046114144465,angra dos reis,rj
23955,-23.005317583424937,-44.53795069744708,angra dos reis,rj
23906,-22.998063807295495,-44.30536607069136,angra dos reis,rj
23916,-23.00989075816664,-44.22269761165615,angra dos reis,rj
23932,-22.986374404786726,-44.29986729474528,angra dos reis,rj
23943,-22.905484999999945,-44.31928415699997,angra dos reis,rj
23909,-23.01935768597164,-44.332875953730266,angra dos reis,rj
23968,-23.226221670757933,-44.71297703041569,ilha grande,pi
23950,-23.002552028713648,-44.47788006815941,angra dos reis,rj
23931,-22.98571302087416,-44.30520464841254,angra dos reis,rj
23935,-22.960179748807143,-44.28961167294798,angra dos reis,rj
23914,-22.98902901652846,-44.23437112055439,angra dos reis,rj
23951,-23.02362094342239,-44.51328858877201,angra dos reis,rj
23903,-23.00380775464464,-44.31760414628569,angra dos reis,rj
23907,-23.00752004518449,-44.29461576144129,angra dos reis,rj
23912,-23.00104857729283,-44.26446139573585,angra dos reis,rj
23915,-23.006299894712367,-44.234065749303376,angra dos reis,rj
23917,-23.03487999999993,-44.197209999999984,angra dos reis,rj
23942,-22.94918406150652,-44.323550804155055,angra dos reis,rj
23940,-22.923848696870905,-44.3664212169165,angra dos reis,rj
23937,-22.965314667400648,-44.305017487302,angra dos reis,rj
23936,-23.01496402171552,-44.53016913262758,angra dos reis,rj
23911,-23.01222114498565,-44.279430077609206,angra dos reis,rj
23913,-22.985061872104065,-44.2325742939939,angra dos reis,rj
23952,-23.016964527020395,-44.52718614376892,angra dos reis,rj
23902,-23.008953611869167,-44.32204161988306,angra dos reis,rj
23918,-23.031085984715087,-44.17415365939973,angra dos reis,rj
23905,-22.981301197363237,-44.30340164923547,angra dos reis,rj
23910,-23.005799999999965,-44.29499999999996,angra dos reis,rj
23944,-22.937243342682205,-44.41463493251696,angra dos reis,rj
24030,-22.883862923138043,-43.11562368659535,niteroi,rj
24020,-22.89428279372572,-43.12073703239408,niteroi,rj
24050,-22.87448625631712,-43.1159042521057,niteroi,rj
24060,-22.88468203514288,-43.1104961936404,niteroi,rj
24009,-21.21909309955271,-41.8775055072683,niteroi,rj
24070,-22.893356871487164,-43.1125766611172,niteroi,rj
24040,-22.884496975055352,-43.12662340796614,niteroi,rj
24027,-21.2189719026067,-41.87752350568823,niteroi,rj
24022,-21.218994746155143,-41.87766056697888,niteroi,rj
24008,-21.219146282188923,-41.87782460308559,niteroi,rj
24007,-21.20598002961762,-41.89638192630007,niteroi,rj
24005,-22.89354536620809,-43.118957695144125,niteroi,rj
24140,-22.874438700189227,-43.06812275944768,niteroi,rj
24120,-22.88248286955392,-43.0886607547753,niteroi,rj
24111,-22.86319273688615,-43.09153065889549,niteroi,rj
24110,-22.87198981200734,-43.104650816542055,niteroi,rj
24130,-22.87983185270721,-43.08712552709545,niteroi,rj
24141,-22.878589347221357,-43.048588368861424,niteroi,rj
24119,-22.86343492846253,-43.09725737403164,niteroi,rj
24220,-22.90581654870452,-43.106988856771984,niteroi,rj
24230,-22.911270381614717,-43.10515133611283,niteroi,rj
24210,-22.901359568959617,-43.1241522171793,niteroi,rj
24240,-22.896755634456788,-43.09981143435861,niteroi,rj
24241,-22.90347156010148,-43.09538136456224,niteroi,rj
24211,-21.220994849938272,-41.89197955002058,niteroi,rj
24202,-22.89542602516494,-43.11547213914787,niteroi,rj
24350,-22.944019808500155,-43.06302670148316,niteroi,rj
24310,-22.90890354397097,-43.06335936314921,niteroi,rj
24360,-22.92080861944341,-43.09368761944342,niteroi,rj
24320,-22.89645795213912,-43.03893969749144,niteroi,rj
24342,-22.933383999999933,-43.01855731699993,niteroi,rj
24355,-22.939452538175548,-43.04198995476519,niteroi,rj
24365,-22.91266714181438,-43.08264371885273,niteroi,rj
24370,-22.931171622540223,-43.11725640397596,niteroi,rj
24346,-22.96338484831568,-43.03302455048608,niteroi,rj
24358,-22.95950249166516,-43.054551923240766,niteroi,rj
24325,-22.881713364512105,-43.02820900223135,niteroi,rj
24340,-22.929128181028045,-43.0144161973205,niteroi,rj
24348,-22.96996139107843,-43.03063701526344,niteroi,rj
24315,-22.892972503771126,-43.054212114815925,niteroi,rj
24344,-22.936561541368828,-43.01197429001808,niteroi,rj
24322,-22.901004172835204,-43.037358284719815,niteroi,rj
24330,-22.904267576225827,-42.98672219441791,niteroi,rj
24421,-22.83198637979998,-43.04193397033456,sao goncalo,rj
24440,-22.82732701725956,-43.05044041062229,sao goncalo,rj
24445,-22.817267426623037,-43.03948051450261,sao goncalo,rj
24412,-22.840358603352243,-43.06698744933359,sao goncalo,rj
24451,-22.827869999999997,-43.01969625000001,sao goncalo,rj
24461,-22.798810605026503,-43.02972066797716,sao goncalo,rj
24436,-22.82461973461561,-43.06100551172565,sao goncalo,rj
24430,-22.82606973346271,-43.09243488435598,sao goncalo,rj
24470,-22.7953257797699,-43.04600810459608,sao goncalo,rj
24456,-22.81209906070257,-43.00875954063074,sao goncalo,rj
24426,-22.83536936790349,-43.08464036790347,sao goncalo,rj
24452,-22.81834637467488,-43.0134585090129,so gonalo,rj
24435,-22.82408398146363,-43.06864776948586,sao goncalo,rj
24416,-22.84263449298823,-43.07412079219987,sao goncalo,rj
24450,-22.836641319825965,-43.01364263147119,sao goncalo,rj
24472,-22.78942960928453,-43.04317332596335,sao goncalo,rj
24420,-22.837858930507316,-43.0523415,so gonalo,rj
24415,-22.84460881564635,-43.08909376955794,sao goncalo,rj
24422,-22.818640152002345,-43.02140202196094,sao goncalo,rj
24431,-22.827206075806263,-43.08632597763122,sao goncalo,rj
24455,-22.811353604784248,-43.02419821740285,sao goncalo,rj
24410,-22.85931686955392,-43.08999321091822,sao goncalo,rj
24465,-22.82400101237868,-43.05656386425214,sao goncalo,rj
24417,-22.84733351862612,-43.05194992158912,sao goncalo,rj
24466,-22.806977184093604,-43.06368361714849,so gonalo,rj
24425,-22.857770998847855,-43.0954005110372,so gonalo,rj
24460,-22.80945748522964,-43.0430013661409,sao goncalo,rj
24411,-22.860335045554766,-43.08877582642397,sao goncalo,rj
24457,-22.807820702930368,-43.008548837565705,sao goncalo,rj
24467,-22.802360052238978,-43.0521017134224,sao goncalo,rj
24474,-22.794047405935157,-43.02299329564242,sao goncalo,rj
24476,-22.773691602147625,-43.02061676299818,sao goncalo,rj
24471,-22.782565330106948,-43.05576234887696,sao goncalo,rj
24475,-22.772904283819237,-43.04128819186588,sao goncalo,rj
24473,-22.78971369730293,-43.03295019894345,sao goncalo,rj
24400,-22.822657273441827,-43.04547527635864,sao goncalo,rj
24715,-22.802883633017,-42.991569871536825,so gonalo,rj
24735,-22.84420381959985,-42.95646866984103,so gonalo,rj
24716,-22.79451691790931,-43.00826969494774,so gonalo,rj
24753,-22.90611139075539,-42.97739334243523,sao goncalo,rj
24743,-22.8494025,-42.99899624999999,sao goncalo,rj
24740,-22.83150770446966,-43.00284434736725,sao goncalo,rj
24752,-22.90495599500834,-42.97751321579431,so gonalo,rj
24722,-22.80367432447838,-42.97982888792682,sao goncalo,rj
24730,-22.826989851782468,-42.98979511839941,sao goncalo,rj
24736,-22.825408499999995,-42.96030074999999,sao goncalo,rj
24745,-22.846883133332263,-43.00598984442709,sao goncalo,rj
24732,-22.82808578551792,-42.97358721448207,sao goncalo,rj
24750,-22.82952666093368,-42.988551310768,sao goncalo,rj
24751,-22.85759100323562,-43.00888541128614,sao goncalo,rj
24710,-22.826646152351035,-42.99987757664625,sao goncalo,rj
24754,-22.87403983236193,-43.03308929516996,sao goncalo,rj
24742,-22.83971714365269,-42.998008539497135,sao goncalo,rj
24744,-22.829807351422406,-43.00188821360128,sao goncalo,rj
24724,-22.799295401468115,-42.95561650700336,sao goncalo,rj
24723,-22.835185713452816,-42.93224075052069,so gonalo,rj
24738,-22.834624557710672,-42.9434559615717,sao goncalo,rj
24756,-22.891851750394064,-43.006206836798846,sao goncalo,rj
24711,-22.819438578194774,-42.997316166139576,sao goncalo,rj
24725,-22.80395133423044,-42.96490045553483,sao goncalo,rj
24755,-22.855777638418093,-43.02136994995964,so gonalo,rj
24717,-22.802442612704983,-43.004167662474536,sao goncalo,rj
24734,-22.827220126728363,-42.95701967367656,sao goncalo,rj
24720,-22.811461317093958,-42.99202935955541,sao goncalo,rj
24737,-22.830628775114185,-42.981006692644335,sao goncalo,rj
24727,-22.788731205902764,-42.943115809557774,sao goncalo,rj
24746,-22.845070179657903,-42.98986212288898,sao goncalo,rj
24731,-22.82207076421157,-42.98466953129056,sao goncalo,rj
24721,-22.802034368356964,-42.98191639777684,sao goncalo,rj
24726,-22.8322963487467,-42.93858505637166,sao goncalo,rj
24741,-22.839020765752934,-43.00207027119053,sao goncalo,rj
24733,-22.82905663491486,-42.97254715872871,so gonalo,rj
24809,-22.767062407854965,-42.90188522228922,itaborai,rj
24800,-22.734001459672847,-42.86323433666325,itaborai,rj
24840,-22.71890516617555,-42.863865748478695,itaborai,rj
24858,-22.77298526174036,-42.93348585291521,itaborai,rj
24813,-22.70666999999997,-42.896109999999965,itaborai,rj
24808,-22.75434323888169,-42.85544570756432,itaborai,rj
24812,-22.74543440809399,-42.87565777480636,itaborai,rj
24804,-22.752574304555985,-42.85527099986377,itaborai,rj
24856,-22.7657011091186,-42.91432128572905,itaborai,rj
24855,-22.769479932943707,-42.923650975792896,itaborai,rj
24806,-22.75195623504498,-42.81694832727931,itaborai,rj
24851,-22.817484888140932,-42.890395524152666,itaborai,rj
24801,-22.74183480474236,-42.846123018968505,itaborai,rj
24860,-22.79809765599998,-42.91411999999997,itaborai,rj
24859,-22.8221647281532,-42.89085554010795,itaborai,rj
24850,-22.803973646224552,-42.886286599576735,itaborai,rj
24866,-22.745357207044524,-42.88465572710356,itaborai,rj
24876,-22.7125342435385,-42.89540473111652,itaborai,rj
24802,-22.71887971923496,-42.871844137393325,itaborai,rj
24830,-22.744304000416736,-42.85758944051675,itaborai,rj
24805,-22.733261124102032,-42.831251600106846,itaborai,rj
24803,-22.732706025561804,-42.829985079205095,itaborai,rj
24867,-22.755679999999927,-42.94480212499997,itaborai,rj
24857,-22.760534921999977,-42.93148699999995,itaborai,rj
24845,-22.786104163457228,-42.82366895867512,itaborai,rj
24875,-22.748110931536203,-42.85346289476616,itaborai,rj
24815,-22.711511982572503,-42.87091185028509,itaborai,rj
24865,-22.742759698159883,-42.91668091799642,itaborai,rj
24868,-22.727846072187585,-42.95112813684848,itaborai,rj
24877,-22.745612949418724,-42.884479445017966,itaborai,rj
24846,-22.691873540181085,-42.77675827685773,itaborai,rj
24904,-22.908570683778134,-42.79469441590441,marica,rj
24922,-22.954400999999997,-42.7030965,marica,rj
24942,-22.926095999360705,-42.86495655363955,marica,rj
24905,-22.901665372340847,-42.795023744018,marica,rj
24944,-22.89563349999997,-42.93976105099995,marica,rj
24908,-22.911246757021186,-42.8129512963204,maric,rj
24901,-22.915173042853034,-42.8212120511168,marica,rj
24913,-22.909403191706595,-42.82352014957612,marica,rj
24903,-22.90950109305715,-42.79833382248586,marica,rj
24934,-22.968194951803664,-42.95946100698955,marica,rj
24931,-22.940072394224583,-42.88783827716344,maric,rj
24943,-22.907234055760885,-42.93378233993956,marica,rj
24900,-22.918401715611136,-42.81174804781017,marica,rj
24914,-22.926682192597426,-42.8525491691742,maric,rj
24936,-22.95903880735188,-42.98584334941111,marica,rj
24935,-22.950843231750724,-42.96230078206926,marica,rj
24902,-22.94071387679384,-42.88806509718821,marica,rj
24940,-22.94107807180112,-42.95860177906883,marica,rj
24938,-22.93524262195562,-42.96941208683363,marica,rj
24939,-22.91771526335445,-42.95811180963159,marica,rj
24930,-22.9245255,-42.86348099999999,maric,rj
24937,-22.961935077883016,-43.00229226830752,marica,rj
24916,-22.972316381075515,-42.93868700141586,marica,rj
24912,-22.90733509351059,-42.82510433851007,marica,rj
24921,-22.952398914894346,-42.98620812826969,marica,rj
24932,-22.90061152566563,-42.93567906677245,marica,rj
24915,-22.955858522198028,-42.81280277589673,marica,rj
24933,-22.96974443607173,-42.9369057138687,marica,rj
24941,-22.916123580282772,-42.93812293488802,marica,rj
24910,-22.877543038117786,-42.80134485874519,marica,rj
24924,-22.92372080699994,-42.65736672299994,marica,rj
24923,-22.9534400146218,-42.69498067131147,marica,rj
24917,-22.97185552927001,-42.930603970729976,marica,rj
24909,-22.91370410629557,-42.81004585358576,marica,rj
24927,-22.897394796408843,-42.78453778244015,marica,rj
24911,-22.90263949790544,-42.835591793593146,marica,rj
25085,-22.79862506251644,-43.29358593827242,duque de caxias,rj
25020,-22.78420528628237,-43.31477950055586,duque de caxias,rj
25055,-22.769144593111417,-43.286316041708815,duque de caxias,rj
25065,-22.77760106919542,-43.29066335228759,duque de caxias,rj
25071,-22.79174070252541,-43.30588459356596,duque de caxias,rj
25051,-22.78283591052937,-43.29104226229045,duque de caxias,rj
25041,-22.735679490767343,-43.31184633532655,duque de caxias,rj
25010,-22.785786192374086,-43.316144229981525,duque de caxias,rj
25075,-22.792181989405652,-43.29815559556441,duque de caxias,rj
25035,-22.76533474882392,-43.30808280493542,duque de caxias,rj
25040,-22.74625128697077,-43.32057255769089,duque de caxias,rj
25080,-22.78540473304261,-43.29772821126139,duque de caxias,rj
25045,-22.7179799820924,-43.31443538668116,duque de caxias,rj
25030,-22.778015003236373,-43.31341707360692,duque de caxias,rj
25060,-22.76477724977713,-43.30343343716029,duque de caxias,rj
25056,-22.702277906956237,-43.27008859496423,duque de caxias,rj
25046,-22.728162180778853,-43.32198377438596,duque de caxias,rj
25070,-22.78581289392769,-43.30804347053546,duque de caxias,rj
25025,-22.78530991174892,-43.32222918835144,duque de caxias,rj
25044,-22.65052416856913,-43.296074855690506,duque de caxias,rj
25036,-22.663189612142688,-43.3037112690833,duque de caxias,rj
25086,-22.78884195921269,-43.2925970185733,duque de caxias,rj
25015,-22.7898225982794,-43.32827859671635,duque de caxias,rj
25011,-22.796342287764347,-43.31449885685314,duque de caxias,rj
25050,-22.74908369187804,-43.30562478541481,duque de caxias,rj
25042,-22.74221648679724,-43.317178367738485,duque de caxias,rj
25081,-22.616954100233503,-43.30647643663495,duque de caxias,rj
25215,-22.68295092027368,-43.27778772715256,duque de caxias,rj
25250,-22.577232122164883,-43.305237856841536,duque de caxias,rj
25225,-22.698899396494795,-43.27114997245412,duque de caxias,rj
25251,-22.653103179770355,-43.270073693010815,duque de caxias,rj
25240,-22.65176256898586,-43.29910420484181,duque de caxias,rj
25255,-22.62051987710745,-43.28329678096691,duque de caxias,rj
25261,-22.63424849999999,-43.26238575,duque de caxias,rj
25211,-22.666330008859266,-43.259745491140734,duque de caxias,rj
25223,-22.68842914603058,-43.25657353598464,duque de caxias,rj
25230,-22.6923165,-43.28760374999998,duque de caxias,rj
25243,-22.66088516023277,-43.29016035196246,duque de caxias,rj
25260,-22.644725818694308,-43.27880621146083,duque de caxias,rj
25270,-22.62169060307744,-43.23995949066031,duque de caxias,rj
25264,-22.648802582950537,-43.23530108331979,duque de caxias,rj
25212,-22.67370215083843,-43.24629476920249,duque de caxias,rj
25233,-22.70820170431696,-43.301263500000005,duque de caxias,rj
25235,-22.674998999999943,-43.35797149999996,duque de caxias,rj
25271,-22.63551623811612,-43.25516504764514,duque de caxias,rj
25220,-22.68634309824614,-43.249654235744025,duque de caxias,rj
25214,-22.6855437762638,-43.261521841665065,duque de caxias,rj
25272,-22.620740207119777,-43.203405959181744,duque de caxias,rj
25266,-22.63993488427413,-43.22746122400765,duque de caxias,rj
25231,-22.6871153004401,-43.30245591008548,duque de caxias,rj
25221,-22.702861122377985,-43.232612973056845,duque de caxias,rj
25245,-22.57142450320851,-43.31181786549752,duque de caxias,rj
25213,-22.67141722646238,-43.26755860215828,duque de caxias,rj
25241,-22.571208,-43.31268449999998,duque de caxias,rj
25253,-22.60208424358124,-43.283087713268166,duque de caxias,rj
25267,-22.62733414444734,-43.244109068936325,duque de caxias,rj
25265,-22.656908999999946,-43.22670649999995,duque de caxias,rj
25268,-22.644459873552044,-43.24687745272869,duque de caxias,rj
25275,-22.63304651937081,-43.24020903596432,duque de caxias,rj
25237,-22.7536934588605,-43.306077346561885,duque de caxias,rj
25222,-22.687315496075623,-43.25306579310761,duque de caxias,rj
25530,-22.81252761048903,-43.38758516830393,so joo de meriti,rj
25525,-22.795917718148136,-43.378424462057446,sao joao de meriti,rj
25576,-22.805513458935565,-43.377789256128665,sao joao de meriti,rj
25561,-22.77658387384398,-43.354144984238886,sao joao de meriti,rj
25545,-22.781746615709963,-43.38653594434864,sao joao de meriti,rj
25580,-22.784780029352564,-43.33447068870135,sao joao de meriti,rj
25550,-22.76858130568497,-43.38321290201161,sao joao de meriti,rj
25515,-22.79910606797413,-43.36712197720967,sao joao de meriti,rj
25570,-22.76439941390893,-43.35233721757213,so joo de meriti,rj
25585,-22.784785872198324,-43.3306646033206,sao joao de meriti,rj
25581,-22.7917166168797,-43.35327724532583,sao joao de meriti,rj
25555,-22.775863110175877,-43.362487148492974,sao joao de meriti,rj
25520,-22.803952483108574,-43.37131863327339,sao joao de meriti,rj
25510,-22.78807396716683,-43.37857000057292,sao joao de meriti,rj
25560,-22.769711367523303,-43.37281091738682,sao joao de meriti,rj
25535,-22.792936029788965,-43.4013176492609,sao joao de meriti,rj
25571,-22.762488844505626,-43.34977891551892,sao joao de meriti,rj
25565,-22.788176628991717,-43.35700065106447,sao joao de meriti,rj
25575,-22.792149941366457,-43.38383110536862,sao joao de meriti,rj
25540,-22.78559991084594,-43.3965861916314,sao joao de meriti,rj
25586,-22.799040620742296,-43.34069823886989,so joo de meriti,rj
25635,-22.53135181277938,-43.17259695662331,petroport alegrelis,rj
25655,-22.52760750799953,-43.195055075889336,petroport alegrelis,rj
25620,-22.511952463273957,-43.1777121666574,petroport alegrelis,rj
25630,-22.52225893204127,-43.165855143026526,petroport alegrelis,rj
25675,-22.490942742182664,-43.19898857430632,petroport alegrelis,rj
25670,-22.485110293266917,-43.211151049082765,petroport alegrelis,rj
25645,-22.549033360244323,-43.210094724044055,petroport alegrelis,rj
25665,-22.50825234845136,-43.22226686118841,petroport alegrelis,rj
25680,-22.471106906073988,-43.18551679930981,petroport alegrelis,rj
25685,-22.511781902332768,-43.18420989995548,petroport alegrelis,rj
25640,-22.519606097049188,-43.17922740046838,petroport alegrelis,rj
25660,-22.51377046504942,-43.20986209392224,petroport alegrelis,rj
25650,-22.533968891214723,-43.2023689893726,petroport alegrelis,rj
25610,-22.50645172064688,-43.168437511076654,petroport alegrelis,rj
25615,-22.49037313432184,-43.15585740044716,petroport alegrelis,rj
25625,-22.515870388115008,-43.17078349038782,petroport alegrelis,rj
25651,-22.52821926418273,-43.2163766189078,petroport alegrelis,rj
25638,-22.527613067650595,-43.17220132292643,petroport alegrelis,rj
25689,-22.50910898557073,-43.18746713926714,petroport alegrelis,rj
25684,-22.50733023550956,-43.192545866388265,petroport alegrelis,rj
25720,-22.436244335022675,-43.14033841232948,petroport alegrelis,rj
25730,-22.389386316926604,-43.131794488742194,petroport alegrelis,rj
25710,-22.459837563983942,-43.14172200990929,petroport alegrelis,rj
25770,-22.28658795821608,-43.10591784334031,petroport alegrelis,rj
25715,-22.453208068237124,-43.17015529266424,petroport alegrelis,rj
25725,-22.427955530445832,-43.292322660859895,petroport alegrelis,rj
25750,-22.319525528239534,-43.1311053702977,petroport alegrelis,rj
25745,-22.395149404456674,-43.12626088058814,petroport alegrelis,rj
25740,-22.41726870720411,-43.165554149792975,petroport alegrelis,rj
25755,-22.32389323024829,-43.15713959292701,petroport alegrelis,rj
25716,-22.479978385968973,-43.15472446133394,petroport alegrelis,rj
25804,-22.119462909796585,-43.212276368761366,tres rios,rj
25815,-22.11072238418253,-43.19525277592128,tres rios,rj
25810,-22.088978530632986,-43.22093898689703,tres rios,rj
25805,-22.11665061891994,-43.21531482899271,tres rios,rj
25802,-22.11609445602118,-43.20891268018211,tres rios,rj
25812,-22.101819831639578,-43.18965483635945,trs rios,rj
25803,-22.114931849301893,-43.20418377871129,tres rios,rj
25880,-21.991292662602568,-42.90770373334286,sapucaia,mg
25821,-22.115448674116767,-43.19741101838719,trs rios,rj
25809,-22.09267469683741,-43.22222716790981,tres rios,rj
25807,-22.112559955290063,-43.20864982287998,tres rios,rj
25811,-22.10825707391976,-43.18600677551972,tres rios,rj
25806,-22.12133772917399,-43.22517160586832,tres rios,rj
25808,-22.10726147511464,-43.21214608127544,trs rios,rj
25820,-22.11828173516249,-43.19147806859583,tres rios,rj
25940,-22.67014224314907,-43.02136608859687,guapimirim,rj
25953,-22.41089955323377,-42.96754519462695,teresoport alegrelis,rj
25957,-22.428725888669057,-42.97556752642736,teresoport alegrelis,rj
25908,-22.60427646469304,-43.034352553989415,mag,rj
25921,-22.636474608381608,-43.07125782082338,mage,rj
25961,-22.438035788165227,-42.97930499598549,teresoport alegrelis,rj
25935,-22.610756596789887,-43.15974082935956,mage,rj
25900,-22.65894387253605,-43.03681018346885,mage,rj
25901,-22.6719052822929,-43.16990957323648,mage,rj
25930,-22.672179499134955,-43.16685190372415,mage,rj
25932,-22.59755604016498,-43.17615273106807,mage,rj
25946,-22.52914668385545,-42.98210818323281,guapimirim,rj
25974,-22.383571450110804,-42.97733620403562,teresoport alegrelis,rj
25995,-22.379789300034645,-42.92663232690309,teresoport alegrelis,rj
25963,-22.416149820084957,-42.97702251227752,teresoport alegrelis,rj
25977,-22.39691641359331,-42.91234669914398,teresoport alegrelis,rj
25976,-22.4152186200517,-42.96996546672412,teresoport alegrelis,rj
25964,-22.42998726230466,-42.97973434229022,teresoport alegrelis,rj
25975,-22.412321627424333,-42.95283099994093,teresoport alegrelis,rj
25956,-22.430047012910247,-42.96533733393267,teresoport alegrelis,rj
25945,-22.53066404121518,-42.985848765626905,guapimirim,rj
25931,-22.62755625299997,-43.159941619999984,mag,rj
25954,-22.43518776254457,-42.947545485310506,teresoport alegrelis,rj
25936,-22.60174879799996,-43.189773996999975,mage,rj
25973,-22.3917223113947,-42.91357449028105,teresoport alegrelis,rj
25965,-22.405513211612465,-42.974275624700354,teresoport alegrelis,rj
25960,-22.441832855747368,-42.9794319250343,teresoport alegrelis,rj
25912,-22.559494158720877,-43.050938603116926,mage,rj
25942,-22.595403835819045,-43.01267598538615,guapimirim,rj
25911,-22.54808152462201,-43.04561606704369,mage,rj
25926,-22.710520465324244,-43.16559847359304,mage,rj
25920,-22.649598096437277,-43.11747304865158,mage,rj
25958,-22.437905160323293,-42.97012336182861,teresoport alegrelis,rj
25914,-22.65596229769078,-43.03617157238929,mage,rj
25943,-22.556989324584887,-42.99759158024225,guapimirim,rj
25970,-22.39076748907133,-42.99486415077009,teresoport alegrelis,rj
25916,-22.594304166931124,-43.11269396973009,mage,rj
25922,-22.66646668441372,-43.12945236438105,mag,rj
25902,-22.609190142662385,-43.170402753165895,mage,rj
25955,-22.41615207847892,-42.96901641569299,teresoport alegrelis,rj
25959,-22.45422000101887,-42.98223428751139,teresoport alegrelis,rj
25948,-22.515107256470177,-42.96997901535116,guapimirim,rj
25903,-22.71687749807044,-43.17750335882914,mage,rj
25980,-22.133941996949776,-42.77974758030267,teresoport alegrelis,rj
25949,-22.51127625103869,-42.96597520918777,guapimirim,rj
25966,-22.40325383901454,-43.00198001174476,teresoport alegrelis,rj
25933,-22.585506064680946,-43.173563653166944,mage,rj
25938,-22.647321106588063,-43.20284865417834,mage,rj
25907,-22.638707067208863,-43.203633898398586,mage,rj
25925,-22.656791766423147,-43.03987010353174,mage,rj
25937,-22.716426580965237,-43.181802717609365,mage,rj
25990,-22.41247154694622,-42.9834294315611,teresoport alegrelis,rj
25941,-22.62586672856899,-43.010677828236446,guapimirim,rj
25928,-22.636016818226437,-43.02534331618508,mage,rj
25917,-22.933456710148647,-43.3291160262525,mage,rj
25947,-22.520069132428613,-42.966849359386366,guapimirim,rj
25985,-22.133941996949776,-42.77974758030267,teresoport alegrelis,rj
25905,-22.661390928999936,-43.03525083599993,mage,rj
25924,-22.671402918174792,-43.17057120597948,mag,rj
25927,-22.580858599999942,-43.024005199999976,mage,rj
25904,-22.65327757899996,-43.06217905099993,mage,rj
26085,-22.72037161940292,-43.53075551192455,nova iguacu,rj
26050,-22.68788394858645,-43.474674774022965,nova iguacu,rj
26070,-22.714897197527662,-43.43013522482777,nova iguacu,rj
26055,-22.66946909343182,-43.44700321970453,nova iguacu,rj
26010,-22.757494499999996,-43.420941,nova iguau,rj
26031,-22.734608440713437,-43.47465894770109,nova iguacu,rj
26088,-22.7069631908423,-43.47112794629663,nova iguacu,rj
26084,-22.734644215434205,-43.52478862124677,nova iguacu,rj
26013,-22.73706624932038,-43.44059210509271,nova iguacu,rj
26030,-22.73732040882712,-43.47296257764668,nova iguacu,rj
26087,-22.71242123107117,-43.51886527337452,nova iguau,rj
26022,-22.72251068402032,-43.44230284110904,nova iguacu,rj
26061,-22.684444041211822,-43.41393001217459,nova iguacu,rj
26040,-22.716806509848077,-43.459490335310456,nova iguacu,rj
26086,-22.726398157085686,-43.53109655260212,nova iguacu,rj
26041,-22.709328438971543,-43.461048749309306,nova iguacu,rj
26080,-22.7298350704696,-43.50611554200521,nova iguau,rj
26052,-22.67925755545412,-43.446769067369175,nova iguacu,rj
26063,-22.79131814860481,-43.57548415274268,nova iguacu,rj
26020,-22.74138956806041,-43.447926628659445,nova iguau,rj
26012,-22.745471034689952,-43.43557535292437,nova iguacu,rj
26015,-22.748203295194685,-43.44562537718087,nova iguau,rj
26011,-22.755939641855008,-43.43048503782491,nova iguacu,rj
26082,-22.73209113677757,-43.5013269580305,nova iguau,rj
26023,-22.71094014334433,-43.441916170308005,nova iguau,rj
26051,-22.692716807485205,-43.42685881326686,nova iguacu,rj
26032,-22.72775785772368,-43.46922459876319,nova iguau,rj
26083,-22.738184857466575,-43.51115408479917,nova iguacu,rj
26089,-22.72239049338118,-43.46538666927616,nova iguau,rj
26033,-22.726601738876976,-43.4605477493018,nova iguau,rj
26053,-22.6677894838275,-43.44878112950867,nova iguacu,rj
26021,-22.732597813596737,-43.44419625297814,nova iguacu,rj
26060,-22.692282670137956,-43.423044864619456,nova iguau,rj
26035,-22.720618924839385,-43.46866131587532,nova iguacu,rj
26062,-22.67739515617775,-43.41898400840239,nova iguau,rj
26042,-22.71077102329224,-43.472633668104216,nova iguacu,rj
26025,-22.730629106878048,-43.44141566040569,nova iguacu,rj
26043,-22.700466101255348,-43.4765196467712,nova iguacu,rj
26064,-22.75451312644869,-43.47014432098417,nova iguacu,rj
26092,-22.656660975647974,-43.52992852435203,nova iguacu,rj
26099,-22.690572116374955,-43.43951671023915,nova iguacu,rj
26014,-22.70976971510813,-43.46239835589092,nova iguau,rj
26065,-22.703656824288824,-43.44216248551625,nova iguau,rj
26125,-22.728757813992896,-43.40293031275059,belford roxo,rj
26183,-22.72378363153526,-43.33936505617715,belford roxo,rj
26182,-22.705573500000003,-43.339626,belford roxo,rj
26130,-22.762690324780937,-43.40500890843466,belford roxo,rj
26165,-22.735079682038137,-43.38748613936333,belford roxo,rj
26178,-22.715792283957285,-43.37770732686451,belford roxo,rj
26187,-22.730598468971507,-43.34508688347225,belford roxo,rj
26185,-22.70231309099995,-43.33193249799996,belford roxo,rj
26115,-22.748620638829685,-43.3925832985371,belford roxo,rj
26120,-22.742235199560103,-43.40261101046788,belford roxo,rj
26173,-22.7327171059093,-43.36105022505727,belford roxo,rj
26113,-22.757646809616286,-43.399316653166174,belford roxo,rj
26167,-22.73235755258561,-43.37032586108127,belford roxo,rj
26193,-22.74597850096829,-43.33659628534519,belford roxo,rj
26112,-22.746537276169317,-43.409648570561245,belford roxo,rj
26190,-22.736898712649605,-43.32922564510431,belford roxo,rj
26123,-22.738411952850143,-43.41121454177648,belford roxo,rj
26140,-22.747366570957468,-43.41455450039085,belford roxo,rj
26176,-22.72281517196881,-43.355947916724695,belford roxo,rj
26135,-22.74554110307794,-43.419475720114825,belford roxo,rj
26157,-22.726431716482523,-43.35535437519445,belford roxo,rj
26150,-22.716784241851663,-43.41650571384856,belford roxo,rj
26160,-22.72288814838704,-43.38631065611395,belford roxo,rj
26127,-22.72297477644227,-43.403798356016445,belford roxo,rj
26175,-22.72531672669537,-43.352005937192246,belford roxo,rj
26110,-22.750981976905543,-43.36636119609569,belford roxo,rj
26172,-22.77182168170808,-43.39947699709481,belford roxo,rj
26155,-22.717835733663176,-43.404118170334094,belford roxo,rj
26116,-22.75672987317173,-43.40114719250379,belford roxo,rj
26170,-22.73147710873097,-43.4210063873832,belford roxo,rj
26143,-22.718397440858983,-43.42804974114628,belford roxo,rj
26196,-22.75187195950984,-43.36323721090701,belford roxo,rj
26163,-22.713183562532507,-43.38665975201844,belford roxo,rj
26171,-22.73573613381106,-43.35920802457714,belford roxo,rj
26131,-22.76822343478557,-43.39902521475103,belford roxo,rj
26195,-22.75620008479452,-43.355475988540825,belford roxo,rj
26180,-22.70532225838791,-43.33966082014049,belford roxo,rj
26177,-22.716736267717096,-43.35312540921445,belford roxo,rj
26145,-22.70129549999996,-43.39420920799995,belford roxo,rj
26153,-22.71682705043945,-43.42723988703976,belford roxo,rj
26255,-22.761992463604912,-43.45087260605272,nova iguacu,rj
26260,-22.76173930351338,-43.46967331510214,nova iguacu,rj
26210,-22.75604232652301,-43.45465536177899,nova iguau,rj
26215,-22.7504260688875,-43.44143512805863,nova iguacu,rj
26291,-22.78038808380517,-43.54055868479121,nova iguau,rj
26225,-22.76255185753758,-43.42674681474081,nova iguacu,rj
26281,-22.74267267255613,-43.468960983961736,nova iguacu,rj
26250,-22.769625085536315,-43.4390274563049,nova iguacu,rj
26286,-22.74930359589252,-43.46580105821496,nova iguacu,rj
26292,-22.773552904641125,-43.55304713808539,nova iguau,rj
26285,-22.75306877541351,-43.45655425604264,nova iguacu,rj
26276,-22.745590369723462,-43.5079863030225,nova iguacu,rj
26279,-22.74583714040973,-43.50886831224558,nova iguacu,rj
26280,-22.74068277605409,-43.49238614577107,nova iguacu,rj
26220,-22.75888594494502,-43.43567173236048,nova iguacu,rj
26297,-22.816208502962155,-43.592857367908415,nova iguacu,rj
26263,-22.75300833813893,-43.47546571399929,nova iguacu,rj
26271,-22.7637170131136,-43.5090186380108,nova iguau,rj
26290,-22.77335967659529,-43.5280583031103,nova iguacu,rj
26293,-22.79431161304577,-43.57949746763107,nova iguacu,rj
26275,-22.75555109976719,-43.501543190110375,nova iguacu,rj
26262,-22.768443000000005,-43.43539725,nova iguau,rj
26266,-22.76048156962122,-43.4962732391048,nova iguacu,rj
26294,-22.708184789690208,-43.44362788843985,nova iguacu,rj
26261,-22.763379998710374,-43.48005171236907,nova iguacu,rj
26296,-22.811012677258788,-43.60444551631885,nova iguacu,rj
26270,-22.774801433852748,-43.51241040915877,nova iguacu,rj
26277,-22.74756866847725,-43.48834887965912,nova iguacu,rj
26298,-22.72056316788943,-43.433968295038845,nova iguacu,rj
26216,-22.7397645,-43.49706074999999,nova iguacu,rj
26282,-22.745537529058307,-43.47134153314749,nova iguacu,rj
26272,-22.758865547663003,-43.505321229286125,nova iguacu,rj
26230,-22.768359461332945,-43.41858851419744,nova iguacu,rj
26265,-22.76349068629001,-43.48523296340309,nova iguacu,rj
26278,-22.750733841467444,-43.51240556645177,nova iguacu,rj
26256,-22.7569530298829,-43.46818318292146,nova iguacu,rj
26299,-22.841356414357463,-43.61179561931794,nova iguacu,rj
26221,-22.763825251207155,-43.436790830412576,nova iguacu,rj
26295,-22.802373000000003,-43.58751749999999,nova iguacu,rj
26327,-22.717517825483345,-43.5533975624224,queimados,rj
26313,-22.71997240752707,-43.57314138630689,queimados,rj
26311,-22.74080086837074,-43.5807363209245,queimados,rj
26317,-22.71428888201145,-43.587207979294966,queimados,rj
26381,-22.69989802457927,-43.56068234042675,queimados,rj
26310,-22.71897183001308,-43.56245863918872,queimados,rj
26383,-22.70428020978459,-43.57128748459774,queimados,rj
26379,-22.75207045168108,-43.57632171567059,queimados,rj
26323,-22.715140055261376,-43.55926519224515,queimados,rj
26320,-22.71406585920156,-43.57747341163506,queimados,rj
26321,-22.7087929465443,-43.57574709372209,queimados,rj
26385,-22.70706726540761,-43.56284040115481,queimados,rj
26325,-22.71986487440132,-43.55510564292264,queimados,rj
26330,-22.7346244217021,-43.54331725581012,queimados,rj
26316,-22.68618360763776,-43.59709375613014,queimados,rj
26382,-22.68640290068256,-43.537896366569335,queimados,rj
26343,-22.74667479514894,-43.53812013715804,queimados,rj
26377,-22.73642197730704,-43.559269278403946,queimados,rj
26380,-22.71147912551363,-43.55365195261936,queimados,rj
26375,-22.740607026999957,-43.58183999999994,queimados,rj
26376,-22.738156331298487,-43.558332200730405,queimados,rj
26393,-22.711648674999413,-43.55824993029966,queimados,rj
26387,-22.70901483016983,-43.53570382489671,queimados,rj
26315,-22.72674515547411,-43.58725951531533,queimados,rj
26357,-22.72092277431804,-43.55006011962492,queimados,rj
26373,-22.74825364332133,-43.62042617263547,queimados,rj
26420,-22.681688374780883,-43.60313665784534,japeri,rj
26445,-22.669074,-43.60803525,japeri,rj
26423,-22.680050993819883,-43.615575791267766,japeri,rj
26455,-22.673419842084236,-43.59808408277159,japeri,rj
26410,-22.69666557106838,-43.63546133503241,japeri,rj
26453,-22.651504889967875,-43.60588798821083,japeri,rj
26413,-22.68671686350717,-43.62203166550435,japeri,rj
26433,-22.648458295652777,-43.65457135394037,japeri,rj
26435,-22.64793979925404,-43.65475805500689,japeri,rj
26443,-22.643945441566743,-43.66064898346332,japeri,rj
26475,-22.67777934928249,-43.60222028932987,japeri,rj
26440,-22.640264876332395,-43.64941917532602,japeri,rj
26425,-22.681982106801176,-43.6046731065545,japeri,rj
26470,-22.68743704369536,-43.58586780704452,japeri,rj
26430,-22.691042617875944,-43.60690146140908,japeri,rj
26415,-22.67758670567163,-43.64721545308295,japeri,rj
26473,-22.657531550558108,-43.53684578478757,japeri,rj
26460,-22.688550205267955,-43.621429794071226,japeri,rj
26450,-22.66906352738627,-43.60988195497109,japeri,rj
26463,-22.68062459140796,-43.595842585528985,japeri,rj
26480,-22.667916878063743,-43.58577332849087,japeri,rj
26465,-22.671966383772197,-43.59047220861024,japeri,rj
26585,-22.799803765856137,-43.43737208045015,mesquita,rj
26520,-22.81303760033901,-43.42444789204527,niloport alegrelis,rj
26540,-22.81300526223381,-43.41178862420687,niloport alegrelis,rj
26535,-22.80028612108695,-43.40918127321791,niloport alegrelis,rj
26574,-22.778269191407933,-43.40062698708623,mesquita,rj
26553,-22.78682963944107,-43.43064174409072,mesquita,rj
26525,-22.800936387437307,-43.42486085339982,niloport alegrelis,rj
26510,-22.815880447852667,-43.41899267551425,niloport alegrelis,rj
26572,-22.78384555780744,-43.41243934409408,mesquita,rj
26530,-22.79956422482205,-43.414218925501736,niloport alegrelis,rj
26521,-22.80704064880754,-43.43256968869969,niloport alegrelis,rj
26515,-22.819200221972213,-43.4265001718308,niloport alegrelis,rj
26564,-22.772394036862405,-43.41868557380751,mesquita,rj
26580,-22.78426171578167,-43.419863955041855,mesquita,rj
26550,-22.766359932474387,-43.43269214793542,mesquita,rj
26587,-22.80570702410461,-43.43308475188033,mesquita,rj
26554,-22.789051645977707,-43.44188413860589,mesquita,rj
26560,-22.77235696458187,-43.42685151992494,mesquita,rj
26526,-22.80520772240675,-43.420565947046654,niloport alegrelis,rj
26582,-22.79177166610408,-43.41241084425812,mesquita,rj
26551,-22.781636805753173,-43.42729289041388,mesquita,rj
26584,-22.79857862061292,-43.42290332800522,mesquita,rj
26545,-22.816023900276488,-43.40551886477415,niloport alegrelis,rj
26570,-22.783524513942098,-43.41426867698832,mesquita,rj
26562,-22.767224960596728,-43.424453496437685,mesquita,rj
26556,-22.77824672203181,-43.43454235364536,mesquita,rj
26557,-22.77294569653941,-43.43711863789617,mesquita,rj
26511,-22.81670515701384,-43.41717323265526,niloport alegrelis,rj
27120,-22.457161272718484,-43.7951537328728,barra do pirai,rj
27130,-22.46147037471465,-43.81378645093037,barra do pirai,rj
27115,-22.456140309719466,-43.81912466039787,barra do pirai,rj
27140,-22.478629222892696,-43.819053801760816,barra do pirai,rj
27113,-22.46516941183336,-43.8326283150137,barra do pirai,rj
27110,-22.475705751194017,-43.8357998606426,barra do pirai,rj
27150,-22.49566483295544,-43.83054064371841,barra do pirai,rj
27135,-22.46958202047816,-43.82153862286897,barra do pirai,rj
27123,-22.468841999999995,-43.82693428435798,barra do pirai,rj
27143,-22.502019236611805,-43.813808475195366,barra do pirai,rj
27145,-22.484639193439357,-43.81994786543312,barra do pirai,rj
27155,-22.502101382491936,-43.93172105359986,vargem alegre,mg
27265,-22.52985026533555,-44.1241147559005,volta redonda,rj
27276,-22.50011607799065,-44.13895279141904,volta redonda,rj
27210,-22.48745243203934,-44.06937453877334,volta redonda,rj
27278,-22.493964531219373,-44.11647188106646,volta redonda,rj
27273,-22.52526178489817,-44.14275439508915,volta redonda,rj
27213,-22.505694901916865,-44.08863912174069,volta redonda,rj
27275,-22.499389005828377,-44.11943224132954,volta redonda,rj
27240,-22.49915837983371,-44.06375165533961,volta redonda,rj
27274,-22.510187815768216,-44.12857570251714,volta redonda,rj
27257,-22.60804696822914,-44.081355095717136,volta redonda,rj
27259,-22.522751541786587,-44.09627072579372,volta redonda,rj
27267,-22.52700501184937,-44.13510978037352,volta redonda,rj
27263,-22.523319450458757,-44.12455955912053,volta redonda,rj
27281,-22.4993604343586,-44.10694753358529,volta redonda,rj
27211,-22.485077437838207,-44.07507535878616,volta redonda,rj
27256,-22.52723461599993,-44.09214191399997,volta redonda,rj
27283,-22.498961636966943,-44.09271256702638,volta redonda,rj
27251,-22.511182871227355,-44.082603602140885,volta redonda,rj
27215,-22.5052133680247,-44.09536933181367,volta redonda,rj
27255,-22.51375861143172,-44.09731076533555,volta redonda,rj
27280,-22.48988348681403,-44.10916766833054,volta redonda,rj
27285,-22.496274272000647,-44.07958912614691,volta redonda,rj
27261,-22.523423972243076,-44.10297319025909,volta redonda,rj
27262,-22.521774132667773,-44.11042109394658,volta redonda,rj
27250,-22.507471645017024,-44.06761499333491,volta redonda,rj
27214,-22.493649286001546,-44.06996113098478,volta redonda,rj
27264,-22.530234999999948,-44.116741660999935,volta redonda,rj
27253,-22.52097306874098,-44.08704441124854,volta redonda,rj
27286,-22.467282222603643,-44.07973235068379,volta redonda,rj
27277,-22.498182754371285,-44.12361371579433,volta redonda,rj
27260,-22.516415656610747,-44.1043008475131,volta redonda,rj
27220,-22.4825054454671,-44.06187262101102,volta redonda,rj
27288,-22.46640407937563,-44.09632304440533,volta redonda,rj
27258,-22.5331011515379,-44.12954676908648,volta redonda,rj
27212,-22.496468521784315,-44.07314525728546,volta redonda,rj
27230,-22.48604288565408,-44.05532039064573,volta redonda,rj
27279,-22.489629097697485,-44.11239432001269,volta redonda,rj
27323,-22.537845000000004,-44.17191674999998,barra mansa,rj
27345,-22.54303759117662,-44.17532044976627,barra mansa,rj
27313,-22.529842003911803,-44.1884923751778,barra mansa,rj
27320,-22.504165395664423,-44.197799491484325,barra mansa,rj
27340,-22.580795713572613,-44.175094491805694,barra mansa,rj
27332,-22.53942683097696,-44.13249090550514,barra mansa,rj
27330,-22.549784197597585,-44.15993665277684,barra mansa,rj
27321,-22.523912739698662,-44.18623424719054,barra mansa,rj
27331,-22.55485206578562,-44.14880077684809,barra mansa,rj
27338,-22.57303617630277,-44.16970186580994,barra mansa,rj
27347,-22.54746268887411,-44.18748354094289,barra mansa,rj
27325,-22.53608898667975,-44.16056996366771,barra mansa,rj
27335,-22.5438576834508,-44.11697148918383,barra mansa,rj
27351,-22.52807299793412,-44.20304134266612,barra mansa,rj
27310,-22.540215603670102,-44.17439089301168,barra mansa,rj
27350,-22.53898832596489,-44.18582645374644,barra mansa,rj
27333,-22.55055458878942,-44.12947612961537,barra mansa,rj
27365,-22.45229999999998,-44.303622419999954,barra mansa,rj
27353,-22.56314478067754,-44.25649843818681,barra mansa,rj
27336,-22.55682217513988,-44.11819211212422,barra mansa,rj
27322,-22.38471999999996,-44.11249999999996,barra mansa,rj
27343,-22.55175216588292,-44.17403562857486,barra mansa,rj
27360,-22.58218398714972,-44.26448099947357,barra mansa,rj
27337,-22.580215754653143,-44.12423866019317,barra mansa,rj
27460,-22.724440155501863,-44.13657315056426,rio claro,sp
27410,-22.412239826813543,-44.25979552602462,quatis,rj
27420,-22.41113733661102,-44.26434988294333,quatis,rj
27430,-22.4054648221528,-44.25833942548618,quatis,rj
27541,-22.46347883873857,-44.43792725991119,resende,rj
27524,-22.488086808211687,-44.48674284595193,resende,rj
27513,-22.48864507899998,-44.44481849999994,resende,rj
27525,-22.47805071801601,-44.50608144601535,resende,rj
27521,-22.46868075491955,-44.46342640674589,resende,rj
27535,-22.45369656174626,-44.43255829808413,resende,rj
27523,-22.48927922101285,-44.481856315162034,resende,rj
27542,-22.46603692339433,-44.44581378475393,resende,rj
27533,-22.45060801027177,-44.45945672078597,resende,rj
27534,-22.45461013099146,-44.44213764276655,resende,rj
27520,-22.47534899999999,-44.46199125000001,resende,rj
27522,-22.475984416873462,-44.47082746073056,resende,rj
27516,-22.478514850739764,-44.46311150392136,resende,rj
27540,-22.45447977697605,-44.414365582838485,resende,rj
27510,-22.466172415488483,-44.45678278282071,resende,rj
27512,-22.47865219900167,-44.43790025477532,resende,rj
27536,-22.45742178573489,-44.43109015598131,resende,rj
27532,-22.46059781176002,-44.4813914991668,resende,rj
27511,-22.466541698516835,-44.45067564398619,resende,rj
27537,-22.45592286718833,-44.4343983641848,resende,rj
27514,-22.472668597220245,-44.44782129960289,resende,rj
27598,-22.44340348620943,-44.528682555030095,penedo,al
27515,-22.474262325841064,-44.45619482292687,resende,rj
27600,-22.23065356965593,-43.70906792813136,valenca,rj
27655,-22.287107822916997,-43.91972105208245,valenca,rj
27943,-22.382808888709125,-41.78057730313937,macae,rj
27916,-22.384226045618703,-41.77809451970135,macae,rj
27963,-22.33224074792101,-41.74882256573231,macae,rj
27935,-22.393295596667784,-41.78899694961882,macae,rj
27961,-22.36768057983799,-41.77704926789846,macae,rj
27937,-22.39913877640838,-41.79264119818028,macae,rj
27971,-22.32673710528163,-41.72914527155082,macae,rj
27946,-22.36946010240078,-41.798466492098704,macae,rj
27933,-22.399499373463467,-41.80157975345325,maca,rj
27940,-22.390114971582683,-41.786465462466936,maca,rj
27965,-22.32232333753648,-41.724127956136414,macae,rj
27920,-22.409683946328137,-41.80872105441502,maca,rj
27945,-22.370399999999997,-41.795154,macae,rj
27913,-22.380522364834302,-41.77243199036321,macae,rj
27923,-22.389727079907743,-41.77899862359863,macae,rj
27910,-22.37333917216797,-41.78264909681508,macae,rj
27960,-22.351958999999997,-41.77728225,macae,rj
27915,-22.38954004459297,-41.77709194438561,macae,rj
27930,-22.403381937186253,-41.80967113254423,macae,rj
27955,-22.33331424720794,-41.7546194834139,macae,rj
27925,-22.407093332993256,-41.84669910556226,macae,rj
27966,-22.310943196464677,-41.72187679346239,macae,rj
27975,-22.362266170074385,-41.7755459312328,macae,rj
27948,-22.350268844894547,-41.79863429501172,macae,rj
27970,-22.2989069941918,-41.706662871459145,macae,rj
27936,-22.386531261817662,-41.78916,macae,rj
27985,-22.23505725912044,-42.05348348678783,glicerio,rj
27950,-22.34493999999995,-41.76085999999998,macae,rj
27972,-22.32810184283327,-41.76439361973373,macae,rj
27979,-22.25472267895348,-41.79267234056584,macae,rj
27947,-22.362716066623847,-41.79772018310174,macae,rj
27900,-22.3831316389527,-41.77840758552991,macae,rj
27944,-22.380160499999995,-41.7975705,macae,rj
27964,-22.327068129991552,-41.738896708900064,macae,rj
27973,-22.359509697457877,-41.771128742568855,macae,rj
27953,-22.3384703778499,-41.755435801218304,macae,rj
28085,-21.720139625582693,-41.31045343206544,camport alegres dos goytacazes,rj
28013,-21.758075963712617,-41.31263336665773,camport alegres dos goytacazes,rj
28035,-21.753758653386228,-41.33389901937112,camport alegres dos goytacazes,rj
28080,-21.74652203795933,-41.32592709178558,camport alegres dos goytacazes,rj
28020,-21.78080222519011,-41.30502259827724,camport alegres dos goytacazes,rj
28010,-21.76030683669503,-41.32653140262073,camport alegres dos goytacazes,rj
28030,-21.759390492804982,-41.33723391477138,camport alegres dos goytacazes,rj
28053,-21.746686962011808,-41.353827401724025,camport alegres dos goytacazes,rj
28026,-21.777923666762423,-41.330441060562535,camport alegres dos goytacazes,rj
28027,-21.76871886081084,-41.32590390282171,camport alegres dos goytacazes,rj
28016,-21.76573432172403,-41.28050738377931,camport alegres dos goytacazes,rj
28024,-21.77440939174392,-41.31627010619313,camport alegres dos goytacazes,rj
28055,-21.748641111636665,-41.361873146946905,camport alegres dos goytacazes,rj
28060,-21.732829408208083,-41.324414949725465,camport alegres dos goytacazes,rj
28015,-21.769557394285176,-41.30550225849306,camport alegres dos goytacazes,rj
28025,-21.78585038603426,-41.32484651388278,camport alegres dos goytacazes,rj
28022,-21.799587164273905,-41.29854452053425,camport alegres dos goytacazes,rj
28051,-21.752686105920883,-41.342931617164176,camport alegres dos goytacazes,rj
28021,-21.793027341132724,-41.2864800656307,camport alegres dos goytacazes,rj
28040,-21.92630352099997,-41.526771260999965,camport alegres dos goytacazes,rj
28090,-21.728975743202497,-41.34366379078502,camport alegres dos goytacazes,rj
28073,-21.691915297978426,-41.31046387550953,camport alegres dos goytacazes,rj
28070,-21.71921138054528,-41.32383151838419,camport alegres dos goytacazes,rj
28083,-21.724428481444832,-41.31780877402279,camport alegres dos goytacazes,rj
28057,-21.74407631595577,-41.34958160083045,camport alegres dos goytacazes,rj
28093,-21.699181933771843,-41.30878891641139,camport alegres dos goytacazes,rj
28050,-21.71259685918007,-41.27898246418503,camport alegres dos goytacazes,rj
28095,-21.74107222499438,-41.35544543061801,camport alegres dos goytacazes,rj
28175,-21.75025495843957,-41.3293745730636,camport alegres dos goytacazes,rj
28140,-21.839341090556253,-41.25859103137918,camport alegres dos goytacazes,rj
28155,-34.586422110664884,-58.732100610901725,santa maria,rs
28143,-21.84251257848949,-41.25341551332294,camport alegres dos goytacazes,rj
28220,-21.729124252402077,-41.18352754219122,barcelos,am
28380,-21.04398205321449,-41.97408587439232,natividade,rj
28340,-21.207949118544864,-41.88977443369495,boa ventura,pb
28450,-21.414790266113123,-41.81382902330865,sao joao do paraiso,ma
28415,-21.5873758684901,-41.84290581205132,pureza,rj
28490,-21.46814424811957,-42.036638425706926,monte alegre,pa
28545,-21.98581086286466,-42.25432890187028,macuco,mg
28500,-21.98155405522284,-42.36163387314294,cantagalo,mg
28610,-22.278743054653297,-42.52864048238232,nova friburgo,rj
28620,-22.30342144098943,-42.54104605197161,nova friburgo,rj
28634,-22.226324572778875,-42.52050278638942,nova friburgo,rj
28635,-22.23589659345668,-42.51877495711116,nova friburgo,rj
28613,-22.288946116642418,-42.5321191409908,nova friburgo,rj
28660,-22.151825919042423,-42.41811005150162,bom jardim,ma
28630,-22.262246907755888,-42.53263473187971,nova friburgo,rj
28623,-22.299077841484905,-42.54026238705869,nova friburgo,rj
28616,-22.31756452149461,-42.517635511479206,nova friburgo,rj
28633,-22.24089188402516,-42.5246776679957,nova friburgo,rj
28625,-22.28232053421837,-42.53983553421836,nova friburgo,rj
28614,-22.29490827532107,-42.5253535471998,nova friburgo,rj
28611,-22.283748648826982,-42.5281905472635,nova friburgo,rj
28605,-22.275728018449303,-42.534192608244,nova friburgo,rj
28621,-22.32329784745141,-42.546392467226894,nova friburgo,rj
28615,-22.31000521194919,-42.52023373510779,nova friburgo,rj
28770,-21.95976220264771,-42.01238047476166,santa maria madalena,rj
28779,-21.95587999999998,-42.00790999999998,santa maria madalena,rj
28895,-22.50268855112206,-41.92488236917089,rio das ostras,rj
28890,-22.55404662402426,-41.98120292081672,rio das ostras,rj
28800,-22.7072351350913,-42.62882877464098,rio bonito,pr
28893,-22.49321971715972,-41.91021028549174,rio das ostras,rj
28897,-22.49098923813657,-41.91441804764932,rio das ostras,rj
28896,-22.50822029240638,-41.93096183440929,rio das ostras,rj
28894,-22.51755137231119,-41.94630600778242,rio das ostras,rj
28899,-22.48719244112802,-41.92144424029182,rio das ostras,rj
28810,-22.717779999999948,-42.53017499999996,boa esao pauloerana,pr
28898,-22.449015010048157,-41.87613641165824,rio das ostras,rj
28892,-22.427790377380035,-42.006687888039046,rio das ostras,rj
28891,-22.53509158795916,-41.984537523608566,rio das ostras,rj
28908,-22.918600080765664,-42.03848119319952,cabo frio,rj
28924,-22.860431606790627,-41.99087298782815,cabo frio,rj
28909,-22.899295443931194,-42.04634624285419,cabo frio,rj
28941,-22.837704326139622,-42.09941559909131,sao pedro da aldeia,rj
28922,-22.86916681184757,-42.02411489752589,cabo frio,rj
28915,-22.85501634094008,-42.02791925324593,cabo frio,rj
28994,-22.900589999999998,-42.472008,saquarema,rj
28940,-22.85230441655452,-42.06044413610292,sao pedro da aldeia,rj
28923,-22.86290553746114,-41.987414912348655,cabo frio,rj
28905,-22.881855573704115,-42.02408274181585,cabo frio,rj
28925,-22.610821709496847,-42.00579327752188,cabo frio,rj
28920,-22.843630786080958,-42.02756173851427,cabo frio,rj
28990,-22.91119567907111,-42.47940224673698,saquarema,rj
28921,-22.90467322080909,-42.03498029139983,cabo frio,rj
28991,-22.90473760883384,-42.47313043760234,saquarema,rj
28907,-22.87819893069184,-42.0153349507779,cabo frio,rj
28929,-22.60870643909101,-42.00730523856022,cabo frio,rj
28928,-22.83629051132032,-42.00340107987077,cabo frio,rj
28943,-22.85879545945832,-42.05025992573866,sao pedro da aldeia,rj
28999,-22.931015899566177,-42.6104267656544,saquarema,rj
28906,-22.87782202041329,-42.00921397243325,cabo frio,rj
28910,-22.886163328742256,-42.03699663694185,cabo frio,rj
28927,-22.6286477267945,-42.00687673788283,cabo frio,rj
28995,-22.88289029498933,-42.46821016090328,saquarema,rj
28949,-22.8340575,-42.14459475000001,sao pedro da aldeia,rj
28911,-22.871435153662528,-42.05030522796791,cabo frio,rj
28912,-22.6503960347963,-42.01015540677246,cabo frio,rj
28948,-22.818781775757856,-42.11285149835812,sao pedro da aldeia,rj
28942,-22.848552,-42.06110399999999,sao pedro da aldeia,rj
28913,-22.88829396664173,-42.04304081910829,cabo frio,rj
28997,-22.854017712281305,-42.58599145088122,saquarema,rj
28926,-22.6347372345411,-42.00796881557873,cabo frio,rj
28998,-22.86433555071221,-42.59717504202692,saquarema,rj
28992,-22.93025571349211,-42.420067269842335,saquarema,rj
28900,-22.69462549806412,-42.00909346198785,cabo frio,rj
28945,-19.943342692273745,-43.935854757913326,sao pedro da aldeia,rj
29010,-20.319585561169333,-40.32931938481735,vitoria,es
29031,-20.28157026920847,-40.33017427968581,vitoria,es
29060,-20.28599942388992,-40.30067364294738,vitoria,es
29047,-20.300412174851424,-40.30638214640201,vitoria,es
29075,-20.266101219545234,-40.29787535374221,vitoria,es
29055,-20.296512281724183,-40.29620870064644,vitoria,es
29050,-20.314995822898226,-40.30466594728476,vitoria,es
29026,-20.304757300017386,-40.35246211558666,vitoria,es
29065,-20.27507398535653,-40.2918413543484,vitoria,es
29052,-20.31066918610968,-40.29776322336832,vitoria,es
29043,-20.301812139621337,-40.319885561890494,vitoria,es
29045,-20.308649814273863,-40.3121400645295,vitoria,es
29057,-20.3015925,-40.2804855,vitoria,es
29066,-20.274743159847777,-40.28413066414694,vitoria,es
29090,-20.258271017529587,-40.26903411769548,vitoria,es
29070,-20.2718481135092,-40.290147702464125,vitoria,es
29042,-20.30727562199197,-40.316318627127856,vitoria,es
29092,-20.248238410756613,-40.271923406573016,vitoria,es
29025,-20.31489273583955,-40.354607541575,vitoria,es
29072,-20.258838451007023,-40.29431343326209,vitoria,es
29062,-20.272885637803665,-40.29784331891616,vitoria,es
29020,-20.315379761036382,-40.34287058228981,vitoria,es
29056,-20.3050539755613,-40.30116679075521,vitoria,es
29017,-20.31685978501276,-40.32736858941577,vitoria,es
29015,-20.31842513543773,-40.33596290951585,vitoria,es
29032,-20.278684445467096,-40.332859323619374,vitoria,es
29023,-20.294561851632626,-40.34690767662752,vitoria,es
29024,-20.29290135827245,-40.34320431664744,vitoria,es
29027,-20.316029857060435,-40.349232661377,vitoria,es
29053,-20.315912784713884,-40.312141168704514,vitoria,es
29018,-20.317190521236046,-40.34148404287613,vitoria,es
29051,-20.313776163831765,-40.32030283163324,vitoria,es
29048,-20.291660325271145,-40.31326800000001,vitoria,es
29046,-20.288591287264104,-40.30996655037796,vitoria,es
29040,-20.31037508021235,-40.319789337642064,vitoria,es
29030,-20.2862761296942,-40.335949159003405,vitoria,es
29041,-20.309494455870983,-40.31444450969937,vitoria,es
29001,-20.32180708897782,-40.338611503836695,vitoria,es
29016,-20.31939807908717,-40.334735362888814,vitoria,es
29014,-20.31870095894153,-40.33056168927813,vitoria,es
29033,-20.281951277280783,-40.334989505684135,vitoria,es
29128,-20.50800917100857,-40.37334877994167,vila velha,es
29127,-20.44419177322628,-40.35034032617884,vila velha,es
29167,-20.1808755,-40.26153600000001,serra,es
29172,-20.17969476991848,-40.197665597357336,serra,es
29115,-20.32824460206493,-40.34033016940007,vila velha,es
29165,-20.19363644957563,-40.27380330496123,serra,es
29101,-20.33161263550869,-40.27958609200332,vila velha,es
29160,-20.236316793236703,-40.27327897238731,serra,es
29109,-20.355711075892653,-40.31492752529756,vila velha,es
29146,-20.33870191640221,-40.39126478706738,cariacica,es
29102,-20.37616120906966,-40.30529402401848,vila velha,es
29175,-20.125077554846843,-40.18867515952251,serra,es
29103,-20.38395963794757,-40.31493801624039,vila velha,es
29170,-20.155123308644374,-40.27182103511451,serra,es
29156,-20.297536576315476,-40.40086853731229,cariacica,es
29166,-20.19917293680029,-40.229474685674674,serra,es
29194,-19.814397885232086,-40.27342034637857,aracruz,es
29114,-20.33139024364796,-40.29203090684741,vila velha,es
29164,-20.21372452070291,-40.268236780212206,serra,es
29145,-20.35192917187443,-40.39437440120429,cariacica,es
29163,-20.21682736389826,-40.24697369558151,serra,es
29199,-19.931210792764496,-40.14900953651933,aracruz,es
29135,-20.379643044537826,-40.453247414760014,viana,es
29141,-20.35462393914272,-40.36810938316989,cariacica,es
29106,-20.34809101109582,-40.3069643000049,vila velha,es
29148,-20.34324295231039,-40.40615393323456,cariacica,es
29162,-20.20211616541636,-40.27191860450682,serra,es
29122,-20.341211849180823,-40.31068826863374,vila velha,es
29176,-20.122131245781656,-40.31609533585067,serra,es
29100,-20.33579451826222,-40.29815848246219,vila velha,es
29193,-19.829737849400537,-40.28144720632856,aracruz,es
29152,-20.32280697831913,-40.36806005961941,cariacica,es
29108,-20.35074967525604,-40.31725248785919,vila velha,es
29154,-20.31283138642102,-40.393325333793626,cariacica,es
29161,-20.234324999999945,-40.27391449999996,serra,es
29104,-20.38385571872436,-40.322682629277,vila velha,es
29150,-20.3241488189149,-40.37596652382395,cariacica,es
29129,-20.52499036578865,-40.37327331983742,vila velha,es
29105,-20.363095577072286,-40.31420234603968,vila velha,es
29169,-20.14548485180581,-40.27129676370812,serra,es
29190,-19.82228603052011,-40.27288050538765,aracruz,es
29140,-20.33502681621141,-40.35967573474444,cariacica,es
29198,-19.916142308743712,-40.1004768581396,aracruz,es
29149,-20.328370813441072,-40.38905757887832,cariacica,es
29111,-20.358815007108973,-40.35537159352821,vila velha,es
29177,-20.134885860724868,-40.31449949264024,serra,es
29153,-20.305570555786662,-40.36947592138104,cariacica,es
29171,-20.13491550197769,-40.249312142245145,serra,es
29155,-20.28949412931753,-40.40596474735495,cariacica,es
29126,-20.43566710521567,-40.36419563251203,vila velha,es
29112,-20.360474072335023,-40.351867185473125,vila velha,es
29143,-20.34812929884319,-40.38862739597344,cariacica,es
29137,-20.36764579677476,-40.4215910473094,viana,es
29124,-20.44001405315693,-40.3394852092368,vila velha,es
29182,-20.063898299038893,-40.1903344361432,serra,es
29113,-20.376888925230062,-40.35244868858468,vila velha,es
29110,-20.352305365585597,-40.32115677932092,vila velha,es
29147,-20.329614907280867,-40.3838565606739,cariacica,es
29117,-20.343837839616228,-40.31403043030959,vila velha,es
29178,-20.038460654696863,-40.38662787934073,serra,es
29116,-20.339640108844748,-40.34020016455538,vila velha,es
29119,-20.345016730582337,-40.320894287160506,vila velha,es
29151,-20.330130839827667,-40.36445953894291,cariacica,es
29131,-20.422319638406144,-40.46041491499638,viana,es
29195,-19.93010951110856,-40.15365065258333,coqueiral,es
29134,-20.355873138423835,-40.40823835225903,viana,es
29157,-20.25558905046988,-40.382958025904216,cariacica,es
29118,-20.349365400463803,-40.34007979259316,vila velha,es
29107,-20.348449500379964,-40.2980212639287,vila velha,es
29142,-20.360647716191004,-40.36954639525296,cariacica,es
29173,-20.10247959939431,-40.184071435819774,serra,es
29197,-19.8260505,-40.06763774999999,aracruz,es
29168,-20.15493809541017,-40.25062881596327,serra,es
29192,-19.832533074852947,-40.26723918916462,aracruz,es
29120,-20.33487973093564,-40.31787431044657,vila velha,es
29144,-20.34772332683229,-40.397237936135625,cariacica,es
29187,-20.036993386555014,-40.19047298739242,praia grande,sp
29132,-20.390878563251317,-40.47779119076236,viana,es
29125,-20.417964164592306,-40.328359330932734,vila velha,es
29130,-20.391156354417014,-40.497036236278014,viana,es
29136,-20.36486467357841,-40.42674514776132,viana,es
29121,-20.336553792903103,-40.31989677230949,vila velha,es
29158,-20.126345014962336,-40.30141657696308,cariacica,es
29138,-20.371678009550088,-40.42010177575753,viana,es
29174,-20.06421048362099,-40.18297373354049,serra,es
29179,-20.11814650014422,-40.29294741006413,serra,es
29180,-20.10240098584424,-40.34176045906699,serra,es
29230,-20.804829673444225,-40.649292,anchieta,es
29222,-20.638387527455134,-40.510928221725095,guarapari,es
29210,-20.665853673556505,-40.51357286261515,guarapari,es
29200,-20.684659876348583,-40.50822291310392,guarapari,es
29215,-20.66407474431292,-40.49773392386556,guarapari,es
29260,-20.36457821981136,-40.65951846538821,domingos martins,es
29216,-20.657012779234822,-40.494091387672256,guarapari,es
29221,-20.61447441993469,-40.45385545098034,guarapari,es
29212,-20.626152669165585,-40.52619177473063,guarapari,es
29206,-20.7210892360075,-40.5249317298779,guarapari,es
29214,-20.650284,-40.50275625,guarapari,es
29203,-20.673994666864832,-40.52174222878604,guarapari,es
29202,-20.67137964137398,-40.51664894523915,guarapari,es
29201,-20.67887015355812,-40.502862,guarapari,es
29217,-20.643597593919377,-40.47972499980231,guarapari,es
29213,-20.64177590841916,-40.51075683024941,guarapari,es
29220,-20.62451108524536,-40.47712553603328,guarapari,es
29208,-20.73380896816513,-40.54490923388538,guarapari,es
29278,-20.381033844581136,-41.02864251727631,domingos martins,es
29227,-20.648083707640048,-40.49080179741277,guarapari,es
29211,-20.641881747765616,-40.51312993928383,guarapari,es
29209,-20.73131235546684,-40.55274900722035,guarapari,es
29313,-20.825998802613157,-41.13645175016037,cachoeiro de itapemirim,es
29350,-21.156005999999948,-41.07582349999996,presidente kennedy,es
29300,-20.84936259522784,-41.11521241330253,cachoeiro de itapemirim,es
29301,-20.836521623392187,-41.12626004893672,cachoeiro de itapemirim,es
29307,-20.845442726895108,-41.10530226786084,cachoeiro de itapemirim,es
29314,-20.832592499999997,-41.18073075000001,cachoeiro de itapemirim,es
29303,-20.855567929891905,-41.11471169782581,cachoeiro de itapemirim,es
29316,-20.858488289900567,-41.0984056958219,cachoeiro de itapemirim,es
29309,-20.82174414746537,-41.12001429761453,cachoeiro de itapemirim,es
29305,-20.85994140630161,-41.10689951005736,cachoeiro de itapemirim,es
29306,-20.84800429049323,-41.09208749231039,cachoeiro de itapemirim,es
29308,-20.84650067681065,-41.11457944426757,cachoeiro de itapemirim,es
29302,-20.848315602744776,-41.12980028604675,cachoeiro de itapemirim,es
29304,-20.85179271305047,-41.11188169838737,cachoeiro de itapemirim,es
29315,-20.840166,-41.18323949999999,cachoeiro de itapemirim,es
29311,-20.84794302015016,-41.146180998853126,cachoeiro de itapemirim,es
29312,-20.84690797645403,-41.15385277169649,cachoeiro de itapemirim,es
29310,-20.83559813125429,-41.12323854343728,cachoeiro de itapemirim,es
29380,-20.462560161062456,-41.41300627669933,muniz freire,es
29317,-20.847851534966264,-41.14111359491154,cachoeiro de itapemirim,es
29325,-20.723370016635258,-41.13636480419918,itaoca,es
29386,-20.336531319811417,-41.3875414048626,muniz freire,es
29600,-20.072234826974277,-41.13260705353448,afonso claudio,es
29615,-19.883477999999947,-41.04762199999996,laranja da terra,es
29619,-19.825279999999964,-41.11110999999994,laranja da terra,es
29690,-19.803181753098443,-40.8569038914135,itaguacu,es
29609,-20.07893433699639,-41.12429399999999,afonso claudio,es
29703,-19.528550536262948,-40.63635035492862,colatina,es
29706,-19.517450813882142,-40.64724417241739,colatina,es
29700,-19.52617980963218,-40.61726008378408,colatina,es
29702,-19.538748926610737,-40.633104240232406,colatina,es
29709,-19.516019989062247,-40.63860379582852,colatina,es
29701,-19.545246638129576,-40.629409035478176,colatina,es
29704,-19.518376694714757,-40.65577574630294,colatina,es
29705,-19.51582544534821,-40.626185049155936,colatina,es
29707,-19.544219694934583,-40.66764128205751,colatina,es
29708,-19.546622793885216,-40.62227494467721,colatina,es
29755,-19.16215247953293,-40.7712120771026,lajinha,es
29724,-19.222779999999943,-40.59388999999993,novo brasil,es
29712,-19.519837588114346,-40.57681362786223,colatina,es
29714,-19.545996074157472,-40.633042029572906,colatina,es
29845,-18.545029019720896,-40.3002672208699,boa esao pauloeranca,es
29884,-7.336622172861527,-35.34042427201292,itabaiana,se
29815,-18.66416999999996,-40.79582999999997,paulista,pe
29824,-18.41277999999994,-41.03666999999996,santo agostinho,es
29900,-19.404003708258912,-40.06159959748777,linhares,es
29905,-19.36706141383405,-40.05306409121522,linhares,es
29903,-19.38662465049386,-40.05577521121764,linhares,es
29945,-18.743718440226072,-39.76582878496534,sao mateus,es
29907,-19.37569488171589,-40.07382014256986,linhares,es
29901,-19.395301649317368,-40.05484305564743,linhares,es
29932,-18.708974999999995,-39.87744749999999,sao mateus,es
29904,-19.374091014281653,-40.053705850586745,linhares,es
29930,-18.71612614379366,-39.85372735218946,sao mateus,es
29934,-18.714205571691657,-39.85088235689744,sao mateus,es
29946,-18.736320161321608,-39.74979977535807,sao mateus,es
29908,-19.35492080919681,-40.0424540944566,linhares,es
29942,-18.7233615,-39.88245149999999,sao mateus,es
29931,-18.71581208449125,-39.87296374035442,sao mateus,es
29902,-19.381223563350883,-40.066782878131406,linhares,es
29909,-19.321929344261804,-40.071124301043405,linhares,es
29906,-19.356600313928475,-40.05732806395408,linhares,es
29941,-18.72283980576108,-39.845949230284674,sao mateus,es
29936,-18.730462500000005,-39.84566399999999,sao mateus,es
29933,-18.71731050291497,-39.84828766648292,sao mateus,es
29943,-18.718674986379657,-39.89750449399215,sao mateus,es
29940,-18.720014982167537,-39.87684334116444,sao mateus,es
29938,-18.723555,-39.85284599999999,sao mateus,es
29918,-19.39172700347962,-40.061084501159854,linhares,es
29913,-19.40826599999999,-40.064600250000005,linhares,es
29944,-18.77346364244314,-39.75500529521586,sao mateus,es
30001,-19.92398883986376,-43.93570612505038,belo horizonte,mg
30035,-19.901155379681477,-43.918429127127865,belo horizonte,mg
30150,-19.92214631334759,-43.92783530223908,belo horizonte,mg
30120,-19.91953334886612,-43.93684688980902,belo horizonte,mg
30112,-19.93779686343708,-43.93511809270582,belo horizonte,mg
30180,-19.926141851520523,-43.93684827200066,belo horizonte,mg
30140,-19.93647134886613,-43.92639691534425,belo horizonte,mg
30170,-19.92449229586244,-43.947039608806,belo horizonte,mg
30110,-19.934404971983277,-43.95139830183506,belo horizonte,mg
30130,-19.938406212043407,-43.93702206884405,belo horizonte,mg
30190,-19.921126734952896,-43.94119674937962,belo horizonte,mg
30160,-19.921360484044065,-43.93920564986445,belo horizonte,mg
30171,-19.92399927615559,-43.944359752697856,belo horizonte,mg
30111,-19.91624655709342,-43.93623364096637,belo horizonte,mg
30186,-19.90805786539898,-43.883818025390994,belo horizonte,mg
30166,-19.926231569248078,-43.93779291672924,belo horizonte,mg
30108,-18.99191036421,-49.45067631754277,belo horizonte,mg
30290,-19.91957605329214,-43.87949678296492,belo horizonte,mg
30285,-19.91536512294426,-43.89890719539499,belo horizonte,mg
30220,-19.942447820416717,-43.91448426755726,belo horizonte,mg
30260,-19.92439678489817,-43.91167581141436,belo horizonte,mg
30280,-19.91108456454373,-43.903701517626295,belo horizonte,mg
30240,-19.92416706994057,-43.91647950666509,belo horizonte,mg
30295,-19.91222323130401,-43.87804546638037,belo horizonte,mg
30230,-19.939705074785014,-43.90862671564922,belo horizonte,mg
30270,-19.92468463835193,-43.90432264946042,belo horizonte,mg
30250,-19.934471144303664,-43.90885305958581,belo horizonte,mg
30210,-19.949190339431063,-43.91703689993658,belo horizonte,mg
30286,-19.904877000000003,-43.88928525000001,belo horizonte,mg
30330,-19.941373330284467,-43.93759243297362,belo horizonte,mg
30350,-19.944623503750908,-43.945072637803655,belo horizonte,mg
30360,-19.970675379040948,-43.94943265763813,belo horizonte,mg
30320,-19.95954610294896,-43.93549305303234,belo horizonte,mg
30380,-19.950113421576656,-43.95583838718328,belo horizonte,mg
30310,-19.941422270327216,-43.932338543308816,belo horizonte,mg
30315,-19.95455748237063,-43.93409969455826,belo horizonte,mg
30390,-19.99530057591318,-43.96543327837731,belo horizonte,mg
30335,-19.947131521899543,-43.920072533294665,belo horizonte,mg
30328,-19.969885948381293,-43.94239902888209,belo horizonte,mg
30441,-19.935201059120523,-43.9567957307693,belo horizonte,mg
30431,-19.946082656673784,-43.96674583291018,belo horizonte,mg
30421,-19.939688821541896,-43.97533764669048,belo horizonte,mg
30493,-19.972561368313173,-43.96531782252284,belo horizonte,mg
30411,-19.92159682447856,-43.95817411951201,belo horizonte,mg
30494,-19.95661690748416,-43.968436347881045,belo horizonte,mg
30492,-19.96962458174156,-43.9679218713716,belo horizonte,mg
30451,-20.01132687340785,-44.01888537725837,belo horizonte,mg
30430,-19.933314443793652,-43.9616623713716,belo horizonte,mg
30455,-19.969375402909787,-43.962869692542206,belo horizonte,mg
30410,-19.929144876767285,-43.9681325405102,belo horizonte,mg
30420,-19.9198825037509,-43.98046275437128,belo horizonte,mg
30480,-19.92739265306712,-43.9792690649489,belo horizonte,mg
30490,-19.951509363033047,-43.97489996240398,belo horizonte,mg
30460,-19.94278839439665,-43.96769813434123,belo horizonte,mg
30550,-19.93977,-43.97883525,belo horizonte,mg
30520,-19.94290708159733,-44.020034873997325,belo horizonte,mg
30575,-19.97007559893824,-43.97959527560735,belo horizonte,mg
30525,-19.934072905909183,-44.01298733458364,belo horizonte,mg
30510,-19.936532525391,-43.992319064400654,belo horizonte,mg
30535,-19.92617665751052,-43.9900225881182,belo horizonte,mg
30512,-19.945381432136905,-44.00017368261305,belo horizonte,mg
30516,-19.954340570633057,-43.98677951762936,belo horizonte,mg
30532,-19.943549465173945,-44.00578954120269,belo horizonte,mg
30580,-19.95806146849216,-43.98571701122408,belo horizonte,mg
30530,-19.928905082982308,-43.99811505412885,belo horizonte,mg
30570,-19.958089201771624,-43.9755311729182,belo horizonte,mg
30518,-19.95213219697293,-44.00444799822404,belo horizonte,mg
30514,-19.952915133504494,-43.99165170275258,belo horizonte,mg
30590,-19.959420896159056,-43.99403431465482,belo horizonte,mg
30555,-19.95278244962204,-43.97732281888751,belo horizonte,mg
30540,-19.962974368024707,-43.99519656174626,belo horizonte,mg
30640,-19.977266817935217,-44.030220762565605,belo horizonte,mg
30660,-19.98399904758839,-44.0325732470056,belo horizonte,mg
30664,-20.00937843130018,-44.0342336888741,belo horizonte,mg
30690,-19.979845234819173,-44.05782186225846,belo horizonte,mg
30622,-19.98729548014893,-43.98983533291021,belo horizonte,mg
30662,-19.989975007213356,-44.03951266042471,belo horizonte,mg
30610,-19.97308321204341,-43.993915281435726,belo horizonte,mg
30672,-19.90048618619375,-43.985055952458026,belo horizonte,mg
30670,-20.005392719401,-44.02125420231988,belo horizonte,mg
30620,-19.97683947121829,-44.00208279362338,belo horizonte,mg
30626,-20.00554148626576,-44.01389665445209,belo horizonte,mg
30692,-19.981843055786783,-44.056511561047486,belo horizonte,mg
30666,-20.009416819320187,-44.03925166610885,belo horizonte,mg
30668,-20.009132643632054,-44.029839965173935,belo horizonte,mg
30624,-19.99903203442203,-44.00051765098964,belo horizonte,mg
30642,-19.981628162906198,-44.01207688856828,belo horizonte,mg
30644,-19.992687872612336,-44.01955292353855,belo horizonte,mg
30628,-20.00829134886613,-44.0040272267586,belo horizonte,mg
30627,-19.994171239511868,-44.02121935873389,belo horizonte,mg
30686,-19.996132002221696,-44.033212560649744,belo horizonte,mg
30730,-19.91627671106245,-43.9842988447112,belo horizonte,mg
30720,-19.91802549653755,-43.97613252844943,belo horizonte,mg
30770,-19.911644308904183,-43.97292042423106,belo horizonte,mg
30710,-19.913521316406,-43.95735564265109,belo horizonte,mg
30775,-19.901055813491816,-43.97429969302907,belo horizonte,mg
30750,-19.89328670774424,-43.97195292532757,belo horizonte,mg
30760,-19.90809821577453,-43.96181773151535,belo horizonte,mg
30860,-19.90656305912052,-44.01012226923069,belo horizonte,mg
30865,-19.918383328611025,-44.02052053981771,belo horizonte,mg
30870,-19.90767006939231,-44.00748306939231,belo horizonte,mg
30840,-19.891079580904844,-43.99423022788376,belo horizonte,mg
30882,-19.885567704137557,-44.00816196779967,belo horizonte,mg
30880,-19.905684443245395,-44.02139865113387,belo horizonte,mg
30830,-19.90179566778229,-44.00424794061967,belo horizonte,mg
30820,-19.9085515567546,-43.99610515805876,belo horizonte,mg
30881,-19.89792339494492,-44.01900337330481,belo horizonte,mg
30850,-19.91690663641869,-44.00258750903103,belo horizonte,mg
30855,-19.862088971151767,-44.016051412547625,belo horizonte,mg
30810,-19.902939296150898,-43.988673262709824,belo horizonte,mg
31050,-19.900238441628133,-43.903489639426446,belo horizonte,mg
31035,-19.897675641051563,-43.92073141014801,belo horizonte,mg
31010,-19.917625059698125,-43.91323566831868,belo horizonte,mg
31030,-19.907108245080448,-43.91966546502971,belo horizonte,mg
31070,-19.887380574792505,-43.89661243917136,belo horizonte,mg
31015,-19.9094872739339,-43.9275164141035,belo horizonte,mg
31060,-19.89411305190717,-43.909105945322864,belo horizonte,mg
31080,-19.885757867332217,-43.90770410407414,belo horizonte,mg
31140,-19.892338512349244,-43.9326199797449,belo horizonte,mg
31170,-19.881438098245752,-43.91679121149515,belo horizonte,mg
31155,-19.872731168474772,-43.944876780599,belo horizonte,mg
31130,-19.885618959201334,-43.93859494364943,belo horizonte,mg
31110,-19.89912054094289,-43.9404121305903,belo horizonte,mg
31150,-19.87553457706714,-43.94176194140331,belo horizonte,mg
31160,-19.8824409955566,-43.92902237968148,belo horizonte,mg
31275,-19.8566927082925,-43.9760083297362,belo horizonte,mg
31250,-19.8888197529863,-43.96214189731085,belo horizonte,mg
31270,-19.8530362758958,-43.95277064446877,belo horizonte,mg
31210,-19.90714902346989,-43.95579553683124,belo horizonte,mg
31230,-19.90514649708581,-43.95631225047614,belo horizonte,mg
31260,-19.867166072180638,-43.93513434043602,belo horizonte,mg
31255,-19.878513898894187,-43.95694702879617,belo horizonte,mg
31235,-19.89371385706044,-43.95763641257429,belo horizonte,mg
31330,-19.87964344047544,-44.003708868313176,belo horizonte,mg
31340,-19.85284231244068,-43.98751965994399,belo horizonte,mg
31320,-19.88015521510183,-43.98396787691152,belo horizonte,mg
31370,-20.005482037480448,-44.01852633166945,belo horizonte,mg
31310,-19.875867454065443,-43.98278199806675,belo horizonte,mg
31365,-19.85564348987244,-44.010183594494826,belo horizonte,mg
31360,-19.874688003058424,-44.008176504991646,belo horizonte,mg
31510,-19.811416212591677,-43.968963237030366,belo horizonte,mg
31515,-19.82150921426511,-43.96683064016958,belo horizonte,mg
31525,-19.821438953372944,-43.97517235261704,belo horizonte,mg
31580,-19.81661762585845,-43.99762518359399,belo horizonte,mg
31560,-19.841515899532546,-43.97289771550586,belo horizonte,mg
31550,-19.835976771308168,-43.99160833181368,belo horizonte,mg
31540,-19.83325664556529,-43.987256758814674,belo horizonte,mg
31585,-19.823465999999947,-44.00251549999996,belo horizonte,mg
31535,-19.815080122684456,-43.97707954524207,belo horizonte,mg
31545,-19.8379260903476,-44.00705499636726,belo horizonte,mg
31520,-19.815697665012323,-43.9753305807606,belo horizonte,mg
31570,-19.81011863229108,-43.98472732006267,belo horizonte,mg
31530,-19.82037054203942,-43.98181463543774,belo horizonte,mg
31555,-19.84506185844542,-43.98466346448144,belo horizonte,mg
31578,-19.80791248819901,-44.000379712735885,belo horizonte,mg
31565,-19.830921338882806,-43.96358122785512,belo horizonte,mg
31573,-19.809042328611024,-43.99006964195861,belo horizonte,mg
31575,-19.80786198695825,-43.99392319178832,belo horizonte,mg
31660,-19.802646503462444,-43.98568230391251,belo horizonte,mg
31655,-19.793884069826863,-43.98970412264471,belo horizonte,mg
31630,-19.794375502914196,-43.95435377601137,belo horizonte,mg
31620,-19.804987561746263,-43.96923453136361,belo horizonte,mg
31615,-19.803895418806704,-43.962298019158574,belo horizonte,mg
31610,-19.81405888037396,-43.95821615251886,belo horizonte,mg
31680,-19.80178846378896,-43.99604119900167,belo horizonte,mg
31640,-19.795419,-43.9709445,belo horizonte,mg
31650,-19.791956556206337,-43.96789901096426,belo horizonte,mg
31652,-19.789130797939904,-43.975797925067766,belo horizonte,mg
31720,-19.828081277829032,-43.95874393658031,belo horizonte,mg
31741,-19.8474651033948,-43.94897700565801,belo horizonte,mg
31748,-19.79768909694483,-43.93419895512006,belo horizonte,mg
31744,-19.81150197945644,-43.94314334776961,belo horizonte,mg
31710,-19.843708202868147,-43.95899630890419,belo horizonte,mg
31742,-19.934353008166628,-43.91592032217033,belo horizonte,mg
31730,-19.831098006665105,-43.94652358104908,belo horizonte,mg
31749,-19.795012207888465,-43.9470822470137,belo horizonte,mg
31746,-19.8090405,-43.932006,belo horizonte,mg
31760,-19.831335297795675,-43.93883900083673,belo horizonte,mg
31725,-19.839820483495803,-43.94487473757863,belo horizonte,mg
31765,-19.835002236741914,-43.93259517499566,belo horizonte,mg
31785,-19.80526951595593,-43.94067925910314,belo horizonte,mg
31844,-19.836890499647936,-43.91622823669364,belo horizonte,mg
31812,-19.850249881210686,-43.931655733827725,belo horizonte,mg
31872,-19.814615571181317,-43.89422217248548,belo horizonte,mg
31846,-19.83940669386577,-43.91243130446079,belo horizonte,mg
31814,-19.86128531082074,-43.92610114361865,belo horizonte,mg
31840,-19.8395943624848,-43.93112738467313,belo horizonte,mg
31810,-19.85389462003007,-43.927915814184296,belo horizonte,mg
31870,-19.83964707438397,-43.904385156818016,belo horizonte,mg
31842,-19.840168078827364,-43.92329932223438,belo horizonte,mg
31845,-19.93974507438397,-43.992697343181966,belo horizonte,mg
31820,-19.89963465113387,-44.00239920122336,belo horizonte,mg
31995,-19.842759000000004,-43.89297975,belo horizonte,mg
31990,-19.854201939494487,-43.89206198320736,belo horizonte,mg
31920,-19.8780710718738,-43.91303661434592,belo horizonte,mg
31985,-19.854629140717854,-43.910470749379634,belo horizonte,mg
31910,-19.865544862340563,-43.92052843242536,belo horizonte,mg
31960,-19.860862945871137,-43.90399598779497,belo horizonte,mg
31930,-19.85054756671417,-43.90399965691794,belo horizonte,mg
31980,-19.855790507905848,-43.91751730515326,belo horizonte,mg
31970,-19.85421902303084,-43.88230614036896,belo horizonte,mg
31998,-19.830870523457747,-43.86722635665641,belo horizonte,mg
31950,-19.86247705744709,-43.89710791840267,belo horizonte,mg
31975,-19.849586867474528,-43.88560434538695,belo horizonte,mg
32041,-19.914063847840072,-44.07076715589755,contagem,mg
32040,-19.91676365397662,-44.07284081323001,contagem,mg
32044,-19.904771416023824,-44.09296753724,contagem,mg
32072,-19.931023136622372,-44.11251938931954,contagem,mg
32071,-19.91863353103488,-44.12676179965647,contagem,mg
32013,-19.931008601177325,-44.08770705040729,contagem,mg
32070,-19.88852473277913,-44.08136349469984,contagem,mg
32050,-19.83178058505065,-44.15214545360349,contagem,mg
32073,-19.93329324324747,-44.12271422509215,contagem,mg
32010,-19.940393531428462,-44.06063257014001,contagem,mg
32015,-19.91871268595304,-44.09504181961618,contagem,mg
32042,-19.919781486413424,-44.097996716818784,contagem,mg
32025,-19.919865131263464,-44.10393371978521,contagem,mg
32051,-19.810977274964984,-44.14147526876532,contagem,mg
32043,-19.901327919435666,-44.08604106106765,contagem,mg
32017,-19.91702329287979,-44.085461757069005,contagem,mg
32016,-19.925316034786867,-44.10206525233067,contagem,mg
32060,-19.888380625526526,-44.102402591115855,contagem,mg
32020,-19.9292872221564,-44.09083418794606,contagem,mg
32052,-19.96417793998298,-44.015723003757486,contagem,mg
32046,-19.87880364784156,-44.09082464588359,contagem,mg
32055,-19.85845930713841,-44.14109721074801,contagem,mg
32062,-19.86443661631789,-44.11163721366201,contagem,mg
32065,-19.897487165184856,-44.130797884940655,contagem,mg
32143,-19.901759733521697,-44.10606278846021,contagem,mg
32110,-19.88575709625392,-44.01809003760589,contagem,mg
32140,-19.893454436332657,-44.03400171616229,contagem,mg
32115,-19.893504399076264,-44.02745838166273,contagem,mg
32113,-19.8770809513602,-44.02034784916012,contagem,mg
32185,-19.849882697848685,-44.02029046658248,contagem,mg
32141,-19.92080701624467,-44.03610238676335,contagem,mg
32183,-19.855956120177968,-44.0274159746832,contagem,mg
32187,-19.83226136265652,-44.02163614106123,contagem,mg
32146,-19.877812277175305,-44.04097120754802,contagem,mg
32145,-19.87394833742732,-44.0478362156856,contagem,mg
32180,-19.86613222598972,-44.02388988644902,contagem,mg
32186,-19.84391350859577,-44.02164402383141,contagem,mg
32150,-19.88907386936364,-44.05417742776694,contagem,mg
32181,-19.86135726127152,-44.02590940335353,contagem,mg
32152,-19.88856817314963,-44.08176767901664,contagem,mg
32241,-19.970246474757243,-44.06128882747794,contagem,mg
32280,-19.9436908647076,-44.06152591958379,contagem,mg
32240,-19.973247970932068,-44.04300362581713,contagem,mg
32260,-19.95991559942468,-44.03863273842622,contagem,mg
32215,-19.969381231733696,-44.01729447178438,contagem,mg
32235,-19.979270446614127,-44.03918062887016,contagem,mg
32210,-19.95289717247436,-44.030729447633405,contagem,mg
32223,-19.961705515303528,-44.03523933054409,contagem,mg
32220,-19.97212671313913,-44.0252807766837,contagem,mg
32265,-19.956015715958635,-44.04703375856397,contagem,mg
32230,-19.9795017642867,-44.04060172131555,contagem,mg
32285,-19.87185789493908,-44.08224247519711,contagem,mg
32242,-19.9755304744941,-44.06328898211368,contagem,mg
32250,-19.967816999999947,-44.04803299999995,contagem,mg
32340,-19.941404251691264,-44.05601847637001,contagem,mg
32342,-19.915445066591037,-44.033190549985896,contagem,mg
32341,-19.934105134575645,-44.058949745074095,contagem,mg
32315,-19.946047667913017,-44.03358192802733,contagem,mg
32371,-19.930154461955823,-44.03357438958109,contagem,mg
32310,-19.944519773919623,-44.03388528779314,contagem,mg
32370,-19.9324459711404,-44.02778755015033,contagem,mg
32372,-19.92889941209888,-44.026109375532336,contagem,mg
32415,-20.018415861881373,-44.09108560538193,ibirite,mg
32400,-20.024982296605383,-44.055840985040376,ibirite,mg
32420,-19.97955720578404,-44.06441265483941,ibirite,mg
32425,-19.99881493904085,-44.06120361158952,ibirite,mg
32432,-19.99924018264073,-44.09206331444616,ibirit,mg
32412,-20.037477338007967,-44.06988620084692,ibirite,mg
32421,-20.0164078904238,-44.12113141795802,ibirit,mg
32424,-19.988811541996423,-44.05672335750055,ibirite,mg
32423,-20.0003024429572,-44.07285318471197,ibirite,mg
32430,-19.99634877966948,-44.07227260623799,ibirite,mg
32404,-20.0061045919292,-44.04640854552365,ibirite,mg
32405,-20.02529489052474,-44.03931198165561,ibirite,mg
32410,-20.042603969127853,-44.05280403087215,ibirite,mg
32431,-20.000204999999998,-44.080312500000005,ibirite,mg
32407,-20.003604122714183,-44.11655370372964,ibirite,mg
32440,-19.989221267156896,-44.058017388613656,ibirite,mg
32419,-19.994611702300627,-44.06050944889685,ibirit,mg
32422,-19.98452123309528,-44.084699406817066,ibirite,mg
32417,-20.02075233741958,-44.11778225430204,ibirite,mg
32553,-19.96971402637195,-44.17558669386577,betim,mg
32605,-19.933621491257423,-44.18191702039934,betim,mg
32661,-19.984264616711847,-44.15175635997464,betim,mg
32677,-19.941877521944868,-44.11327370697121,betim,mg
32676,-19.95051350597261,-44.14049886871721,betim,mg
32672,-19.92491906303673,-44.16694140448337,betim,mg
32656,-19.97888014432453,-44.18726096142304,betim,mg
32600,-19.98061438856828,-44.20279968151653,betim,mg
32655,-19.96723491194755,-44.17741779771462,betim,mg
32641,-20.02886799961171,-44.23063506625479,betim,mg
32623,-19.919812054677124,-44.27652976103638,betim,mg
32604,-19.95866259017359,-44.19878943272789,betim,mg
32681,-19.94839885206877,-44.11638429586245,betim,mg
32685,-19.94963235359381,-44.10076629148527,betim,mg
32602,-19.947786333645723,-44.179283308405566,betim,mg
32670,-19.94861206494891,-44.16252047002138,betim,mg
32665,-19.971795701248304,-44.141152598769615,betim,mg
32606,-19.945696526227707,-44.20447999417161,betim,mg
32689,-19.943827418258437,-44.07807686386978,betim,mg
32667,-19.96247368942237,-44.13869753788447,betim,mg
32675,-19.93876718595992,-44.14012235068381,betim,mg
32653,-19.929593818483472,-44.17974510268915,betim,mg
32668,-19.981131087425712,-44.14232395628713,betim,mg
32671,-19.946324896129045,-44.11322099973989,betim,mg
32684,-19.951835605603343,-44.10432771135092,betim,mg
32649,-19.98237950276133,-44.197375979927706,betim,mg
32678,-19.931357672407383,-44.10148914476319,betim,mg
32657,-20.005903833198648,-44.1727562463212,betim,mg
32673,-19.940290376074785,-44.16678999500834,betim,mg
32611,-19.859018919787648,-44.15551948098565,betim,mg
32610,-19.955479388502837,-44.11974122002642,betim,mg
32603,-19.96359936052289,-44.20588561241267,betim,mg
32654,-19.950819432973613,-44.18301572745107,betim,mg
32659,-19.99892843519532,-44.13491787261235,betim,mg
32625,-19.95115064134021,-44.23720340828077,betim,mg
32630,-19.95576060061168,-44.204698780743215,betim,mg
32642,-20.020645204830043,-44.22390430460502,betim,mg
32639,-20.027613975524485,-44.23602350815929,betim,mg
32634,-20.01007864049963,-44.25030441179605,betim,mg
32669,-19.959213523868858,-44.12861350067101,betim,mg
32687,-19.93693058895492,-44.09724917998731,betim,mg
32682,-19.93916206494891,-44.09647838620234,betim,mg
32688,-19.93026524562872,-44.09896918013154,betim,mg
32660,-19.94889071684701,-44.161206386229,betim,mg
32628,-19.94702512101102,-44.27053916570481,betim,mg
32652,-19.94936970996593,-44.17973172245941,betim,mg
32635,-20.006567559813018,-44.22586658174156,betim,mg
32640,-19.946733719044257,-44.19643218731619,betim,mg
32616,-19.940885586309644,-44.25627921445654,betim,mg
32662,-19.952270727960062,-44.143022839420965,betim,mg
32666,-19.9410600795598,-44.128192377737,betim,mg
32690,-19.94289437717758,-44.114646648124456,betim,mg
32664,-19.95067364086209,-44.112527014715184,betim,mg
33045,-19.754716970157087,-43.88310218117166,santa luzia,mg
33015,-19.763735654477216,-43.84743536468751,santa luzia,mg
33010,-19.770055460138572,-43.85146163162795,santa luzia,mg
33030,-19.78407691318338,-43.92964052626267,santa luzia,mg
33060,-21.78800081831189,-43.34306787782021,santa luzia,mg
33040,-19.783642243391377,-43.87459539290128,santa luzia,mg
33035,-19.765223296887573,-43.8662920462471,santa luzia,mg
33025,-19.76732689042165,-43.84340109296373,santa luzia,mg
33054,-19.751986834034952,-43.83404383516242,santa luzia,mg
33084,-20.39511586381949,-43.4921764185321,santa luzia,mg
33080,-19.820014513528548,-43.83030225884891,santa luzia,mg
33020,-19.75658206104723,-43.83501080061789,santa luzia,mg
33065,-19.77234300209413,-43.83281370971884,santa luzia,mg
33016,-19.756787404964967,-43.85469667299016,santa luzia,mg
33082,-19.825817109220576,-43.83174988480986,santa luzia,mg
33022,-19.754716081019527,-43.83817369386442,santa luzia,mg
33048,-20.708904445204563,-46.61670129131908,santa luzia,mg
33140,-19.773876605304032,-43.92622968614072,santa luzia,mg
33110,-19.782800287762203,-43.917842133512025,santa luzia,mg
33125,-19.791047556323957,-43.93994054762264,santa luzia,mg
33120,-19.788153285554717,-43.92950074388953,santa luzia,mg
33145,-19.770113638204407,-43.92922926560554,santa luzia,mg
33115,-19.794381412345142,-43.91316928751721,santa luzia,mg
33130,-19.78237026139532,-43.93710355750176,santa luzia,mg
33172,-19.776982499999992,-43.89436125,santa luzia,mg
33105,-19.78178890856463,-43.9287375663723,santa luzia,mg
33113,-19.822885864947438,-43.83217979957775,santa luzia,mg
33171,-19.763417473754,-43.86776420400038,santa luzia,mg
33170,-19.788485987347126,-43.90285938620266,santa luzia,mg
33147,-19.80630486613678,-43.8933737722481,santa luzia,mg
33146,-19.809022771294707,-43.89455030088219,santa luzia,mg
33400,-19.5921849600698,-43.90098205233704,lagoa santa,go
33820,-19.771424880321003,-44.12858666111042,ribeiro das neves,mg
33823,-19.76568548999484,-44.140885226865976,ribeirao das neves,mg
33860,-19.771397161809688,-44.06948103136361,ribeirao das neves,mg
33855,-19.756505870390644,-44.07255925714124,ribeirao das neves,mg
33822,-19.81155749999993,-44.067096213999946,ribeiro das neves,mg
33805,-19.773020999999947,-44.08090549999997,ribeirao das neves,mg
33880,-19.773702858733877,-44.085055578683125,ribeirao das neves,mg
33882,-19.748720629753592,-44.1553855814531,ribeirao das neves,mg
33825,-19.78136498344216,-44.0673669708198,ribeirao das neves,mg
33858,-19.75765134387447,-44.08400468497898,ribeirao das neves,mg
33840,-19.7443007837506,-44.092729810059474,ribeirao das neves,mg
33821,-19.758646927097494,-44.16255573047865,ribeirao das neves,mg
33808,-19.77653023481006,-44.10161229005428,ribeirao das neves,mg
33809,-19.78365643963872,-44.10962162323272,ribeirao das neves,mg
33830,-19.75217604302037,-44.135711811270106,ribeirao das neves,mg
33861,-19.776713717145853,-44.07185109704091,ribeiro das neves,mg
33836,-19.8008729980228,-44.10388191015411,ribeirao das neves,mg
33863,-19.78226701810637,-44.06846195226778,ribeirao das neves,mg
33833,-19.744340050233724,-44.13573410713255,ribeirao das neves,mg
33826,-19.752517296441248,-44.15634786173659,ribeiro das neves,mg
33841,-19.734579271976788,-44.0723826840696,ribeirao das neves,mg
33920,-19.78437243217309,-44.022216549249904,ribeirao das neves,mg
33933,-19.787683860955585,-44.01087722799933,ribeirao das neves,mg
33930,-19.757171999999947,-44.161131499999954,ribeirao das neves,mg
33925,-19.77622318270774,-43.99194907558397,ribeirao das neves,mg
33900,-19.761093569356973,-44.08167997352053,ribeirao das neves,mg
33913,-19.779029422913744,-44.0229254812176,ribeirao das neves,mg
33902,-19.796860277829044,-44.00988928642738,ribeirao das neves,mg
33915,-19.773954999999944,-44.01352605999995,ribeirao das neves,mg
33937,-19.759653969444336,-44.14509269058851,ribeirao das neves,mg
33938,-19.836179245628717,-44.03855327601138,ribeirao das neves,mg
33927,-19.823724626765635,-44.01109103373224,ribeiro das neves,mg
33903,-19.796714088810685,-44.0279771076808,ribeirao das neves,mg
33943,-19.805776157437,-44.01732103235708,ribeirao das neves,mg
33940,-19.80590227116394,-44.01521096863638,ribeirao das neves,mg
33935,-19.80943567882035,-44.01201342482576,ribeirao das neves,mg
33944,-19.81011009334088,-44.02849687554548,ribeirao das neves,mg
33939,-19.827406654299978,-44.03514544300204,ribeirao das neves,mg
33910,-19.80589746883349,-44.10379626498721,ribeirao das neves,mg
33936,-19.766556071715677,-44.00162722365764,ribeirao das neves,mg
33914,-19.800680488666323,-44.10253814204364,ribeirao das neves,mg
33921,-19.78393888458456,-44.08101232055392,ribeirao das neves,mg
33934,-19.782524185237904,-43.98288616948303,ribeirao das neves,mg
34000,-19.991665295170066,-43.92964786837783,nova lima,mg
34007,-20.06395202496248,-43.98103705032156,nova lima,mg
34018,-20.104533521529728,-43.9305976747518,nova lima,mg
34006,-19.984916225972547,-43.94683283226102,nova lima,mg
34003,-19.987111307202653,-43.864415126814514,nova lima,mg
34002,-19.9972947150353,-43.84902217493977,nova lima,mg
34004,-19.994602561506863,-43.8883942701527,nova lima,mg
34012,-20.024391972702404,-43.82237654520721,nova lima,mg
34009,-20.065198998170462,-43.936872580199655,nova lima,mg
34001,-19.989306206863183,-43.85077859693365,nova lima,mg
34011,-20.11881569499484,-43.96581793248194,nova lima,mg
34015,-20.104320242447496,-43.93062969170595,nova lima,mg
34008,-20.008016999999995,-43.92919089632283,nova lima,mg
34010,-20.10121695741956,-43.93810154879203,nova lima,mg
34525,-19.9021411367291,-43.815263757530296,sabara,mg
34585,-19.886497118571203,-43.85203057628576,sabar,mg
34535,-19.912092663029384,-43.82443292710626,sabara,mg
34515,-19.887662061038345,-43.79814376599503,sabara,mg
34505,-19.886213162755983,-43.809948000000006,sabara,mg
34580,-19.88700818337283,-43.84907364264394,sabara,mg
34575,-19.880948045918192,-43.84181519308018,sabara,mg
34590,-19.880080279571573,-43.86089765033582,sabara,mg
34545,-19.89185958641164,-43.831602078980936,sabara,mg
34555,-19.888287626466266,-43.82850717705278,sabara,mg
34565,-19.87992184837999,-43.829446823399365,sabara,mg
34576,-19.858146739898988,-43.86106747506179,sabara,mg
34650,-19.86853646600826,-43.89453494074437,sabara,mg
34600,-19.862833868691293,-43.85726075973933,sabara,mg
34700,-19.879165651244893,-43.89606843771793,sabara,mg
34710,-19.87728758806303,-43.90111534483172,sabara,mg
34730,-19.83359517062983,-43.84328906386388,sabara,mg
34720,-19.84189776177038,-43.8645808345092,sabara,mg
34735,-19.833094247999952,-43.86210499999999,sabar,mg
34725,-19.834900300999948,-43.85598999999996,sabara,mg
34990,-19.7212653190295,-43.58097182311617,nova uniao,mg
35051,-18.873519360519715,-41.96920602047174,governador valadares,mg
35010,-18.85822999288047,-41.95041011170687,governador valadares,mg
35045,-18.891801576516084,-41.96196366442092,governador valadares,mg
35060,-18.85874984306509,-41.97773991619799,governador valadares,mg
35032,-18.87187599180023,-41.96017180764623,governador valadares,mg
35020,-18.866806178364502,-41.94052973019697,governador valadares,mg
35059,-18.85636321538988,-41.98174154357044,governador valadares,mg
35030,-18.87478299667247,-41.95545257724061,governador valadares,mg
35040,-18.91074643471513,-41.99272812082771,governador valadares,mg
35044,-18.88399299147265,-41.94164231133389,governador valadares,mg
35042,-18.912942888999964,-41.94861999999995,governador valadares,mg
35054,-18.843540618977435,-41.997147408697984,governador valadares,mg
35041,-18.892159876932304,-41.95273608832108,governador valadares,mg
35053,-18.86520721004412,-41.96855586266346,governador valadares,mg
35052,-18.84097588074089,-41.945162039668624,governador valadares,mg
35039,-18.887697257673093,-41.990915504918455,governador valadares,mg
35024,-18.83022468567301,-41.90213246280491,governador valadares,mg
35050,-18.88268750122737,-41.96944215072953,governador valadares,mg
35065,-18.84625369334116,-41.96378135463655,governador valadares,mg
35057,-18.84144909699821,-41.96259175851705,governador valadares,mg
35063,-18.831928260999973,-41.96619999999996,governador valadares,mg
35055,-18.850638213076756,-41.99105836471134,governador valadares,mg
35043,-18.89399795667737,-41.94677567730479,governador valadares,mg
35012,-18.8596458127019,-41.95574573491773,governador valadares,mg
35022,-18.83772581426553,-41.89320291347046,governador valadares,mg
35047,-18.90446447069051,-41.956696434551205,governador valadares,mg
35058,-18.844719791790425,-41.9502018259096,governador valadares,mg
35046,-18.890147638055964,-41.96911519884705,governador valadares,mg
35064,-18.84322525208539,-41.936897682375545,governador valadares,mg
35062,-18.837488635491138,-41.96311214272082,governador valadares,mg
35001,-18.85454728687629,-41.95356928670342,governador valadares,mg
35023,-18.87800775429616,-41.969499759206045,governador valadares,mg
35180,-19.54373077737746,-42.651621091858686,timoteo,mg
35170,-19.50664329902649,-42.630873484496206,coronel fabriciano,mg
35164,-19.4609515387212,-42.525487901061766,ipatinga,mg
35181,-19.532680367546888,-42.61524564443226,timoteo,mg
35162,-19.4780955431646,-42.55679483097696,ipatinga,mg
35182,-19.57988226206472,-42.64592409589202,timoteo,mg
35160,-19.50523742384614,-42.57176378313765,ipatinga,mg
35171,-19.530799658011595,-42.57080612305797,coronel fabriciano,mg
35184,-19.53353872883878,-42.666891671164805,timoteo,mg
35199,-19.60909039049707,-42.29947741430099,vargem alegre,mg
35179,-19.45515459535982,-42.53231121006311,santana do paraiso,mg
35116,-22.78648367990545,-43.42152888758218,mesquita,rj
35163,-19.441871874545576,-42.56193748196661,ipatinga,mg
35147,-19.90222920897032,-43.99422191212101,acucena,mg
35157,-19.224400480978087,-42.33186975549897,naque,mg
35118,-19.15805233645516,-42.24094710428658,periquito,mg
35167,-19.373643159453465,-42.55266479392134,santana do paraiso,mg
35193,-19.43122405832373,-42.25829965262412,bugre,mg
35183,-19.57434579525786,-42.67627161216655,timoteo,mg
35172,-19.474892209624144,-42.64423939660119,coronel fabriciano,mg
35108,-18.912319321281306,-41.95071363734536,governador valadares,mg
35117,-19.228460344602787,-42.32805215609489,naque,mg
35156,-19.106651999999947,-42.20235349999996,periquito,mg
35194,-19.17712804014915,-42.68009100927227,joanesia,mg
35166,-19.22595877822303,-42.61315555144592,mesquita,rj
35150,-19.076274142613915,-42.54788007556345,acucena,mg
35161,-19.440182637999957,-42.56735999999995,ipatinga,mg
35168,-19.169042433246,-42.67789309925564,joanesia,mg
35222,-19.414224426621665,-41.24952768357386,itueta,mg
35240,-19.07527015963293,-41.53085191278982,conselheiro pena,mg
35243,-19.068087376252848,-41.52623919639246,conselheiro pena,mg
35263,-9.98287509488055,-67.84462831986464,floresta,mg
35220,-19.397724600048488,-41.22559570804024,itueta,mg
35236,-20.00758122660574,-44.04116293236808,independencia,ce
35300,-19.79022694508355,-42.14210229958086,caratinga,mg
35302,-19.781678676979872,-42.12529021107859,caratinga,mg
35304,-19.76940892916495,-42.13623158474306,caratinga,mg
35303,-19.77847242806181,-42.14617368586185,caratinga,mg
35305,-19.791030731010345,-42.144720034158944,caratinga,mg
35301,-19.797798269679014,-42.14631498118269,caratinga,mg
35311,-19.848836615176666,-42.204231050618674,sapucaia,mg
35315,-19.84915030757776,-42.070151703360885,caratinga,mg
35430,-20.415339248383304,-42.89153741877715,port alegrente nova,mg
35460,-20.198222315762948,-44.00961734339785,brumadinho,mg
35476,-20.47336703132908,-44.232825807488496,piedade dos gerais,mg
35488,-20.39595470115597,-44.491159971115245,itaguara,mg
35480,-20.32778901692791,-44.23990763510544,bonfim,mg
35478,-20.39053791001082,-44.33883429124456,crucilandia,mg
35436,-20.57386059510821,-43.01219447491154,guaraciaba,mg
35464,-20.16619375091147,-44.02370133847892,brumadinho,mg
35423,-23.13289603182123,-50.3748050012412,bandeirantes,mg
35485,-20.29001431877884,-44.33570966894638,rio manso,mg
35431,-20.418775142217832,-42.924261069585455,port alegrente nova,mg
35500,-20.146615317146374,-44.892591683425806,divinoport alegrelis,mg
35501,-20.15825132557966,-44.88243792415554,divinoport alegrelis,mg
35502,-20.147537126559413,-44.90712481034317,divinoport alegrelis,mg
35526,-20.468319681824028,-44.222846180565945,piedade dos gerais,mg
35545,-19.956996833557923,-45.07394912215463,perdigao,mg
35520,-20.39257629359277,-44.33953357105906,crucilandia,mg
35557,-20.18523031987543,-44.773348626815135,carmo do cajuru,mg
35543,-20.70646928534441,-44.98813492280711,sao francisco de paula,mg
35514,-20.387013514501284,-44.48178981059499,itaguara,mg
35504,-20.17694234362669,-44.86976591960765,divinoport alegrelis,mg
35567,-20.27493708705915,-45.00148704437128,sao sebastiao do oeste,mg
35506,-20.27632269415328,-45.001663093158,sao sebastiao do oeste,mg
35510,-20.1855565564355,-44.76698436402107,carmo do cajuru,mg
35503,-20.16611540635133,-44.86848016347985,divinoport alegrelis,mg
35515,-19.952882999999996,-45.08488799999999,perdigao,mg
35578,-20.4500236903322,-45.55587728806265,corrego fundo,mg
35568,-20.448014750047832,-45.5531152584501,corrego fundo,mg
35521,-20.32648359555827,-44.24008704441723,bonfim,mg
35525,-20.2694280276506,-44.30656981105798,rio manso,mg
35660,-19.84716972915744,-44.60195651841526,para de minas,mg
35680,-20.08212660423176,-44.5732983518722,itauna,mg
35681,-20.091564376116075,-44.61497643457543,itauna,mg
35661,-19.86043877469569,-44.59797225430084,par de minas,mg
35607,-19.877805249238055,-44.053327818831775,ibitira,ba
35662,-19.881908528921816,-44.74175187509677,para de minas,mg
35674,-20.094176100020256,-44.43364802607057,serra azul,mg
35663,-19.789067907536737,-44.56368470984679,par de minas,mg
35700,-19.46361254830593,-44.24441403023008,sete lagoas,mg
35701,-19.447338587123927,-44.21712257170282,sete lagoas,mg
35715,-19.47072584389524,-44.15907473573972,prudente de morais,mg
35702,-19.42971029829401,-44.22506352397885,sete lagoas,mg
35732,-19.28653347812368,-43.95709942241093,baldim,mg
35738,-19.48730695994075,-44.15909729564294,prudente de morais,mg
35736,-19.30400191858769,-44.10590957141993,funilandia,mg
35703,-19.416268742682064,-44.203145681595984,sete lagoas,mg
35794,-18.76032174810304,-44.89880313114598,felixlandia,mg
35763,-19.494465689404763,-44.38749419445466,inhauma,mg
35707,-19.327751971727004,-43.93603246393878,so vicente,sp
35733,-19.330477595420167,-43.934802420724935,so vicente,sp
35706,-19.29107076600919,-43.95096382951992,baldim,mg
35710,-19.497605730684025,-44.38288862141471,inhauma,mg
35798,-18.543771139761443,-44.60333670818367,morro da garca,mg
35709,-19.387426367387683,-44.056022675049554,funilandia,mg
35796,-18.728528248622027,-44.36050913760349,inimutaba,mg
35930,-19.801331997431117,-43.17722186400949,joao monlevade,mg
35931,-19.83450146867729,-43.188507135626296,joao monlevade,mg
35960,-19.964212954976457,-43.41725182108993,santa barbara,ba
35900,-19.63165621067063,-43.212335433135365,itabira,mg
35902,-19.652556794982925,-43.20008435986347,itabira,mg
35901,-19.660085734123605,-43.232502918518094,itabira,mg
35903,-19.624713581281945,-43.2122461071117,itabira,mg
35932,-19.848006090135595,-43.17552572874694,joao monlevade,mg
35904,-19.593930476747595,-43.19799529274878,itabira,mg
36010,-21.76282506633389,-43.34295644532287,juiz de fora,mg
36016,-21.772205528997677,-43.35345796280802,juiz de fora,mg
36070,-21.76828625367879,-43.32801924271453,juiz de fora,mg
36047,-21.71967883596861,-43.35029896280801,juiz de fora,mg
36050,-21.729309223700177,-43.34147826034389,juiz de fora,mg
36036,-21.76194279575198,-43.36958064085459,juiz de fora,mg
36046,-21.73727210273418,-43.36175314903211,juiz de fora,mg
36071,-21.774629799712297,-43.32454521181547,juiz de fora,mg
36092,-21.63370697810632,-43.44260114415697,juiz de fora,mg
36015,-21.75964925062038,-43.353198256592975,juiz de fora,mg
36032,-21.811450974635488,-43.36314733354477,juiz de fora,mg
36025,-21.77322851096427,-43.35209115736627,juiz de fora,mg
36037,-21.76800511546951,-43.38112729090638,juiz de fora,mg
36088,-21.707632298920863,-43.43258214363205,juiz de fora,mg
36087,-21.703103099082472,-43.43127757868314,juiz de fora,mg
36035,-21.74833169302905,-43.36528741993188,juiz de fora,mg
36080,-21.745859857608703,-43.36325941895093,juiz de fora,mg
36026,-21.781679280598997,-43.34755285261703,juiz de fora,mg
36081,-21.74494928504241,-43.380469534970274,juiz de fora,mg
36033,-21.785166523457747,-43.360415544405335,juiz de fora,mg
36013,-21.758399308904185,-43.3461595335853,juiz de fora,mg
36038,-21.802306499999997,-43.38930375,juiz de fora,mg
36030,-21.786443170007765,-43.34562651950736,juiz de fora,mg
36048,-21.695766527612697,-43.3462844023025,juiz de fora,mg
36085,-21.715399781621308,-43.403467516394976,juiz de fora,mg
36083,-21.724358773241413,-43.39844678351318,juiz de fora,mg
36031,-21.790687704137564,-43.35245517499566,juiz de fora,mg
36039,-21.78622775246268,-43.39130887130599,juiz de fora,mg
36021,-21.776064097697496,-43.345038341941226,juiz de fora,mg
36091,-21.70393682558144,-43.44140874935261,juiz de fora,mg
36045,-21.74014442714524,-43.36202484693288,juiz de fora,mg
36090,-21.689650561198,-43.43262571925676,juiz de fora,mg
36062,-21.758085135948136,-43.33396003236602,juiz de fora,mg
36051,-21.732145344739383,-43.341200445713945,juiz de fora,mg
36052,-21.74279595920133,-43.34733210115995,juiz de fora,mg
36020,-21.780220851749,-43.33106512508012,juiz de fora,mg
36061,-21.74661521914629,-43.33178067215903,juiz de fora,mg
36072,-21.77775443158864,-43.29546240758263,juiz de fora,mg
36060,-21.750376326884545,-43.34244904057714,juiz de fora,mg
36094,-21.580506,-43.48822959922671,juiz de fora,mg
36073,-21.769180103525866,-43.29907148112988,juiz de fora,mg
36084,-21.734034824380863,-43.40469535521936,juiz de fora,mg
36011,-21.762869008050085,-43.34323485858965,juiz de fora,mg
36152,-21.53316045663273,-43.1922658217616,goiana,mg
36204,-21.302471981959147,-43.6251130300681,barbacena,mg
36201,-21.230927487768454,-43.79341425698508,barbacena,mg
36200,-21.232267920465752,-43.77002363272546,barbacena,mg
36202,-21.202148725537477,-43.7744651701058,barbacena,mg
36205,-21.216647501342187,-43.75240420003465,barbacena,mg
36220,-21.318679640430947,-43.74759119428405,antonio carlos,mg
36245,-23.405413279153656,-46.45504706724169,sao joao da serra,mg
36302,-21.096972649648343,-44.234809817568056,sao joao del rei,mg
36305,-21.124485152993397,-44.23764207622492,sao joao del rei,mg
36307,-21.189491077809475,-44.326111473114615,sao joao del rei,mg
36301,-21.12573618818162,-44.255521629061086,sao joao del rei,mg
36303,-21.100760999999995,-44.213076,sao joao del rei,mg
36300,-21.139883727999347,-44.268940126146894,sao joao del rei,mg
36318,-21.30570731305084,-44.315464160898166,sao joao del rei,mg
36400,-20.653541574550808,-43.79083732604181,conselheiro lafaiete,mg
36420,-20.532664687290943,-43.71623161225068,ouro branco,al
36415,-20.50410692238407,-43.858586415220174,congonhas,mg
36408,-20.652936754166824,-43.80290374518268,conselheiro lafaiete,mg
36402,-20.655329675547527,-43.77958334028257,conselheiro lafaiete,mg
36404,-20.682433856327314,-43.77457547911084,conselheiro lafaiete,mg
36401,-20.65508512021201,-43.76954779180918,conselheiro lafaiete,mg
36407,-20.656390614345373,-43.80405126006627,conselheiro lafaiete,mg
36405,-20.662678170787384,-43.79136486572837,conselheiro lafaiete,mg
36406,-20.66455642518438,-43.80203496449565,conselheiro lafaiete,mg
36475,-20.76933305399306,-43.18789605916151,presidente bernardes,mg
36419,-20.52140596780208,-43.80137611445677,congonhas,mg
36570,-20.721937677884224,-42.86601159708953,vicosa,mg
36500,-21.12574332854103,-42.92260482854105,uba,mg
36530,-20.92539945749688,-42.83389767387452,sao geraldo,mg
36506,-21.10318496937619,-42.96343866862004,uba,mg
36502,-21.120087446232457,-42.91067895264525,uba,mg
36576,-20.67151077989276,-43.08425674565088,port alegrerto firme,mg
36572,-20.76027712980263,-42.88944983002101,vicosa,mg
36568,-20.67044605513226,-43.0878244536084,port alegrerto firme,mg
36503,-21.119621967896776,-42.912912534149,ub,mg
36501,-21.13430107272112,-42.944051785879296,uba,mg
36504,-21.113772012461688,-42.92918155418069,uba,mg
36507,-21.117664020290967,-42.95382616770659,uba,mg
36505,-21.10975395960748,-42.948015400464,ub,mg
36532,-20.91576008099461,-42.83693142419035,sao geraldo,mg
36660,-21.865605010277115,-42.70586701424656,alem paraiba,mg
36675,-21.680366033343244,-42.78110479182775,sao domingos,ba
36680,-21.53684106547488,-43.0121739022556,sao joao neport alegremuceno,mg
36640,-21.860432460895638,-43.00583140350152,mar de esao pauloanha,mg
36649,-21.865659415828056,-42.99874933189211,mar de esao pauloanha,mg
36688,-30.005202456575603,-51.19099166472387,sao joao neport alegremuceno,mg
36666,-21.84151847580495,-42.61943279184712,alem paraiba,mg
36772,-21.393999019279303,-42.69677541643672,cataguases,mg
36770,-21.38907215898061,-42.69203937619066,cataguases,mg
36774,-21.381804839381147,-42.69203708672062,cataguases,mg
36773,-21.388733126342974,-42.71196264097796,cataguases,mg
36771,-21.411162285339305,-42.68321671504821,cataguases,mg
36760,-21.363869611247576,-42.47723627750487,laranjal,mg
36778,-18.957459386727045,-49.449254176929024,vista alegre,mg
36880,-21.131145000000004,-42.36099306841136,muria,mg
36884,-21.12842778573488,-42.37999506994058,muriae,mg
36887,-21.135105838190317,-42.40437998265908,muriae,mg
36881,-21.134822699694155,-42.36197237093891,muria,mg
36889,-21.125116959201332,-42.36213605759133,muriae,mg
36888,-21.118499256448757,-42.38232130252754,muriae,mg
36883,-21.13331538328816,-42.37355080766343,muria,mg
36844,-20.914183761592344,-42.02464075805346,tombos,mg
36846,-19.145787560830374,-46.13018193916962,tombos,mg
36891,-21.58189794691236,-42.74137615768182,macuco,mg
36886,-21.131371560317195,-42.39574909877045,muriae,mg
36803,-21.212759654680116,-43.77310454002815,alvorada,rs
36913,-20.384558124900582,-42.25081426515447,santa margarida,mg
36980,-20.151746928223904,-41.62180071532828,lajinha,es
36905,-20.246926500000004,-42.15331799999999,realeza,mg
36935,-19.92728392353204,-41.920068012601845,alegria,mg
36910,-20.38082965833973,-42.2528602226533,santa margarida,mg
37002,-21.556465435793378,-45.44002728396701,varginha,mg
37026,-21.57560761769397,-45.44696627040968,varginha,mg
37044,-21.562683791571544,-45.42086995594119,varginha,mg
37062,-21.576160565072307,-45.45221819062712,varginha,mg
37014,-21.54974180312539,-45.443033590623415,varginha,mg
37064,-21.586616334703702,-45.42953264596432,varginha,mg
37070,-21.592971734414537,-45.44673265091192,varginha,mg
37030,-21.54478639206973,-45.45039796151988,varginha,mg
37010,-21.555063222033205,-45.44759883066788,varginha,mg
37036,-21.529263628609847,-45.45211840493241,varginha,mg
37018,-21.54644063580095,-45.430569121399685,varginha,mg
37004,-21.555365756683145,-45.4286114519794,varginha,mg
37006,-21.56727451244741,-45.43589090780592,varginha,mg
37048,-21.576617276379825,-45.40111794775724,varginha,mg
37031,-21.557266810298533,-45.460675602985326,varginha,mg
37060,-21.581673139348982,-45.420297786055855,varginha,mg
37072,-21.59037403416176,-45.45244792422132,varginha,mg
37011,-21.581590499999997,-45.4343805,varginha,mg
37034,-21.54525947988368,-45.45574617267798,varginha,mg
37022,-21.55014442079444,-45.42485451263793,varginha,mg
37056,-21.57265429663205,-45.421976219202016,varginha,mg
37012,-21.56718998136768,-45.448664661851694,varginha,mg
37007,-21.539810178963734,-45.42600427106217,varginha,mg
37074,-21.585276344697668,-45.454583703786064,varginha,mg
37068,-21.59197541876599,-45.44137819343985,varginha,mg
37045,-21.55586699094309,-45.41720969583382,varginha,mg
37066,-21.60011855579929,-45.43014955470247,varginha,mg
37077,-21.585019499999994,-45.45662625,varginha,mg
37038,-21.538614132931336,-45.44658705158943,varginha,mg
37170,-21.10193371766721,-45.56242528962879,boa esao pauloeranca,es
37137,-21.407289471627635,-45.94035829050192,alfenas,mg
37135,-21.420179371992425,-45.959964474046224,alfenas,mg
37130,-21.4228888193917,-45.9463673863649,alfenas,mg
37136,-21.40864695714521,-45.962626833614735,alfenas,mg
37132,-21.44307414471449,-45.950822013850704,alfenas,mg
37131,-21.433970489834017,-45.9441186135498,alfenas,mg
37144,-21.410115183756524,-45.83420405643043,fama,mg
37133,-21.43293498929785,-45.96587510689691,alfenas,mg
37142,-21.509586615033808,-46.19306760971549,divisa nova,mg
37163,-21.37141966234977,-45.77308462365314,corrego do ouro,go
37134,-21.508577988414192,-46.19876489582924,divisa nova,mg
37138,-21.41062961891027,-45.82737958728337,fama,mg
37220,-21.02334443220542,-44.74877949393773,bom sucesso,mg
37235,-21.185523971093318,-45.4420607332175,coqueiral,es
37280,-20.777306675153508,-45.27767149597212,candeias,ba
37218,-21.17418973197165,-44.9237602408513,ijaci,mg
37205,-21.175418219569263,-44.92772546799792,ijaci,mg
37410,-21.69216794221008,-45.25804903964345,tres coracoes,mg
37415,-21.701490664729285,-45.26338419224803,trs coraoes,mg
37413,-21.684137956830966,-45.23752879682583,trs coraoes,mg
37417,-21.67936749775473,-45.26893404879456,trs coraoes,mg
37416,-21.71969833925545,-45.26322478183625,trs coraoes,mg
37418,-21.66914602011652,-45.28112479093,tres coracoes,mg
37414,-21.695018137410383,-45.26403831641042,trs coraoes,mg
37412,-21.67057172340586,-45.27207231062829,tres coracoes,mg
37411,-21.695052767172506,-45.25879255913416,tres coracoes,mg
37557,-22.25971401199353,-45.92231506881679,port alegreuso alegre,mg
37502,-22.43106190186255,-45.45559685991584,itajuba,mg
37504,-22.42451926871875,-45.468141657836526,itajuba,mg
37556,-22.228096433712448,-45.89395524301128,port alegreuso alegre,mg
37501,-22.43042833808398,-45.436614377894095,itajuba,mg
37553,-22.22180037123291,-45.928418933957126,port alegreuso alegre,mg
37505,-22.41341676594225,-45.47431045409493,itajuba,mg
37552,-22.22039807649275,-45.939891873985935,port alegreuso alegre,mg
37550,-22.23423662262365,-45.935242048994425,port alegreuso alegre,mg
37588,-22.100630717039284,-46.18999890076049,ipuiuna,mg
37560,-22.27986002891305,-45.92042249099473,port alegreuso alegre,mg
37558,-22.26188292523682,-45.93266601660692,port alegreuso alegre,mg
37555,-22.214435507540266,-45.912135658236,port alegreuso alegre,mg
37551,-22.21614303135789,-45.960804918336905,port alegreuso alegre,mg
37590,-22.28444973167148,-46.613499420805184,jacutinga,mg
37503,-22.447924527917117,-45.47536827278867,itajuba,mg
37554,-22.233927287986123,-45.92648449408515,port alegreuso alegre,mg
37561,-22.29155669701961,-45.91207364476194,port alegreuso alegre,mg
37512,-22.533611595416893,-45.36145259529526,wenceslau braz,mg
37559,-22.100313221590213,-46.19158818090364,ipuiuna,mg
37640,-22.843339095273503,-46.320408988369685,extrema,mg
37655,-22.772937340302025,-46.22335095804688,itapeva,sp
37630,-22.742401885171866,-46.37744694197427,toledo,pr
37701,-21.79104335195045,-46.56244368105504,port alegrecos de caldas,mg
37730,-21.71201804689176,-46.23858406148462,campestre,al
37704,-21.801414691524894,-46.54455938110862,port alegrecos de caldas,mg
37705,-21.80620116472057,-46.53979191923391,port alegrecos de caldas,mg
37713,-21.83036570781459,-46.56345665874286,port alegreos de caldas,mg
37703,-21.790281454425937,-46.537615386345145,port alegreos de caldas,mg
37716,-21.800085983494164,-46.58571717063671,port alegrecos de caldas,mg
37706,-21.799403368591747,-46.50732673145176,port alegrecos de caldas,mg
37714,-21.802044565307877,-46.60519264033055,port alegrecos de caldas,mg
37710,-21.80504697145005,-46.51816122937331,port alegrecos de caldas,mg
37709,-21.800197487743947,-46.51569619643559,port alegrecos de caldas,mg
37702,-21.787875124280514,-46.539161469629576,port alegrecos de caldas,mg
37718,-21.88129040399997,-46.61625499999997,port alegrecos de caldas,mg
37958,-21.188287465681054,-46.98379836777281,monte santo de minas,mg
37901,-20.72937959864741,-46.59305737288995,passos,mg
37900,-20.72024570526651,-46.61199522720165,passos,mg
37903,-20.71758554421692,-46.61741738024877,passos,mg
37904,-20.703382812710025,-46.6224401802989,passos,mg
37968,-21.1920800136134,-46.98009605241138,monte santo de minas,mg
37902,-20.72821888718611,-46.61553106180694,passos,mg
37973,-21.077809756025545,-47.04659905913997,itamogi,mg
37922,-20.329812260976027,-46.37449829653123,vargem bonita,mg
37955,-21.07993606247952,-47.04460402855617,itamogi,mg
38025,-19.751249095475785,-47.93019340368748,uberaba,mg
38050,-19.754736925616037,-47.94835707438397,uberaba,mg
38057,-19.73877258090484,-47.96248610560336,uberaba,mg
38037,-19.77281045695996,-47.917178052434345,uberaba,mg
38040,-19.772223673610668,-47.94314577047145,uberaba,mg
38030,-19.76979237688285,-47.93963643479128,uberaba,mg
38045,-19.77178662392521,-47.95257102844943,uberaba,mg
38082,-19.74407500582838,-47.90288184540368,uberaba,mg
38017,-19.741322933666112,-47.92411475214959,uberaba,mg
38080,-19.745549349991308,-47.91802341771017,uberaba,mg
38035,-19.762348458341396,-47.90222723224095,uberaba,mg
38022,-19.762886766028046,-47.93858631709849,uberaba,mg
38072,-19.7309927149576,-47.91837575881467,uberaba,mg
38066,-19.73715956924808,-47.9403436851232,uberaba,mg
38060,-19.746147215890183,-47.94235360794509,uberaba,mg
38070,-19.731044422960803,-47.9220591241417,uberaba,mg
38065,-19.73866515681802,-47.93897911197998,uberaba,mg
38010,-19.749533408878825,-47.93445865708095,uberaba,mg
38026,-19.76541552484273,-47.92488118789315,uberaba,mg
38067,-19.73499138466115,-47.93223994793665,uberaba,mg
38015,-19.748711545934555,-47.93170301457096,uberaba,mg
38056,-19.73766481926288,-47.9878691899995,uberaba,mg
38036,-19.766692424923534,-47.90721823688614,uberaba,mg
38041,-19.7824995,-47.92378050000001,uberaba,mg
38020,-19.75408848542905,-47.9448606217035,uberaba,mg
38061,-19.743806661117187,-47.95807930099832,uberaba,mg
38081,-19.75639021259166,-47.91344352221699,uberaba,mg
38038,-19.76980385436833,-47.886430215341306,uberaba,mg
38055,-19.74937936073185,-47.97643393507943,uberaba,mg
38071,-19.727051678602333,-47.91761157646145,uberaba,mg
38031,-19.7738474454671,-47.92487492200934,uberaba,mg
38046,-19.795850304096405,-47.98758009027437,uberaba,mg
38064,-19.722099296540808,-47.95821057931269,uberaba,mg
38051,-19.76568365621507,-47.88917987807443,uberaba,mg
38073,-19.73619047100233,-47.902259823619374,uberaba,mg
38048,-19.77209501204315,-47.88787855118337,uberaba,mg
38183,-19.5910731707997,-46.945463447657474,araxa,mg
38184,-19.60662568649961,-46.943755496310565,araxa,mg
38140,-19.305543300980283,-48.93407917705181,prata,mg
38182,-19.612724470940563,-46.92442159204857,araxa,mg
38181,-19.571173048293257,-46.940679726851926,araxa,mg
38106,-19.750895955539487,-47.97486037062656,uberaba,mg
38185,-19.924202594904937,-46.822300816794105,tapira,mg
38300,-18.98771181521178,-49.471572121790736,ituiutaba,mg
38307,-18.990006189228637,-49.4801259100208,ituiutaba,mg
38304,-18.989720770726024,-49.455442218844496,ituiutaba,mg
38301,-18.952110419717076,-49.45749467634344,ituiutaba,mg
38350,-18.695286426815663,-49.94604353673166,ipiau,ba
38380,-18.71875676326473,-49.20007306774835,canport alegrelis,ba
38370,-18.51595684939367,-49.50041761672067,cachoeira dourada,go
38302,-18.966681191045687,-49.46005652699633,ituiutaba,mg
38305,-19.00924638713046,-49.48073836585528,ituiutaba,mg
38303,-18.979939665725,-49.440009380473,ituiutaba,mg
38308,-18.964834471133496,-49.49067432733844,ituiutaba,mg
38400,-18.91595976602804,-48.278974174995646,uberlandia,mg
38401,-18.882476025535222,-48.2792850313636,uberlandia,mg
38415,-18.90058003632284,-48.34411500838209,uberlandia,mg
38440,-18.65223568071188,-48.19343213192182,araguari,mg
38411,-18.939794605603343,-48.28780246390452,uberlandia,mg
38406,-18.877458268942235,-48.2336293148768,uberlandia,mg
38414,-18.94141413405276,-48.33714543949449,uberlandia,mg
38410,-18.952782820705167,-48.22771100805008,uberlandia,mg
38408,-18.925348871775626,-48.24236513543774,uberlandia,mg
38413,-18.93162565851085,-48.3023197700476,uberlandia,mg
38465,-18.43150846175249,-49.18426221598912,araport alegrera,mg
38425,-18.9700917378628,-48.27088206917875,uberlandia,mg
38405,-18.88799909186912,-48.260014632667776,uberlandia,mg
38412,-18.947539791563276,-48.29208537829649,uberlandia,mg
38475,-18.86616090544924,-48.87210874613179,monte alegre de minas,mg
38435,-18.430477995634625,-49.1851022828129,araport alegrera,mg
38441,-18.649232061367957,-48.20908388328193,araguari,mg
38402,-18.875795091869104,-48.27553126672053,uberlandia,mg
38480,-18.593283298780594,-48.706135928993646,tupaciguara,mg
38407,-18.915256718016018,-48.19413815875127,uberlandia,mg
38447,-18.63490864455322,-48.196701126463786,araguari,mg
38433,-18.89880063099997,-48.15751402999996,uberlandia,mg
38442,-18.643784093954583,-48.20804381879092,araguari,mg
38446,-18.661271127499028,-48.18276806455944,araguari,mg
38443,-18.629656907129696,-48.212668291977735,araguari,mg
38444,-18.63020066912271,-48.178446382597535,araguari,mg
38445,-18.63353062300692,-48.20056546000092,araguari,mg
38420,-18.87236203608074,-48.88097531628595,monte alegre de minas,mg
38490,-19.0359465666108,-47.91929577589147,indianoport alegrelis,mg
38421,-18.911490522147997,-48.26493287854661,uberlandia,mg
38430,-18.61093312328852,-48.68483280008832,tupaciguara,mg
38409,-18.931055707128944,-48.21430919648664,uberlandia,mg
38600,-17.211337793818256,-46.886436092783214,paracatu,mg
38649,-16.123651373852883,-45.73968023170167,urucuia,mg
38660,-15.630952013404428,-46.423522051644674,buritis,mg
38690,-14.95076980192409,-46.23304721756627,formoso,go
38606,-21.722318592418738,-43.396458056550046,paracatu,mg
38607,-17.22748667166242,-46.851186258268896,paracatu,mg
38603,-17.234481236021537,-46.881251042237785,paracatu,mg
38689,-15.298975124911456,-45.625979416474536,chapada gaucha,mg
38602,-17.225620668849547,-46.88239989219344,paracatu,mg
38702,-18.57822401746708,-46.5130299667096,patos de minas,mg
38755,-17.84753227253142,-46.51770895095981,lagoa grande,mg
38770,-17.74069805141251,-46.175478354989366,joao pinheiro,mg
38700,-18.60497691187199,-46.52154885505743,patos de minas,mg
38740,-18.96081539046384,-47.00148282201047,patrocinio,mg
38706,-18.61487175547595,-46.504639403393725,patos de minas,mg
38701,-18.577525746082078,-46.52839637738491,patos de minas,mg
38705,-18.595278550574,-46.50764426430048,patos de minas,mg
38747,-18.9460898157912,-46.98595529644953,patrocinio,mg
38703,-18.575402441317745,-46.482093941317736,patos de minas,mg
38748,-18.95952498623697,-46.99271091403679,patrocinio,mg
38742,-18.940462271669293,-47.00087784470037,patrocinio,mg
38741,-18.96954658044082,-47.00402950267802,patrocinio,mg
38744,-18.936470946272134,-46.98795947060204,patrocinio,mg
38743,-18.927534724067748,-47.00209586377364,patrocinio,mg
38745,-18.929062149309043,-46.96779112635011,patrocinio,mg
38717,-18.354052794572848,-46.85588925113451,pilar,al
38735,-18.964748999999948,-46.67578549999996,cruzeiro da fortaleza,mg
38775,-17.14962378633427,-45.8854863062756,joao pinheiro,mg
38738,-22.577144608477298,-44.945463699227936,cruzeiro da fortaleza,mg
38810,-19.20102270024556,-46.24812820360735,rio paranaiba,mg
38860,-19.034338896786643,-46.15534648824968,arapua,mg
38819,-19.67698928194328,-51.18893748495198,rio paranaiba,mg
38980,-19.890952984572813,-46.01866537220874,tapirai,mg
39237,-18.76554186718272,-44.91088685833432,felixlandia,mg
39270,-17.34199668040074,-44.94194241063118,piraport alegrera,mg
39243,-18.738383086726213,-44.35672528060546,inimutaba,mg
39220,-18.10327462917053,-44.25499486935512,augusto de lima,mg
39219,-18.10758216196943,-44.25580108277536,augusto de lima,mg
39238,-18.71128359784847,-45.15352142232712,felixlandia,mg
39248,-18.54448055122182,-44.59867947239583,morro da garca,mg
39245,-18.63856536292109,-44.05721629485832,presidente juscelino,ma
39300,-15.960293485904767,-44.85475706586318,sao francisco,mg
39315,-16.12451847301136,-45.737810206002806,urucuia,mg
39314,-15.295261973697658,-45.63002502177276,chapada gaucha,mg
39378,-16.081822511216718,-44.08254601912787,patis,mg
39363,-17.285083265375615,-43.94901617796793,engenheiro navarro,mg
39385,-18.573027421214245,-46.50153367546951,vista alegre,mg
39404,-16.682043505353082,-43.8286815604386,montes claros,mg
39400,-16.718833477927223,-43.8691627456287,montes claros,mg
39440,-15.818348788762345,-43.30447358658913,janauba,mg
39401,-16.717108517212292,-43.8071416039463,montes claros,mg
39403,-16.74508472799934,-43.88799563794789,montes claros,mg
39402,-16.736732832361938,-43.84157166279062,montes claros,mg
39445,-15.809570247423077,-43.31025704344642,janauba,mg
39442,-15.801856695856069,-43.31001567446647,janaba,mg
39408,-16.72081079339576,-43.88384558540237,montes claros,mg
39406,-16.75096677091682,-43.844661119075774,montes claros,mg
39447,-15.824913014407356,-43.299106123283714,janaba,mg
39417,-17.283211734979652,-43.94736460440497,engenheiro navarro,mg
39425,-16.080358372924447,-44.08046043251935,patis,mg
39407,-16.71658171809809,-43.87620493085885,montes claros,mg
39405,-16.671389999999974,-43.82746306799999,montes claros,mg
39540,-15.314330100462424,-42.0231821203146,sao joao do paraiso,ma
39660,-17.282408132645447,-42.73453294508607,turmalina,mg
39664,-21.77059918122806,-43.35523022384441,mendonca,mg
39715,-18.47740298440162,-42.30992137861601,virgolandia,mg
39703,-18.53151749757077,-42.61975734412236,cantagalo,mg
39716,-18.474657368586048,-42.30815461919688,virgolandia,mg
39802,-17.877614947753674,-41.50059971564279,teofilo otoni,mg
39801,-17.851690337506167,-41.49361034261445,teofilo otoni,mg
39803,-17.874759140381467,-41.51487387943194,teofilo otoni,mg
39800,-17.865523008551605,-41.50863332335645,teofilo otoni,mg
39804,-17.85563237928638,-41.51569800863798,teofilo otoni,mg
39990,-15.744199673094284,-41.46301308592789,aguas vermelhas,mg
39999,-15.526818160913251,-41.49423151340945,aguas vermelhas,mg
40080,-12.987171949272744,-38.5226816405163,salvador,ba
40060,-12.98237900541323,-38.51570591058,salvador,ba
40070,-12.98699785544264,-38.51245498913957,salvador,ba
40081,-12.994026725731842,-38.52739409510886,salvador,ba
40015,-12.9708237555356,-38.51182575978367,salvador,ba
40040,-12.979853212953032,-38.51357427720748,salvador,ba
40050,-12.972417660225032,-38.504379857917485,salvador,ba
40055,-12.971431320169538,-38.501911289786,salvador,ba
40010,-12.96991194432345,-38.51182971359837,salvador,ba
40020,-12.973857914795992,-38.511608290870775,salvador,ba
40045,-12.969904891549175,-38.50528612980954,salvador,ba
40025,-12.97777839162596,-38.51239800254831,salvador,ba
40024,-12.977664664985586,-38.51456157204609,salvador,ba
40130,-12.999676661953911,-38.52950608006811,salvador,ba
40100,-12.992846322234378,-38.515424102140905,salvador,ba
40140,-13.001442317790987,-38.528011057735554,salvador,ba
40150,-12.99925127241065,-38.52343720664663,salvador,ba
40110,-12.994623504271686,-38.51789215341735,salvador,ba
40170,-13.00853196855649,-38.50938418137108,salvador,ba
40155,-13.006714289933614,-38.51611048523236,salvador,ba
40157,-13.001306521784308,-38.5187707456287,salvador,ba
40105,-12.994577654452092,-38.512418112960944,salvador,ba
40240,-12.987561938946229,-38.50696697362805,salvador,ba
40220,-13.006665000000003,-38.49353774999999,salvador,ba
40255,-12.969784487650752,-38.49312773397196,salvador,ba
40270,-12.968337245732986,-38.49201656444151,salvador,ba
40296,-12.99585654646547,-38.47853583321261,salvador,ba
40290,-12.990582000000003,-38.49316108814621,salvador,ba
40279,-12.986938811558572,-38.46865713711119,salvador,ba
40286,-12.994218188729878,-38.48699554316458,salvador,ba
40250,-12.98013034253898,-38.49372539894672,salvador,ba
40280,-12.987439953084486,-38.46781884277795,salvador,ba
40231,-12.995484212331869,-38.50170886733221,salvador,ba
40285,-12.985620726066106,-38.49167649249818,salvador,ba
40260,-12.972089336112848,-38.49515681487679,salvador,ba
40230,-12.989747825656687,-38.50687444617604,salvador,ba
40243,-12.990463226579363,-38.49876206529916,salvador,ba
40265,-12.973807037191987,-38.4819239023025,salvador,ba
40295,-12.996202431040375,-38.48706511809684,salvador,ba
40251,-12.982129149545434,-38.487080596493655,salvador,ba
40210,-13.002096221791207,-38.5113687092304,salvador,ba
40283,-12.98844651624439,-38.49206836886142,salvador,ba
40276,-12.985195676540886,-38.48069117797647,salvador,ba
40226,-13.00383772687352,-38.51415324890217,salvador,ba
40241,-12.98036450929513,-38.49698047439544,salvador,ba
40221,-13.007300257299852,-38.49496799469102,salvador,ba
40252,-12.982290246945407,-38.49254168799179,salvador,ba
40275,-12.980149190105651,-38.49664295902651,salvador,ba
40223,-13.003804824888585,-38.49860901321154,salvador,ba
40253,-12.981665954463953,-38.48698932908981,salvador,ba
40213,-12.99502470996594,-38.509865225085136,salvador,ba
40254,-12.979393413209282,-38.489819712857376,salvador,ba
40215,-12.99642184822161,-38.5078455,salvador,ba
40245,-12.986254199477331,-38.50429298296129,salvador,ba
40349,-12.940280235356928,-38.48520757201804,salvador,ba
40310,-12.96096626894223,-38.48052396211551,salvador,ba
40342,-12.95077928439067,-38.48282433906511,salvador,ba
40354,-12.948459864784844,-38.47622394680549,salvador,ba
40320,-12.954118500029232,-38.493262519709454,salvador,ba
40335,-12.951206107487492,-38.48689936382062,salvador,ba
40391,-12.931732497886696,-38.47483024883027,salvador,ba
40321,-12.957502896607426,-38.48993655250399,salvador,ba
40301,-12.965242337497823,-38.50137047100232,salvador,ba
40355,-12.838908084644736,-38.47258528736823,salvador,ba
40315,-12.96300591618096,-38.48097676464305,salvador,ba
40393,-12.928097205301128,-38.48298345103416,salvador,ba
40353,-12.945002973510505,-38.47369080609594,salvador,ba
40325,-12.952462777684802,-38.49582396211551,salvador,ba
40300,-12.965678509468626,-38.49846112208738,salvador,ba
40375,-12.948901448034867,-38.49097888500738,salvador,ba
40323,-12.960072125454408,-38.49810826519133,salvador,ba
40330,-12.955363740854134,-38.478692418184416,salvador,ba
40366,-12.944871670552246,-38.48709953067111,salvador,ba
40390,-12.930526785391276,-38.47431037459038,salvador,ba
40370,-12.942858153759603,-38.493004950458754,salvador,ba
40340,-12.953999418024084,-38.48304604463721,salvador,ba
40385,-12.928924638300462,-38.47814511865296,salvador,ba
40368,-12.951288035946698,-38.49508799723486,salvador,ba
40365,-12.947939548675064,-38.487763618659336,salvador,ba
40352,-12.936650008050076,-38.48218214654624,salvador,ba
40302,-12.965602278848383,-38.49714967040158,salvador,ba
40350,-12.95096196121625,-38.476228075934,salvador,ba
40313,-12.964447991113202,-38.484746235356944,salvador,ba
40327,-12.942268827794893,-38.488867099698695,salvador,ba
40367,-12.945015562554442,-38.49202665693197,salvador,ba
40394,-12.925949272419372,-38.48232506810485,salvador,ba
40318,-12.96124176512096,-38.48818394304429,salvador,ba
40357,-12.945454231726142,-38.47616516375919,salvador,ba
40314,-12.962111458508838,-38.48780410851754,salvador,ba
40396,-12.884093213851958,-38.43363936832986,salvador,ba
40386,-12.923408984864404,-38.47615496216101,salvador,ba
40387,-12.92604449765674,-38.47869339140573,salvador,ba
40411,-12.94540307163948,-38.50132650342809,salvador,ba
40444,-12.935049999594176,-38.50387307859141,salvador,ba
40455,-12.936358241785712,-38.50000142002342,salvador,ba
40436,-12.921505067644604,-38.49901728274473,salvador,ba
40421,-12.916571703607287,-38.49537107308697,salvador,ba
40445,-12.94079433772401,-38.50070091206361,salvador,ba
40470,-12.921723498466193,-38.484962640001065,salvador,ba
40430,-12.928889252293818,-38.49946382292688,salvador,ba
40415,-12.929005424923533,-38.50985531848346,salvador,ba
40450,-12.929292000000004,-38.49211575,salvador,ba
40425,-12.926766886490809,-38.511809601448405,salvador,ba
40451,-12.940116905536929,-38.49686098450994,salvador,ba
40440,-12.92824634479132,-38.504999570326014,salvador,ba
40435,-12.927111466725682,-38.50093786040868,salvador,ba
40414,-12.930698659851792,-38.5116351189626,salvador,ba
40484,-12.913227471550586,-38.475725825696834,salvador,ba
40454,-12.930501834583634,-38.49286040590918,salvador,ba
40490,-12.899486277209752,-38.47956364882932,salvador,ba
40420,-12.915031064518278,-38.496432738790205,salvador,ba
40487,-12.918034844018692,-38.47929204662705,salvador,ba
40460,-12.962272405765654,-38.50470259654328,salvador,ba
40480,-12.920296197508405,-38.47950246303657,salvador,ba
40483,-12.92086527739086,-38.48206211694016,salvador,ba
40410,-12.945564022153734,-38.49797511731845,salvador,ba
40433,-12.94479347821568,-38.36710319608747,salvador,ba
40720,-12.867520683045733,-38.47377970858095,salvador,ba
40713,-12.95740779782861,-38.48358542718106,salvador,ba
40717,-12.89807010647986,-38.4850371638879,salvador,ba
40730,-12.850881282099074,-38.46607488878533,salvador,ba
40750,-12.862323,-38.47837499999999,salvador,ba
40725,-12.862400395781634,-38.47541198834324,salvador,ba
40710,-12.893834049799176,-38.4890151116576,salvador,ba
40715,-12.88663419642636,-38.47086785365416,salvador,ba
40735,-12.87067731090273,-38.47168206798466,salvador,ba
40760,-12.908246800924994,-38.35237065208191,salvador,ba
40726,-12.944353808876077,-38.37230252349923,salvador,ba
40718,-12.893354033343464,-38.476310088024086,salvador,ba
40731,-12.904871571110636,-38.42383689210404,salvador,ba
40711,-12.881830521659523,-38.4803564577846,salvador,ba
40740,-12.862952999999994,-38.47217849999999,salvador,ba
40800,-12.864922003962764,-38.46997982076327,salvador,ba
40820,-12.93777127951071,-38.45142374195162,salvador,ba
40810,-12.827956648699203,-38.47309903110588,salvador,ba
40830,-12.980919150563684,-38.51444954159364,salvador,ba
41181,-12.948973826771525,-38.44396744212603,salvador,ba
41100,-12.9668746207144,-38.462215490099865,salvador,ba
41194,-12.957880475192557,-38.44579493975338,salvador,ba
41192,-12.956341271233317,-38.4532040743222,salvador,ba
41180,-12.956718377638367,-38.45490386219466,salvador,ba
41152,-12.96185002189724,-38.46862252241677,salvador,ba
41150,-12.961183583362743,-38.4704046479672,salvador,ba
41120,-12.970993735430158,-38.45677524884366,salvador,ba
41195,-12.944598834035713,-38.45884797032538,salvador,ba
41130,-12.97475359838998,-38.4543338315252,salvador,ba
41197,-12.944966780860591,-38.46176431769074,salvador,ba
41185,-12.95240126667486,-38.46470410380277,salvador,ba
41110,-12.974664552687448,-38.46106092676014,salvador,ba
41190,-12.947793595448337,-38.467939412902346,salvador,ba
41204,-12.944695704685811,-38.46319257077729,salvador,ba
41205,-12.939012000000002,-38.4465015,salvador,ba
41250,-12.936081256574193,-38.43500426506672,salvador,ba
41245,-12.914409453891103,-38.43994021531397,salvador,ba
41280,-12.91471740191968,-38.46728949703022,salvador,ba
41270,-13.00713415719866,-38.485741815769046,salvador,ba
41207,-12.94111814627751,-38.45085340701846,salvador,ba
41213,-12.929672913250002,-38.44511436823591,salvador,ba
41230,-12.921581159769474,-38.464732715141416,salvador,ba
41215,-12.933204341908628,-38.43798199742742,salvador,ba
41225,-12.930733805301784,-38.45860569666184,salvador,ba
41231,-12.931709806568607,-38.46095617332256,salvador,ba
41211,-12.947101876814546,-38.44470858198531,salvador,ba
41260,-12.929117521784312,-38.4145250342778,salvador,ba
41200,-12.94904576369769,-38.45839637121851,salvador,ba
41295,-12.896183868909452,-38.46134414960981,salvador,ba
41275,-12.927381239146472,-38.46941839608358,salvador,ba
41253,-12.927427828284763,-38.44039224833437,salvador,ba
41235,-12.940124472017285,-38.44482335406331,salvador,ba
41214,-12.92968855584357,-38.44642562684555,salvador,ba
41219,-12.9277313192659,-38.45650650094927,salvador,ba
41218,-12.93900503404254,-38.44291413617016,salvador,ba
41290,-12.901796861905076,-38.46360893604487,salvador,ba
41227,-12.931700230605855,-38.46953528663901,salvador,ba
41297,-12.902963286402542,-38.46836096883504,salvador,ba
41233,-12.911043003923,-38.45247280788594,salvador,ba
41291,-12.927207203424198,-38.45725105147165,salvador,ba
41247,-12.91564635660932,-38.446341984969074,salvador,ba
41220,-12.935997,-38.45995875,salvador,ba
41210,-12.948853992075843,-38.44756199973345,salvador,ba
41217,-12.93396061072663,-38.43870462962258,salvador,ba
41285,-12.915325896474116,-38.47098758174155,salvador,ba
41262,-12.925222891191456,-38.406961710177455,salvador,ba
41340,-12.893110695503225,-38.41118218329711,salvador,ba
41322,-12.904492479273948,-38.42584569649417,salvador,ba
41351,-12.917248346069297,-38.404749391278365,salvador,ba
41385,-12.913056240603789,-38.428588370203535,salvador,ba
41339,-12.89000245694849,-38.40072523449346,salvador,ba
41315,-12.901041432075605,-38.44851996133236,salvador,ba
41349,-12.83821510603725,-38.458456838595886,salvador,ba
41320,-12.900442499999992,-38.44023299999999,salvador,ba
41310,-12.893840999999991,-38.43390375,salvador,ba
41311,-12.88645071785032,-38.468773675219694,salvador,ba
41390,-12.911321475827211,-38.43768574507242,salvador,ba
41386,-12.913821459180404,-38.43418350243133,salvador,ba
41370,-12.907941514046358,-38.41710004538715,salvador,ba
41342,-12.9018594223365,-38.404765463046026,salvador,ba
41321,-12.90443640966009,-38.39667194171619,salvador,ba
41341,-12.88733550456729,-38.408293958835934,salvador,ba
41350,-12.920419271457344,-38.41573418163546,salvador,ba
41330,-12.884209748736687,-38.4336125012357,salvador,ba
41307,-12.953794914774546,-38.456959554718345,salvador,ba
41300,-12.856869329256275,-38.43936017983974,salvador,ba
41335,-12.894407196931818,-38.41748107045469,salvador,ba
41387,-12.971313,-38.51403626903063,salvador,ba
41336,-12.935756999999946,-38.43447199999997,salvador,ba
41308,-12.93596607780133,-38.49576841564689,salvador,ba
41345,-12.920842243341871,-38.37384323408606,salvador,ba
41388,-12.915592401467269,-38.424262546443885,salvador,ba
41306,-12.957562147091236,-38.48638155872629,salvador,ba
41343,-12.90444847620057,-38.39407314300853,salvador,ba
41301,-12.87882745222535,-38.438754805326994,salvador,ba
41338,-12.89710733650625,-38.41508404262296,salvador,ba
41305,-12.877195365726854,-38.43611509718055,salvador,ba
41337,-12.900693384728598,-38.35737489770007,salvador,ba
41333,-12.891104287649114,-38.43492649083625,salvador,ba
41334,-12.897775446707156,-38.425069481142536,salvador,ba
41410,-12.975611673399277,-38.434644303198965,salvador,ba
41490,-12.899295938010422,-38.41756761729419,salvador,ba
41480,-12.92147146220729,-38.3700553140468,salvador,ba
41402,-12.956515481538665,-38.49896818615727,salvador,ba
41483,-12.900099127172016,-38.35122942758331,salvador,ba
41400,-12.98782840595161,-38.48307733570081,salvador,ba
41500,-12.9154005,-38.35595025000001,salvador,ba
41502,-12.898936693464096,-38.3597569814915,salvador,ba
41510,-12.913388098534217,-38.3535914984708,salvador,ba
41520,-12.913447600677282,-38.33498496179896,salvador,ba
41505,-12.839271351669945,-38.46773815306493,salvador,ba
41515,-12.932867538919195,-38.376991923790655,salvador,ba
41590,-12.999659196231702,-38.46191865681802,salvador,ba
41650,-12.94891394169844,-38.37875335542604,salvador,ba
41680,-12.951849983601576,-38.40262950983905,salvador,ba
41635,-12.918456851184184,-38.35272390509517,salvador,ba
41630,-12.83613350882616,-38.47170587279346,salvador,ba
41620,-12.936672000000002,-38.363399999999984,salvador,ba
41640,-12.9350011688768,-38.37343053154256,salvador,ba
41600,-12.940907742910326,-38.33556312574039,salvador,ba
41613,-12.95780165962436,-38.395063974245375,salvador,ba
41610,-12.944705411651196,-38.3619680883488,salvador,ba
41603,-12.926002034133557,-38.31778474187781,salvador,ba
41615,-12.93948138273989,-38.37291197307979,salvador,ba
41611,-12.939186287291088,-38.36015762999072,salvador,ba
41612,-12.946099557591308,-38.37794265375959,salvador,ba
41651,-12.95260852581182,-38.390169774810886,salvador,ba
41681,-12.96190845930484,-38.40685449252096,salvador,ba
41750,-12.99195623342369,-38.44280419178832,salvador,ba
41701,-12.94150972522938,-38.40461312683939,salvador,ba
41760,-12.993606649460428,-38.44499495337294,salvador,ba
41720,-12.973746698857436,-38.43905887177561,salvador,ba
41705,-12.977729586177508,-38.43646795373564,salvador,ba
41706,-12.995208,-38.44161675000001,salvador,ba
41740,-12.95671224530958,-38.40792767251398,salvador,ba
41710,-12.97032675076461,-38.42419351748515,salvador,ba
41745,-12.93145544768877,-38.40926859627693,salvador,ba
41770,-12.979645413776984,-38.44513962533874,salvador,ba
41730,-12.937108759223412,-38.35606547385594,salvador,ba
41741,-12.970153992000766,-38.41364598491432,salvador,ba
41717,-12.876501604218362,-38.335573927837714,lauro de freitas,ba
41815,-12.995364688037398,-38.46204192783773,salvador,ba
41830,-13.00486273633788,-38.46539390896759,salvador,ba
41810,-12.99286035292836,-38.45139313957492,salvador,ba
41825,-12.997320103132653,-38.46472077109895,salvador,ba
41820,-12.98158709241737,-38.45526521634257,salvador,ba
41800,-12.983063911657196,-38.46630596306982,salvador,ba
41915,-13.00735750735759,-38.48017827921401,salvador,ba
41940,-13.01436801389564,-38.48652807924521,salvador,ba
41950,-13.008081859327898,-38.494619993061455,salvador,ba
41905,-13.007651232819402,-38.472539564239405,salvador,ba
41925,-13.001595722551336,-38.47603896705573,salvador,ba
41920,-13.005107999999996,-38.4811245,salvador,ba
41900,-13.01166646433722,-38.47385550207748,salvador,ba
41927,-13.006495173814171,-38.47677491254768,salvador,ba
41906,-13.0114418426315,-38.48000096629509,salvador,ba
41970,-13.002054233971949,-38.50359638412488,salvador,ba
41980,-13.010146826533555,-38.4955072178718,salvador,ba
41941,-13.01266201760238,-38.47951718977216,salvador,ba
42702,-12.893506795316291,-38.319974467390125,lauro de freitas,ba
42701,-12.889416101304178,-38.30572730322004,lauro de freitas,ba
42700,-12.879225388531204,-38.29339205549424,lauro de freitas,ba
42709,-12.874664723757968,-38.29029066875213,lauro de freitas,ba
42722,-12.885676557528845,-38.33909598537307,lauro de freitas,ba
42703,-12.897535006445706,-38.32342520680013,lauro de freitas,ba
42710,-12.871531096847065,-38.289259570728646,lauro de freitas,ba
42712,-12.902950756033563,-38.33502477748061,lauro de freitas,ba
42739,-12.890113973874652,-38.35113726109743,lauro de freitas,ba
42706,-12.89899985047688,-38.30105161145312,lauro de freitas,ba
42738,-12.895112589380958,-38.33895999999978,lauro de freitas,ba
42711,-12.867804672619783,-38.31983025892861,lauro de freitas,ba
42708,-12.880969740864392,-38.29507287413993,lauro de freitas,ba
42707,-12.892700504299164,-38.30285442838597,lauro de freitas,ba
42740,-12.883748041822018,-38.3526262261574,lauro de freitas,ba
42721,-12.887771336083242,-38.34189179860263,lauro de freitas,ba
42704,-12.900307547319532,-38.313174336805325,lauro de freitas,ba
42713,-12.867606928742438,-38.30305273779037,lauro de freitas,ba
42705,-12.893026430289554,-38.308611747370605,lauro de freitas,ba
42714,-12.870308650845406,-38.30504403136359,lauro de freitas,ba
42717,-12.878407069103842,-38.33721719193253,lauro de freitas,ba
42733,-12.841390176094643,-38.33842602029398,lauro de freitas,ba
42800,-12.703900871300451,-38.326472028106345,camacari,ba
42808,-12.685733947638388,-38.3321562272092,camacari,ba
42804,-12.723178662794815,-38.33144803755876,camacari,ba
42805,-12.687796434987362,-38.325381032966334,camacari,ba
42807,-12.694477161236794,-38.330413577760005,camacari,ba
42801,-12.704941893152483,-38.31228328064262,camacari,ba
42810,-12.6507615583039,-38.30348556023128,camacari,ba
42802,-12.714722715644433,-38.3142454522893,camacari,ba
42806,-12.701576719261697,-38.33374926930127,camacari,ba
42803,-12.72438607587532,-38.31871527836896,camacari,ba
42849,-12.764134571033452,-38.32269380781166,camacari,ba
42827,-12.660831000000002,-38.0909115,camacari,ba
43815,-12.669106414261345,-38.537950572415134,candeias,ba
43805,-12.669430065675703,-38.546680639215566,candeias,ba
43810,-12.657465563220692,-38.54873596962139,candeias,ba
43813,-12.66814043944192,-38.51575506055807,candeias,ba
43820,-12.675396182499384,-38.54035780812343,candeias,ba
43825,-12.678220797631704,-38.53777526971047,candeias,ba
43806,-12.65598546513848,-38.53380135660944,candeias,ba
44009,-12.252350999999944,-38.98326499999996,feira de santana,ba
44050,-12.23425674271452,-38.953730116019344,feira de santana,ba
44034,-12.194275433292573,-38.98798620791332,feira de santana,ba
44004,-12.263385478215689,-38.966871158895486,feira de santana,ba
44091,-12.287488263402311,-38.95425630806746,feira de santana,ba
44056,-12.225319704968523,-38.94806634596223,feira de santana,ba
44003,-12.26502849653755,-38.956033089647406,feira de santana,ba
44020,-12.240076500000004,-38.96734725,feira de santana,ba
44051,-12.24864788980902,-38.95355596794391,feira de santana,ba
44032,-12.229823999999947,-38.97430549999996,feira de santana,ba
44053,-12.248846000198776,-38.97653313648826,feira de santana,ba
44088,-12.275655592466896,-38.95602104421829,feira de santana,ba
44062,-12.267751560208184,-38.95655175,feira de santana,ba
44089,-12.27586722208878,-38.94662510401029,feira de santana,ba
44057,-12.215230696965168,-38.938772747019954,feira de santana,ba
44059,-12.20427899999999,-38.95149374999998,feira de santana,ba
44006,-12.28252945268046,-38.973712500000005,feira de santana,ba
44085,-12.25560541271852,-38.92030328864908,feira de santana,ba
44077,-12.258025438253734,-38.9416232828207,feira de santana,ba
44024,-12.244947317790988,-38.98031811740434,feira de santana,ba
44066,-12.227479784898174,-38.93904069164408,feira de santana,ba
44090,-12.279680884817369,-38.95237951387847,feira de santana,ba
44095,-12.29841979842817,-38.93830938526735,feira de santana,ba
44065,-12.23756465915622,-38.93682574502732,feira de santana,ba
44076,-12.25971712034156,-38.95150193054821,feira de santana,ba
44075,-12.252960554320213,-38.95298549915851,feira de santana,ba
44001,-12.255025442574611,-38.96569201176267,feira de santana,ba
44071,-12.242893737042516,-38.93215339402779,feira de santana,ba
44007,-12.263934080776172,-38.98329396093864,feira de santana,ba
44002,-12.248541681316151,-38.97197508256521,feira de santana,ba
44054,-12.221791826533549,-38.96251667277394,feira de santana,ba
44036,-12.189778554532891,-38.96682191035259,feira de santana,ba
44005,-12.270755462342908,-38.97167381258126,feira de santana,ba
44078,-12.268937999999944,-38.930083999999965,feira de santana,ba
44031,-12.229411193388666,-38.97987350810943,feira de santana,ba
44023,-12.251390301690824,-38.97488576894224,feira de santana,ba
44022,-12.232639519562609,-38.98398662836862,feira de santana,ba
44033,-12.219344161809689,-38.97268164876794,feira de santana,ba
44044,-12.213049857318904,-38.99044948886618,feira de santana,ba
44021,-12.241961717179295,-38.96893132070517,feira de santana,ba
44052,-12.24615569663574,-38.94566629447746,feira de santana,ba
44008,-12.253906184286487,-38.982586458364615,feira de santana,ba
44094,-12.277955999999946,-38.93351299999995,feira de santana,ba
44082,-12.263456068378396,-38.9293114047869,feira de santana,ba
44086,-12.254971180133833,-38.90266648904413,feira de santana,ba
44028,-12.23499463780366,-38.9795726261469,feira de santana,ba
44013,-12.282669829167665,-38.98660953492665,feira de santana,ba
44092,-12.30284374922198,-38.95433153137717,feira de santana,ba
44096,-12.295318599774966,-38.91742344033121,feira de santana,ba
44072,-12.241659524820069,-38.90511412016907,feira de santana,ba
44067,-12.236089997778295,-38.921212561746266,feira de santana,ba
44073,-12.243870000000005,-38.890215,feira de santana,ba
44079,-12.272213999999943,-38.92221799999996,feira de santana,ba
44055,-12.209053540146064,-38.962473554744754,feira de santana,ba
44010,-12.291760930933687,-38.968856061811,feira de santana,ba
44063,-12.280587580068126,-38.95895129516995,feira de santana,ba
44045,-12.248425817821646,-38.94855376942198,feira de santana,ba
44061,-12.220504136065228,-38.96520031959313,feira de santana,ba
44046,-12.197919305210382,-38.990810546503305,feira de santana,ba
44070,-12.263958471002326,-38.943032201915855,feira de santana,ba
44025,-12.24728934026778,-38.98931136511053,feira de santana,ba
44035,-12.19426189435672,-38.98818405101609,feira de santana,ba
44097,-12.313770364665078,-38.8972371675691,feira de santana,ba
44043,-12.243345496249088,-38.9436927485429,feira de santana,ba
44042,-12.215406854263302,-38.99651630445348,feira de santana,ba
44018,-12.245636650297143,-38.97030334970286,feira de santana,ba
44030,-12.220335209273449,-38.99636584554789,feira de santana,ba
44038,-12.234716209574728,-38.95185389024473,feira de santana,ba
44019,-12.247893325004348,-38.98842651471519,feira de santana,ba
44150,-11.957039857108867,-38.97326496102103,santa barbara,ba
44200,-12.548774551976832,-38.71258824955349,santo amaro,ba
44280,-12.304876450822585,-38.63967132748961,teodoro sampaio,sp
44270,-12.394394307759336,-38.6262354709915,terra nova,ba
44400,-13.024739772234735,-39.03807364945823,nazare,ba
44470,-12.957307643153902,-38.60683185817536,vera cruz,ba
44570,-12.976625709087005,-39.26125341212673,santo antonio de jesus,ba
44572,-12.974670503474105,-39.273167347680925,santo antonio de jesus,ba
44573,-12.964866927575956,-39.24529669554492,santo antonio de jesus,ba
44571,-12.967481745660082,-39.26316308671777,santo antonio de jesus,ba
44574,-12.976895206207752,-39.25308429656357,santo antonio de jesus,ba
44590,-12.772011128048652,-39.51860126671661,santa terezinha,ba
44600,-12.157899638207386,-39.7404365008309,ipira,ba
44642,-11.60921626746858,-39.62708785643596,nova fatima,ba
44775,-10.74248367715116,-40.13498827655869,filadelfia,ba
44890,-11.689538393362112,-41.77150624401155,canarana,ba
44895,-11.762946537705693,-41.90726687365007,barro alto,ba
44800,-11.863209252369307,-40.4704600448468,mundo novo,ba
44930,-11.295027211364394,-41.98903689950129,presidente dutra,ba
44925,-11.04328739010026,-41.97076180289826,jussara,ba
44915,-11.229782874725764,-41.87801392498291,sao gabriel,ba
45023,-14.866822005828382,-40.84460155591787,vitoria da conquista,ba
45077,-14.841803361171133,-40.87162777910349,vitoria da conquista,ba
45028,-14.859266906639837,-40.817382610599694,vitoria da conquista,ba
45026,-14.8893525,-40.84248825000001,vitoria da conquista,ba
45002,-14.845057975934148,-40.8421127340576,vitoria da conquista,ba
45078,-14.831473500000005,-40.88558250000001,vitoria da conquista,ba
45000,-14.850040620318518,-40.841375171100495,vitoria da conquista,ba
45052,-14.85362699999996,-40.86804350199998,vitoria da conquista,ba
45037,-14.904836528997675,-40.83759016763807,vitoria da conquista,ba
45065,-14.874607574110652,-40.86328028591053,vitoria da conquista,ba
45051,-14.855251652894076,-40.85233870763861,vitoria da conquista,ba
45055,-14.846698538003023,-40.8478507013786,vitoria da conquista,ba
45085,-14.83967263113856,-40.84760791173756,vitoria da conquista,ba
45020,-14.862176465722202,-40.83593563988115,vitoria da conquista,ba
45005,-14.852630860050857,-40.832755226519616,vitoria da conquista,ba
45075,-14.83362613643365,-40.858744842705946,vitoria da conquista,ba
45027,-14.888989891999929,-40.82496999999995,vitoria da conquista,ba
45012,-14.85233724753589,-40.80917893318782,vitoria da conquista,ba
45003,-14.842024271163934,-40.83530675062037,vitoria da conquista,ba
45031,-14.885273216052315,-40.81169630644635,vitoria da conquista,ba
45035,-14.840532422852752,-40.8425945888069,vitoria da conquista,ba
45015,-14.847990580068124,-40.84578142492353,vitoria da conquista,ba
45053,-14.866486796923985,-40.87074687505298,vitoria da conquista,ba
45029,-14.875675438038172,-40.81060677124288,vitoria da conquista,ba
45095,-14.908489803772444,-40.84039442091319,vitoria da conquista,ba
45025,-14.850763260892156,-40.85236215266309,vitoria da conquista,ba
45009,-14.852563999999973,-40.81262113499997,vitoria da conquista,ba
45050,-14.860320589791645,-40.82071878781236,vitoria da conquista,ba
45070,-14.845999999999949,-40.891556348999984,vitoria da conquista,ba
45010,-14.854633354982964,-40.847342306826704,vitoria da conquista,ba
45089,-14.828166000000005,-40.82744025,vitoria da conquista,ba
45066,-14.886274777684806,-40.86291421357262,vitoria da conquista,ba
45061,-14.883764195911509,-40.87073831087274,vitoria da conquista,ba
45079,-14.842201214887364,-40.890733087959184,vitoria da conquista,ba
45058,-14.930478,-40.88709225,vitoria da conquista,ba
45008,-14.817119999999932,-40.77610999999996,vitoria da conquista,ba
45190,-14.671732164127372,-40.47284764797974,planalto,ba
45140,-15.244950346861597,-40.62066759839507,itambe,ba
45195,-23.70345931883679,-46.56721847621084,planalto,ba
45104,-14.879821077931007,-40.8912119947358,vitoria da conquista,ba
45208,-13.860650975558046,-40.06849338679207,jequie,ba
45200,-13.862727524363388,-40.08964220300229,jequie,ba
45201,-13.857271358009712,-40.095217177065656,jequie,ba
45203,-13.851904611327312,-40.07807096959195,jequie,ba
45210,-13.86935073199993,-40.082145509999975,jequi,ba
45202,-13.865051682241337,-40.12393693168299,jequie,ba
45205,-13.8674263169011,-40.06839402817575,jequie,ba
45206,-13.877879666891788,-40.0624497606399,jequie,ba
45204,-13.85651383288314,-40.05666666107013,jequie,ba
45211,-13.87023415540554,-40.10340823674647,jequi,ba
45209,-13.871931419340156,-40.06643550785385,jequie,ba
45207,-13.869193938980375,-40.05450950077196,jequie,ba
45315,-12.866442174990429,-39.86301764824578,milagres,ba
45320,-13.295945239037316,-39.82063913962193,santa ines,ma
45400,-13.37094734588704,-39.07229361087708,valenca,rj
45430,-13.530885128553676,-39.10677156996452,taperoa,ba
45530,-14.274911470763398,-38.99703199903161,itacare,ba
45570,-14.131133999999996,-39.73698674999999,ipiau,ba
45520,-14.105039296660694,-39.01580595472984,marau,ba
45534,-14.277952102631142,-38.995374147173415,itacare,ba
45656,-14.820535612979878,-39.03132950572518,ilhus,ba
45603,-14.7833551157309,-39.26954106535293,itabuna,ba
45602,-14.78602840827512,-39.28851111073923,itabuna,ba
45604,-14.766503521784308,-39.2613705,itabuna,ba
45611,-14.814590518757525,-39.31088684029855,itabuna,ba
45653,-14.798806547762371,-39.034753949665095,ilhus,ba
45650,-14.79049472559921,-39.04261060073353,ilheus,ba
45600,-14.796809086375712,-39.28396585654028,itabuna,ba
45606,-14.810505335527624,-39.26821075347682,itabuna,ba
45608,-14.812353324456089,-39.27819235928215,itabuna,ba
45658,-14.792528695183035,-39.05847824149158,ilheus,ba
45613,-14.784002377307608,-39.26152874148303,itabuna,ba
45657,-14.828222999999944,-39.03246349999995,ilheus,ba
45651,-14.789000770292926,-39.04466706181576,ilheus,ba
45655,-14.81960123333446,-39.026598971929936,ilheus,ba
45605,-14.799996670552249,-39.26890277699232,itabuna,ba
45654,-14.813808032221791,-39.03366385543524,ilheus,ba
45662,-14.797068935351003,-39.0328900703048,ilheus,ba
45607,-14.8127254052167,-39.27498269663575,itabuna,ba
45622,-15.189915969518989,-39.49538167111002,jussari,ba
45652,-14.786944848019736,-39.03452182595588,ilheus,ba
45601,-14.811269424534586,-39.294158675160894,itabuna,ba
45610,-15.19162506791868,-39.49465377360439,jussari,ba
45661,-14.800401522999948,-39.06818315099997,ilheus,ba
45821,-16.36031750905469,-39.59120263500393,eunaport alegrelis,ba
45823,-16.323948431771136,-39.57305246217545,eunaport alegrelis,ba
45820,-16.37787453533949,-39.58753930062822,eunaport alegrelis,ba
45800,-15.862078637260714,-38.87762372118182,belmonte,ba
45828,-16.370771068590113,-39.57083695161823,eunaport alegrelis,ba
45822,-16.360734668391373,-39.590633030620445,eunaport alegrelis,ba
45830,-16.377468428999975,-39.57671805299998,eunaport alegrelis,ba
45865,-15.431588999999995,-39.33232875,santa luzia,mg
45825,-16.36759557521433,-39.56816445631807,eunaport alegrelis,ba
45829,-16.386515999999993,-39.5819415,eunaport alegrelis,ba
45824,-16.367638636879693,-39.57364822163566,eunaport alegrelis,ba
45985,-17.535750755701727,-39.74539586881596,teixeira de freitas,ba
45987,-17.53748066658315,-39.73998070475559,teixeira de freitas,ba
45990,-17.544689915540296,-39.732032076125,teixeira de freitas,ba
45986,-17.52425531209008,-39.7686386514307,teixeira de freitas,ba
45995,-17.532113159516918,-39.74654461560601,teixeira de freitas,ba
45993,-17.533425408961115,-39.75252812164088,teixeira de freitas,ba
45994,-17.530789975548146,-39.76235742240667,teixeira de freitas,ba
45992,-17.543541535226055,-39.74327274908316,teixeira de freitas,ba
45991,-17.561900518882013,-39.74438214149063,teixeira de freitas,ba
45989,-17.54064280153136,-39.71170153771673,teixeira de freitas,ba
45997,-17.544021819198743,-39.735654225982486,teixeira de freitas,ba
45988,-17.53507500240644,-39.72855300240645,teixeira de freitas,ba
45998,-17.540705430609286,-39.74901898166358,teixeira de freitas,ba
45968,-17.452539769992867,-39.95006450115038,itupeva,ba
45996,-17.53271042770942,-39.73562214667267,teixeira de freitas,ba
46225,-14.206466879743363,-42.11759109424941,ibitira,ba
46470,-13.614511062182782,-42.940814015598654,riacho de santana,ba
46730,-12.813887999999944,-42.16301449999997,novo horizonte,ba
46820,-11.97235583122826,-41.26406952264281,bonito,ba
46800,-12.286438949954182,-40.50143616163704,ruy barbosa,ba
47655,-13.625227477861175,-44.46683959549042,jaborandi,ba
47730,-13.072798461589183,-44.20205075640178,canport alegrelis,ba
47700,-12.981217696833912,-44.04652544386415,santana,ap
47800,-12.147030551377815,-44.99609163741842,barreiras,ba
47802,-12.130004155594662,-44.976010609160376,barreiras,ba
47806,-12.152841337963048,-44.99066031483059,barreiras,ba
47810,-12.144615065808216,-45.00884374690045,barreiras,ba
47803,-12.149819055140773,-44.994249692154,barreiras,ba
47807,-12.155921317922362,-44.98813958094812,barreiras,ba
47801,-12.157045223182498,-44.99950649822065,barreiras,ba
47808,-12.151330103797862,-45.00463781591117,barreiras,ba
47813,-12.169859806853127,-44.988369250768905,barreiras,ba
47805,-12.147001184807044,-44.99833629342452,barreiras,ba
47814,-12.948500507698975,-38.46063227264888,barreiras,ba
47804,-12.157029533964364,-44.99315109230259,barreiras,ba
48080,-12.131446680472528,-38.43135914903751,alagoinhas,ba
48010,-12.136210232262073,-38.42120394645241,alagoinhas,ba
48020,-12.13335902462911,-38.41485752462909,alagoinhas,ba
48005,-12.137507964605874,-38.41870742459835,alagoinhas,ba
48050,-12.139655846254026,-38.42905102899015,alagoinhas,ba
48030,-12.138508627301244,-38.41393419500347,alagoinhas,ba
48060,-12.13888743527066,-38.43808292034538,alagoinhas,ba
48090,-12.124264628592826,-38.430801108071904,alagoinhas,ba
48040,-12.121983431972437,-38.415176819724365,alagoinhas,ba
48070,-12.129450609759331,-38.4441820751171,alagoinhas,ba
48031,-12.151531044479942,-38.4178163659543,alagoinhas,ba
48011,-12.12371008571342,-38.41580130084818,alagoinhas,ba
48051,-12.158469906248785,-38.42335910130202,alagoinhas,ba
48071,-12.130555150323756,-38.44074642393191,alagoinhas,ba
48000,-12.13944142250762,-38.42297614758382,alagoinhas,ba
48180,-11.93374395050816,-38.09763418045133,entre rios,ba
48280,-12.52815758562462,-38.29617604710042,mata de sao joao,ba
48289,-12.57536932342873,-38.00267348835045,mata de sao joao,ba
48300,-11.815260158431924,-37.614290054051565,conde,ba
48350,-11.660018836004824,-38.07711057148508,aport alegrera,ba
48310,-11.56661057291231,-37.78360592761994,jandaira,ba
48355,-11.716065903961772,-38.227774780029016,aport alegrera,ba
48415,-10.593428741430644,-38.21321108935101,fatima,ba
48609,-9.400650893343569,-38.22373606219534,paulo afonso,ba
48610,-9.342125539689915,-38.2557504058483,gloria,ba
48605,-9.389995384239766,-38.227672721758765,paulo afonso,ba
48611,-9.452597811326292,-38.21119110560457,paulo afonso,ba
48601,-9.405860466685551,-38.21906311985151,paulo afonso,ba
48607,-9.387333218003915,-38.223152656978414,paulo afonso,ba
48603,-9.407507768752575,-38.22499988043789,paulo afonso,ba
48608,-9.4047445890184,-38.22810327246826,paulo afonso,ba
48604,-9.4006975964457,-38.23669262369535,paulo afonso,ba
48602,-9.40277511689584,-38.21976438394056,paulo afonso,ba
48606,-9.383224499999994,-38.21253525,paulo afonso,ba
48620,-9.342964046538311,-38.26059504810139,gloria,ba
48700,-11.65863269984178,-39.002802502871695,serrinha,ba
48790,-10.960619571867698,-38.78738239695715,tucano,ba
48730,-11.562045316983504,-39.29494232788801,conceio do coit,ba
48793,-11.027780139903946,-38.791894904061046,tucano,ba
48745,-12.24038638135491,-38.93229404440533,conceio do coit,ba
48860,-10.978033500000004,-39.62923875,queimadas,ba
48895,-11.462450913070407,-39.52558511603,sao domingos,ba
48904,-9.41613081904647,-40.49611545969129,juazeiro,ba
48903,-9.418293471519076,-40.50314562847067,juazeiro,ba
48900,-9.43077319936269,-40.50362722887868,juazeiro,ba
48925,-9.470911017288213,-40.826889715744365,sobradinho,df
48960,-10.259799683996796,-40.19682087023414,jaguarari,ba
48905,-9.41607599375542,-40.49660607987629,juazeiro,ba
48914,-9.42362363876918,-40.52267413408607,juazeiro,ba
48907,-9.4251465,-40.50990899999999,juazeiro,ba
48909,-9.459222900376412,-40.51372979128686,juazeiro,ba
48902,-9.41558346978749,-40.51307676187342,juazeiro,ba
48906,-9.44355547578923,-40.49157818231235,juazeiro,ba
48901,-9.435585506737755,-40.49095514839537,juazeiro,ba
48908,-9.47198099969856,-40.49687763846474,juazeiro,ba
48913,-9.452400905207126,-40.514550974327136,juazeiro,ba
48916,-9.417187809052557,-40.51471886030379,juazeiro,ba
48967,-10.332137888567775,-40.15330692412231,jaguarari,ba
49010,-10.910514518754546,-37.05240077699233,aracaju,se
49047,-10.9268145,-37.07106300000001,aracaju,se
49030,-10.970164794304576,-37.061643830745815,aracaju,se
49048,-10.94018353173898,-37.07085024271453,aracaju,se
49050,-10.927157352800547,-37.06307868960052,aracaju,se
49015,-10.923370500160772,-37.04516915038051,aracaju,se
49045,-10.930406582318476,-37.06717849362336,aracaju,se
49052,-10.922973517889163,-37.05775250291418,aracaju,se
49044,-10.992080999999946,-37.10347099999996,aracaju,se
49072,-10.89597143104038,-37.07026082653354,aracaju,se
49042,-10.969607999999935,-37.08590958499997,aracaju,se
49035,-10.97710746932889,-37.04448972344036,aracaju,se
49051,-10.928863843470436,-37.061025822349954,aracaju,se
49025,-10.93845747328291,-37.06200040883412,aracaju,se
49065,-10.898675140152289,-37.05256178797201,aracaju,se
49020,-10.931468792688452,-37.05537365765475,aracaju,se
49004,-11.098891364520908,-37.14535088143867,aracaju,se
49027,-10.939744632552204,-37.06410436744778,aracaju,se
49095,-11.064352443890344,-37.10614348991408,aracaju,se
49032,-10.979779652778644,-37.05482801096426,aracaju,se
49026,-10.939026624363164,-37.054380862008905,aracaju,se
49085,-10.904067197905142,-37.08847557438397,aracaju,se
49031,-10.975267078827375,-37.06287327713655,aracaju,se
49082,-10.91013815404806,-37.083197409660094,aracaju,se
49092,-11.085487091028408,-37.14511023144003,aracaju,se
49060,-10.905220150729834,-37.06121465820299,aracaju,se
49097,-10.939776253967253,-37.07808882460032,aracaju,se
49037,-10.995108708420164,-37.05902455806738,aracaju,se
49090,-10.890598504039366,-37.09138541395927,aracaju,se
49000,-11.016452999999956,-37.07585637999995,aracaju,se
49040,-10.95393255400312,-37.07816779733126,aracaju,se
49075,-10.907819242339157,-37.06894542215356,aracaju,se
49080,-10.917895720308996,-37.081183720309006,aracaju,se
49046,-10.932846475157268,-37.06366306134221,aracaju,se
49088,-10.931341652958984,-37.0684102129312,aracaju,se
49007,-11.075615663874949,-37.13561608992665,aracaju,se
49096,-10.965401629604578,-37.064461345359554,aracaju,se
49036,-10.967869215650092,-37.03783415318267,aracaju,se
49038,-10.996092692192342,-37.07308242007611,aracaju,se
49070,-10.887084994460084,-37.07835772468111,aracaju,se
49071,-10.884938898147563,-37.08199839909986,aracaju,se
49055,-10.91144883576364,-37.05969723828957,aracaju,se
49067,-10.87891398187022,-37.06106792294846,aracaju,se
49001,-11.00365538357661,-37.08753777200066,aracaju,se
49043,-10.976315318373242,-37.0862477782232,aracaju,se
49087,-10.89065653571878,-37.08222425991645,aracaju,se
49005,-11.059703845995474,-37.10674680259147,aracaju,se
49089,-11.074117080126795,-37.135288136460105,aracaju,se
49063,-10.885093014050874,-37.07442675092935,aracaju,se
49008,-11.12415636299994,-37.14411499999994,aracaju,se
49066,-10.899792999982706,-37.05470846836808,aracaju,se
49009,-11.09862323072917,-37.13663275357352,aracaju,se
49041,-10.95485132915928,-37.07223337232388,aracaju,se
49091,-10.891046776299826,-37.10110612724341,aracaju,se
49033,-11.010547754047067,-37.09241139087021,aracaju,se
49130,-10.731336290803233,-37.189260909474015,riachuelo,rn
49500,-10.6855567621196,-37.4332206059799,itabaiana,se
49510,-10.67707246926408,-37.43511391484284,itabaiana,se
49506,-10.687945374229129,-37.43445765831378,itabaiana,se
49503,-10.693758974236948,-37.42921647414023,itabaiana,se
49517,-10.569024000000002,-37.72257524999999,pinhao,pr
49525,-10.792587978556892,-37.56457137674767,sao domingos,ba
49509,-10.689898500000002,-37.44419625000001,itabaiana,se
49507,-10.701727384712994,-37.432338928678966,itabaiana,se
49580,-10.758584028074782,-37.31369338201869,areia branca,rn
49505,-10.708913128553746,-37.42524403866728,itabaiana,se
49504,-10.690985119799269,-37.42688453862985,itabaiana,se
49501,-10.679806412466766,-37.41889838063977,itabaiana,se
49670,-10.261235106340797,-37.3113546710989,feira nova,pe
49640,-10.646598336159183,-37.192556658709,santa rosa de lima,sc
49700,-10.49971803734536,-37.05483528724665,capela,al
49970,-10.44016057843289,-36.65597465060332,pacatuba,ce
49945,-10.348445028306251,-36.88601808440645,sao francisco,mg
50060,-8.061694679439059,-34.88239283971952,recife,pe
50070,-8.062508669455134,-34.89729983389103,recife,pe
50040,-8.054879589693744,-34.87707500599807,recife,pe
50030,-8.063903598389984,-34.87317543075193,recife,pe
50050,-8.06118170107913,-34.881103586877444,recife,pe
50090,-8.07339597875211,-34.89976759670398,recife,pe
50020,-8.066088565641405,-34.88166075437127,recife,pe
50010,-8.064509008050077,-34.87740543075191,recife,pe
50080,-8.070814858610715,-34.90102953741284,recife,pe
50100,-8.045918937272791,-34.87972385276126,recife,pe
50110,-8.043436688033808,-34.87680492106334,recife,pe
50160,-8.057081629753581,-34.90813248903572,recife,pe
50680,-8.034284111329578,-34.93040571320721,recife,pe
50610,-8.05633821472036,-34.90578601080431,recife,pe
50650,-8.054782057637071,-34.93782738762825,recife,pe
50690,-8.032706999999997,-34.93710225000001,recife,pe
50630,-8.052026835968622,-34.92039941035259,recife,pe
50670,-8.044149991949912,-34.940436810433404,recife,pe
50640,-8.061115500000003,-34.93613925000001,recife,pe
50660,-8.05916369682801,-34.94035918548764,recife,pe
50620,-8.043960308051409,-34.91398713566374,recife,pe
50710,-8.038133999999996,-34.909973999999984,recife,pe
50770,-8.082472086040735,-34.90481895406543,recife,pe
50791,-8.085639899991625,-34.969933235613944,recife,pe
50720,-8.055613969473121,-34.91775662170349,recife,pe
50740,-8.043481236193653,-34.94853763266778,recife,pe
50760,-8.07081275881469,-34.91705236078268,recife,pe
50721,-8.046099932281132,-34.92918518082404,recife,pe
50781,-8.077115519847027,-34.94382180505771,recife,pe
50730,-8.053005734560156,-34.939171737224065,recife,pe
50761,-8.067201485429052,-34.92588476894224,recife,pe
50771,-8.089194059120523,-34.92564794532288,recife,pe
50750,-8.06375431779098,-34.90148058756994,recife,pe
50751,-8.063535009451277,-34.91839938834342,recife,pe
50741,-8.048129348765498,-34.954768873333656,recife,pe
50790,-8.080504870603276,-34.94551204515322,recife,pe
50711,-8.048215645017025,-34.91767661157595,recife,pe
50780,-8.094041099082478,-34.93892629698763,recife,pe
50731,-8.038439910245055,-34.93413850263446,recife,pe
50870,-8.093493649460424,-34.935631994171615,recife,pe
50830,-8.07073719677996,-34.910678572162254,recife,pe
50800,-8.032058856243884,-34.954016673366475,recife,pe
50820,-8.075020452680457,-34.91986595337295,recife,pe
50860,-8.093833208436722,-34.92500047960067,recife,pe
50810,-8.032302911189309,-34.954410332217705,recife,pe
50865,-8.08371576242136,-34.93215017277396,recife,pe
50875,-8.100864891071334,-34.931627047889144,recife,pe
50850,-8.082974029259923,-34.91777495638368,recife,pe
50930,-8.090913750764596,-34.94816740161002,recife,pe
50920,-8.08804223130899,-34.95199202827505,recife,pe
50910,-8.080459627531882,-34.93856877047144,recife,pe
50980,-8.025665691511211,-34.96634054275547,recife,pe
50960,-8.036197556740426,-34.97798268368477,recife,pe
50970,-8.035198735537305,-34.97659395051673,recife,pe
50900,-8.088730319890189,-34.94218403571908,recife,pe
50950,-8.057241150773121,-34.95730812362727,recife,pe
50940,-8.085076224091846,-34.96595712950791,recife,pe
51020,-8.109659996393315,-34.89334721273588,recife,pe
51021,-8.124466128224375,-34.896920107276785,recife,pe
51030,-8.1330811150905,-34.904793597619324,recife,pe
51011,-8.097784915917195,-34.887951951485775,recife,pe
51010,-8.083846058395261,-34.882009960418365,recife,pe
51170,-8.096610865947236,-34.91551928351319,recife,pe
51160,-8.111045907237461,-34.90409840498038,recife,pe
51110,-8.08826131779098,-34.89583062031851,recife,pe
51190,-8.116668618096822,-34.92236102262103,recife,pe
51111,-8.106228408823377,-34.89147767943906,recife,pe
51150,-8.131969592561603,-34.914336155288815,recife,pe
51130,-8.149350385753008,-34.9125494892187,recife,pe
51180,-8.101799615546506,-34.91370129154079,recife,pe
51230,-8.11796411422037,-34.942421754574,recife,pe
51250,-8.138173275583135,-34.9322264583223,recife,pe
51280,-8.116494450118761,-34.95206804869356,recife,pe
51240,-8.117989655826632,-34.940023833100035,recife,pe
51260,-8.128883926118187,-34.941040482805505,recife,pe
51200,-8.111003112960931,-34.91557081057763,recife,pe
51270,-8.110774949128048,-34.95194447548816,recife,pe
51290,-8.122291535073558,-34.94759463914364,recife,pe
51220,-8.114414688874112,-34.92993520912922,recife,pe
51275,-8.10790320147588,-34.947986115385525,recife,pe
51310,-8.136304922407424,-34.94973769830549,recife,pe
51340,-8.122360279603889,-34.95497258201993,recife,pe
51300,-8.127095043227587,-34.946746162721375,recife,pe
51350,-8.105305064948901,-34.9189729730798,recife,pe
51320,-8.135561933816687,-34.955333827746145,recife,pe
51345,-8.110971847367605,-34.95247218565573,recife,pe
51330,-8.122940033538997,-34.957603594990914,recife,pe
51346,-8.108427157455797,-34.96225465723429,recife,pe
51335,-8.115893239194207,-34.962278031272874,recife,pe
52011,-8.049289725229384,-34.901552849847064,recife,pe
52021,-8.042919705522538,-34.88952882875526,recife,pe
52060,-8.035062291630105,-34.913199324692094,recife,pe
52070,-8.02746534332621,-34.91569324340702,recife,pe
52061,-8.038327293905851,-34.92473733918974,recife,pe
52031,-8.032385447159765,-34.88018851491675,recife,pe
52041,-8.035457003721227,-34.89245369438057,recife,pe
52050,-8.043646327226046,-34.89834505744709,recife,pe
52051,-8.026644268942235,-34.90776042423104,recife,pe
52080,-8.016584744943145,-34.9118745232573,recife,pe
52081,-8.005933579715046,-34.91587959713809,recife,pe
52030,-8.034981129061089,-34.884051967251416,recife,pe
52020,-8.04465322675859,-34.896786286427385,recife,pe
52071,-8.027918586419359,-34.928983567035075,recife,pe
52090,-8.015115229177999,-34.928205447148486,recife,pe
52091,-8.00220038511063,-34.93138554447963,recife,pe
52040,-8.032152489035727,-34.88363727615559,recife,pe
52010,-8.054831577298156,-34.898531076461445,recife,pe
52191,-7.998247235315461,-34.930654694811395,recife,pe
52131,-8.005716575180687,-34.89954232337375,recife,pe
52140,-8.002205295221438,-34.90752099726304,recife,pe
52190,-8.002362097509147,-34.92439264013986,recife,pe
52111,-8.019697946233917,-34.89469944133677,recife,pe
52110,-8.025994967551537,-34.90430515328633,recife,pe
52120,-8.018935889280378,-34.88830087156113,recife,pe
52130,-8.00521828642738,-34.89372762753189,recife,pe
52150,-8.00463885388859,-34.9107937326277,recife,pe
52160,-7.995469587949266,-34.90948086677471,recife,pe
52171,-8.01877622277025,-34.9551856347226,recife,pe
52125,-8.020482433789942,-34.87846615420942,recife,pe
52121,-8.01475388507225,-34.88298080623902,recife,pe
52170,-7.977935375851409,-34.91882111284172,recife,pe
52165,-7.98239484361013,-34.91927607039416,recife,pe
52291,-7.989901900200871,-34.933204236115785,recife,pe
52210,-8.02069186389482,-34.91082669653928,recife,pe
52221,-8.00748323757863,-34.886216797391654,recife,pe
52280,-8.011590343569674,-34.91625388430071,recife,pe
52211,-8.01184026951106,-34.899901073370536,recife,pe
52290,-7.992403012188774,-34.940064560943895,recife,pe
52390,-7.986606727314268,-34.93095605162645,recife,pe
52490,-8.012741506244412,-34.929252376793784,recife,pe
53040,-7.969116421863163,-34.83315765208818,olinda,pe
53050,-7.972572059668787,-34.837805503202645,olinda,pe
53070,-7.956116800450075,-34.849900535518536,olinda,pe
53060,-7.97127549629215,-34.846991363612894,olinda,pe
53030,-8.00117997890818,-34.84430382471587,olinda,pe
53010,-8.020893604218358,-34.85070383971952,olinda,pe
53020,-8.012571212880127,-34.85623862989782,olinda,pe
53080,-7.963940762550379,-34.85381153653876,olinda,pe
53090,-7.954856297535882,-34.85269814195861,olinda,pe
53025,-8.014278268942235,-34.852967449766275,olinda,pe
53012,-5.783670910641051,-35.19694680085409,natal,rn
53140,-7.978971512306262,-34.84598183928832,olinda,pe
53130,-7.980961116856071,-34.837304217323535,olinda,pe
53160,-7.989368940331209,-34.89945254440534,olinda,pe
53150,-7.960545786283149,-34.83400412531018,olinda,pe
53110,-8.028732446852084,-34.86715478143571,olinda,pe
53180,-7.994782645017028,-34.89314636288882,olinda,pe
53170,-7.987256172629724,-34.91083996433721,olinda,pe
53120,-8.009105196779972,-34.84681292200935,olinda,pe
53190,-7.980162454065438,-34.896947683738226,olinda,pe
53230,-8.016726310029359,-34.86213840922739,olinda,pe
53260,-8.012149731894485,-34.876904432281115,olinda,pe
53240,-8.006796953179887,-34.85447344331129,olinda,pe
53210,-7.998470548992969,-34.89654540813089,olinda,pe
53270,-7.998775082982315,-34.89282816694558,olinda,pe
53220,-8.014732471910285,-34.87193288165744,olinda,pe
53250,-7.985571711823462,-34.85333669245531,olinda,pe
53290,-8.008135731894487,-34.8702660416354,olinda,pe
53280,-7.994313671100516,-34.8893069038317,olinda,pe
53300,-8.009746533441069,-34.87481602859363,olinda,pe
53350,-8.00164731016053,-34.852939795618084,olinda,pe
53370,-7.99806805329215,-34.860134058428045,olinda,pe
53320,-8.002229996015199,-34.852555285848865,olinda,pe
53330,-8.005223871898943,-34.85964354977355,olinda,pe
53360,-7.9790113093811215,-34.883360255374775,olinda,pe
53442,-7.952656840960272,-34.84920430307581,paulista,pe
53444,-7.947603921461092,-34.86873382125343,paulista,pe
53439,-7.945433414330692,-34.82560511405817,paulista,pe
53417,-7.9381635931098655,-34.89425415375959,paulista,pe
53435,-7.923830319814874,-34.82972731800231,paulista,pe
53433,-7.91241779589001,-34.82458363477629,paulista,pe
53429,-7.891767684115267,-34.83946144689926,paulista,pe
53437,-7.930176473795966,-34.826440694351234,paulista,pe
53421,-7.9292345861849585,-34.858130955738865,paulista,pe
53409,-7.951149471002324,-34.89932233236192,paulista,pe
53401,-7.947378378984839,-34.88790974626262,paulista,pe
53441,-7.953718163804715,-34.896428383259234,paulista,pe
53431,-7.90575754731953,-34.839003776992314,paulista,pe
53413,-7.941338801546597,-34.89869163099433,paulista,pe
53407,-7.949208456575604,-34.89250024854289,paulista,pe
53405,-7.956102197993466,-34.85651714858478,paulista,pe
53415,-7.920755899376704,-34.846051155472175,paulista,pe
53416,-7.923645,-34.89191940999746,paulista,pe
53403,-7.95787203457493,-34.87391955921136,paulista,pe
53443,-7.952861472387304,-34.87358298805478,paulista,pe
53402,-7.967909333202664,-34.891740044235426,paulista,pe
53425,-7.898638499999995,-34.838561250000005,paulista,pe
53423,-7.917531086877447,-34.84322557923141,paulista,pe
53422,-7.938580662502165,-34.861549551907174,paulista,pe
53427,-7.8450971713120445,-34.8375974572936,paulista,pe
53404,-7.977419123285639,-34.90413475889982,paulista,pe
53580,-7.903325378296484,-34.9008210364995,abreu e lima,pe
53520,-7.910083220560221,-34.90779484809339,abreu e lima,pe
53545,-7.9146917204772995,-34.910678322420374,abreu e lima,pe
53530,-7.917011030905907,-34.93042406634145,abreu e lima,pe
53570,-7.891193501009601,-34.92236191326677,abreu e lima,pe
53540,-7.924953839156659,-34.92287712872267,abreu e lima,pe
53550,-7.90866771521404,-34.9103331831568,abreu e lima,pe
53565,-7.904820594494846,-34.90300157216225,abreu e lima,pe
53560,-7.901611061890484,-34.90870078172417,abreu e lima,pe
53585,-7.896829999999966,-34.90543959299998,abreu e lima,pe
53510,-7.904689070251823,-34.89919935084254,abreu e lima,pe
53525,-7.908657579565388,-34.903798895478474,abreu e lima,pe
53630,-7.862923025031249,-34.909215877846904,igarassu,pe
53625,-7.86933584384376,-34.903253145235844,igarassu,pe
53620,-7.83071075936294,-34.89927705412885,igarassu,pe
53690,-7.787579863225949,-35.092311494352266,aracoiaba,ce
53640,-7.833035451843746,-34.91635295184376,igarassu,pe
53635,-7.871167561746253,-34.907362658895494,igarassu,pe
53650,-7.827347849847073,-34.917743666801336,igarassu,pe
53605,-7.820182252217352,-34.91666968397155,igarassu,pe
53637,-7.874219693029059,-34.91320616264641,igarassu,pe
53610,-7.827353696087469,-34.91099172245943,igarassu,pe
53645,-7.870472061847875,-34.91190637630425,igarassu,pe
53615,-7.81588821063869,-34.90558346781596,igarassu,pe
54070,-8.108559006655804,-35.023336681149225,jaboatao dos guararapes,pe
54080,-8.110529968636387,-35.01942476643208,jaboatao dos guararapes,pe
54090,-8.120556251457089,-35.02994800222169,jaboatao dos guararapes,pe
54160,-8.108675034229059,-34.99838527022789,jaboatao dos guararapes,pe
54170,-8.09759424290587,-34.99050547473136,jaboatao dos guararapes,pe
54100,-8.121059806185217,-35.01893323253412,jaboatao dos guararapes,pe
54140,-8.100461618933538,-35.01512209533156,jaboatao dos guararapes,pe
54120,-8.103529342740334,-35.01531571093974,jaboatao dos guararapes,pe
54150,-8.107909195969679,-35.00556729785542,jaboatao dos guararapes,pe
54110,-8.11225076074793,-35.01806240743841,jaboatao dos guararapes,pe
54260,-8.0810188052286,-34.976347903915794,jaboatao dos guararapes,pe
54250,-8.089957919276442,-34.97241464975576,jaboatao dos guararapes,pe
54210,-8.093822642237159,-34.96729616444248,jaboato dos guararapes,pe
54280,-8.113140872999963,-34.97289999999998,jaboato dos guararapes,pe
54270,-8.07086670632965,-34.99435361746813,jaboatao dos guararapes,pe
54230,-8.084247550303914,-34.98539340664677,jaboatao dos guararapes,pe
54220,-8.075345136528759,-34.99876377663139,jaboatao dos guararapes,pe
54240,-8.087483482659081,-34.983641650297145,jaboato dos guararapes,pe
54290,-8.114277892158995,-34.96553103221561,jaboatao dos guararapes,pe
54275,-8.133316780221906,-34.97195784066572,jaboatao dos guararapes,pe
54245,-8.100736532892816,-34.99474647224307,jaboatao dos guararapes,pe
54345,-8.182662975637463,-34.96338785371118,jaboatao dos guararapes,pe
54330,-8.1699101140647,-34.9250627427098,jaboatao dos guararapes,pe
54315,-8.153703027794757,-34.91977470287277,jaboatao dos guararapes,pe
54325,-8.158610896096468,-34.93938825144736,jaboatao dos guararapes,pe
54360,-8.133390600650493,-34.97657422671821,jaboatao dos guararapes,pe
54310,-8.157546902154344,-34.92237220323166,jaboatao dos guararapes,pe
54320,-8.141856234520207,-34.9363722253736,jaboatao dos guararapes,pe
54350,-8.175556163014473,-34.99822001095655,jaboatao dos guararapes,pe
54335,-8.17811357617444,-34.9553043358639,jaboatao dos guararapes,pe
54365,-8.15139692284665,-34.977576866135486,jaboatao dos guararapes,pe
54340,-8.208232973628055,-34.95796837373752,jaboato dos guararapes,pe
54300,-8.122449380202752,-34.968554751496924,jaboatao dos guararapes,pe
54352,-8.159348590854291,-34.97317315489537,jaboatao dos guararapes,pe
54368,-8.149989292999976,-34.95927999999998,jaboatao dos guararapes,pe
54353,-8.177621297306112,-34.93752198277874,jaboato dos guararapes,pe
54410,-8.109694987159566,-35.02240163663283,jaboatao dos guararapes,pe
54470,-8.222087557851111,-34.93445495337295,jaboatao dos guararapes,pe
54430,-8.193270817916602,-34.933218138281305,jaboatao dos guararapes,pe
54400,-8.153072234260408,-34.91362887414156,jaboatao dos guararapes,pe
54460,-8.158096966695249,-34.91654940852523,jaboatao dos guararapes,pe
54450,-8.198545117404331,-34.91841835152051,jaboatao dos guararapes,pe
54440,-8.224262582231376,-34.93262400191681,jaboatao dos guararapes,pe
54420,-8.189353768448465,-34.93049703359139,jaboatao dos guararapes,pe
54490,-8.224270115473802,-34.9421555246701,jaboatao dos guararapes,pe
54510,-8.279883597553262,-35.02918678434991,cabo de santo agostinho,pe
54520,-8.286858523457754,-35.02236507285474,cabo de santo agostinho,pe
54525,-8.287315707426224,-35.03638352969403,cabo de santo agostinho,pe
54580,-8.239274779906507,-34.98167772245942,cabo de santo agostinho,pe
54530,-8.295040548192263,-35.03430970550239,cabo de santo agostinho,pe
54590,-8.2876988664955,-35.038171864562244,santo agostinho,es
54589,-8.221465855847663,-34.96234796606223,cabo de santo agostinho,pe
54505,-8.291190080212342,-35.04013076380634,cabo de santo agostinho,pe
54515,-8.282110347769608,-35.02210031017358,cabo de santo agostinho,pe
54535,-8.29751278434991,-35.06149562115523,cabo de santo agostinho,pe
54517,-8.29248453599996,-35.01945999999998,cabo de santo agostinho,pe
54500,-8.341639890470104,-34.95117765765911,cabo de santo agostinho,pe
54522,-8.232989596746107,-34.98206952772685,cabo de santo agostinho,pe
54774,-8.026056451136848,-34.99557311814137,camaragibe,pe
54767,-8.027605403283452,-35.001318996537535,camaragibe,pe
54735,-7.994080655288808,-35.03047401067581,sao lourenco da mata,pe
54768,-8.01920132194592,-34.99185000721335,camaragibe,pe
54753,-8.011133014715186,-34.967871440186975,camaragibe,pe
54710,-8.001562059616601,-35.04860326817894,sao lourenco da mata,pe
54762,-8.026146003130536,-34.97507918381033,camaragibe,pe
54766,-8.023607968088129,-34.98620844240867,camaragibe,pe
54759,-8.014086082842855,-34.974303288954275,camaragibe,pe
54705,-8.003074097409037,-35.020456108661755,sao lourenco da mata,pe
54720,-8.002436209280658,-35.050095709280654,sao lourenco da mata,pe
54771,-8.024701725777634,-35.00388027200064,camaragibe,pe
54756,-7.9956365745049665,-34.98182603604691,camaragibe,pe
54765,-8.030197885105824,-34.99321724257028,camaragibe,pe
54727,-7.991322462483782,-35.05336840868865,sao lourenco da mata,pe
54783,-7.946900864380471,-35.022868553323974,camaragibe,pe
54740,-8.013860372385903,-35.016474807222295,sao lourenco da mata,pe
54786,-7.956080999999997,-35.01227925,camaragibe,pe
54730,-7.994366635264184,-35.04673333707715,sao lourenco da mata,pe
54792,-7.979405219339859,-34.9794320028496,camaragibe,pe
54777,-8.005391039447304,-34.998606125061514,camaragibe,pe
54749,-8.034989499989507,-35.10375419445552,sao lourenco da mata,pe
54789,-7.973696935504432,-35.0017694925936,camaragibe,pe
54733,-8.002344702428482,-35.00822627542937,so loureno da mata,pe
54758,-8.013534840848648,-34.96562903248908,camaragibe,pe
54715,-8.013349832561493,-35.0035054095495,sao lourenco da mata,pe
54725,-7.992048716616624,-35.045477049414615,sao lourenco da mata,pe
54737,-7.979035499999998,-35.07036975000001,sao lourenco da mata,pe
54700,-7.9855711644328995,-35.07647802879933,so loureno da mata,pe
55008,-8.286022089647403,-35.979771273529856,caruaru,pe
55012,-8.273735309504863,-35.979429347783295,caruaru,pe
55014,-8.272907999999997,-35.976804749999985,caruaru,pe
55031,-8.309252385417157,-35.97505204078006,caruaru,pe
55022,-8.277214568411361,-35.931514851780314,caruaru,pe
55032,-8.299284607808893,-35.98116283346567,caruaru,pe
55028,-8.295731947544565,-35.96580874799464,caruaru,pe
55004,-8.286688780194964,-35.97116381695427,caruaru,pe
55002,-8.28465051618529,-35.96975637467875,caruaru,pe
55030,-8.289119910777261,-35.97351836152841,caruaru,pe
55016,-8.27536567110052,-35.96508629156327,caruaru,pe
55024,-8.286415962259753,-35.95832378711987,caruaru,pe
55038,-8.277960488487466,-35.986691618933534,caruaru,pe
55026,-8.299259845801828,-35.958063004070524,caruaru,pe
55034,-8.287225332306528,-35.98960972512089,caruaru,pe
55010,-8.281177341900134,-35.97916222033808,caruaru,pe
55036,-8.276826510675813,-36.000013583819026,caruaru,pe
55006,-8.267831363589305,-35.973979836626064,caruaru,pe
55018,-8.270852170813559,-35.95165132918644,caruaru,pe
55020,-8.282822407959456,-35.95596783067676,caruaru,pe
55044,-8.269308367677091,-35.98712926309032,caruaru,pe
55019,-8.268224359331265,-35.95328621163843,caruaru,pe
55040,-8.301683241340463,-36.02673627526858,caruaru,pe
55042,-8.275617465034497,-36.0042279039756,caruaru,pe
55021,-8.275906790999954,-35.94974999999994,caruaru,pe
55150,-8.33329511889542,-36.41979858950759,belo jardim,pe
55152,-8.340702339483235,-36.440920773949976,belo jardim,pe
55155,-8.332222335704854,-36.42087969575788,belo jardim,pe
55195,-7.946001155478501,-36.212799606322896,santa cruz do capibaribe,pe
55190,-7.950454194661508,-36.20022733984541,santa cruz do capibaribe,pe
55153,-8.333420558391284,-36.43209793129962,belo jardim,pe
55199,-7.960677962572691,-36.20464344385904,santa cruz do capibaribe,pe
55192,-7.9600650546770115,-36.200893008373946,santa cruz do capibaribe,pe
55194,-7.9573149484065855,-36.20737275553074,santa cruz do capibaribe,pe
55178,-20.12146841794372,-40.30665951351365,sao domingos,ba
55158,-8.340013009126809,-36.41263390198312,belo jardim,pe
55191,-7.930836475799663,-36.19826518627323,santa cruz do capibaribe,pe
55175,-8.176074681211913,-36.19531528725418,fazenda nova,go
55154,-8.331587677804986,-36.41667494472954,belo jardim,pe
55156,-21.494080589801413,-56.154587071454486,belo jardim,pe
55157,-8.334178541550896,-36.41801291601426,belo jardim,pe
55295,-8.886549427405042,-36.49571317874656,garanhuns,pe
55297,-8.873230514859403,-36.47337300000001,garanhuns,pe
55296,-8.892888006125926,-36.48858119678388,garanhuns,pe
55299,-8.883853211550809,-36.464380027256176,garanhuns,pe
55292,-8.893590297258203,-36.49823874998716,garanhuns,pe
55260,-8.466281320543434,-36.77651808934907,alagoinha,pb
55294,-8.877915036686971,-36.49335884510349,garanhuns,pe
55293,-8.89366338039416,-36.49417129281567,garanhuns,pe
55291,-8.908919056350562,-36.48022108771418,garanhuns,pe
55298,-8.880250253678792,-36.46636636427381,garanhuns,pe
55290,-8.912742075350845,-36.481261332902754,garanhuns,pe
55395,-8.70892707294909,-36.417839360975655,jupi,pe
55380,-8.488750405664899,-36.23452647803289,cachoeirinha,rs
55325,-9.024839005157318,-36.57020044972058,brejo,ma
55302,-8.51444581298122,-35.124573377136564,sao pedro,ce
55470,-8.663867999999997,-36.00526725,panelas,pe
55480,-8.714273064335016,-36.1405359919994,jurema,pe
55473,-8.656097010950397,-36.09862017590562,panelas,pe
55510,-8.346077822438483,-35.35513142221652,primavera,pa
55604,-8.122899562582981,-35.30217959339833,vitoria de santo antao,pe
55608,-8.129802573598754,-35.28402237566408,vitoria de santo antao,pe
55680,-8.473676140874986,-35.72753876215729,bonito,ba
55644,-8.208423317991008,-35.56779396710883,gravata,pe
55610,-8.096480418786554,-35.27976087849176,vitoria de santo anto,pe
55612,-8.115399975561296,-35.28912887039063,vitoria de santo antao,pe
55606,-8.120849742426058,-35.312071400225044,vitoria de santo anto,pe
55641,-8.197820207246139,-35.584638408143434,gravata,pe
55642,-8.198882351674856,-35.5670525554527,gravata,pe
55602,-8.117220896762579,-35.29341473604942,vitoria de santo antao,pe
55614,-8.125784263808066,-35.294378407703384,vitoria de santo antao,pe
55643,-8.21195404269962,-35.56541078211892,gravata,pe
55600,-8.107024861503833,-35.297153743406994,vitoria de santo antao,pe
55640,-8.205833536211038,-35.563581,gravata,pe
55605,-8.116711920466186,-35.295985989833966,vitoria de santo antao,pe
55715,-7.948823182703497,-35.39131251351398,feira nova,pe
55730,-7.7934361373164736,-35.59490333040225,bom jardim,ma
55816,-7.842242051652795,-35.26977637057176,carpina,pe
55860,-7.590987000000002,-35.48175300000001,sao vicente ferrer,ma
55818,-7.84754103664833,-35.25155227497928,carpina,pe
55815,-7.845697220489346,-35.25306316075286,carpina,pe
55814,-7.845083036047171,-35.25775907209436,carpina,pe
55819,-7.846952272016269,-35.23768362748319,carpina,pe
55813,-7.847285826908862,-35.25990639221872,carpina,pe
55811,-7.84450148308018,-35.24456671549742,carpina,pe
55817,-7.828205355287008,-35.2588118676245,carpina,pe
55920,-7.407599454068677,-35.1118127580602,itambe,ba
55900,-7.559924763060348,-34.99311916917845,goiana,mg
55940,-7.587235298393872,-35.09767428315629,condado,pb
56163,-8.0894929031627,-39.57794366732601,parnamirim,rn
56190,-8.230573793381202,-39.37849349651228,terra nova,ba
56130,-7.718387571502574,-39.23611651708445,cedro,ce
56210,-8.162258689598863,-40.61417041344868,santa filomena,pe
56250,-7.756134708582977,-40.2708052522259,trindade,go
56215,-8.240242828074026,-40.33405694767048,santa cruz,pb
56320,-9.358524035135137,-40.4793764679649,petrolina,pe
56304,-9.39083242853022,-40.50556809146507,petrolina,pe
56328,-9.400220802682254,-40.49010877826116,petrolina,pe
56302,-9.397963645565287,-40.495597376074784,petrolina,pe
56306,-9.390824550637753,-40.51182054662704,petrolina,pe
56330,-9.377889517889177,-40.49594016180967,petrolina,pe
56322,-9.358241125233551,-40.49961671165949,petrolina,pe
56314,-9.3669424565756,-40.53757038481737,petrolina,pe
56316,-9.35944350929083,-40.538079120318535,petrolina,pe
56395,-8.995694202421916,-40.26914082439451,lagoa grande,mg
56310,-9.393825091042816,-40.47229872818703,petrolina,pe
56321,-9.363905738819378,-40.50036581028916,petrolina,pe
56312,-9.388611953921211,-40.55156403857698,petrolina,pe
56308,-9.394855973628053,-40.517578168330544,petrolina,pe
56317,-9.362301362458028,-40.54883039123136,petrolina,pe
56319,-9.391127899396304,-40.50149802720169,petrolina,pe
56318,-9.381891964000586,-40.52260974661264,petrolina,pe
56326,-9.356843074932229,-40.48439605274388,petrolina,pe
56323,-9.3517626180877,-40.48687090535457,petrolina,pe
56313,-9.364737856223716,-40.546196371083134,petrolina,pe
56331,-9.372431687856931,-40.49864609972493,petrolina,pe
56332,-9.389208908130886,-40.46319431127011,petrolina,pe
56309,-9.37755545661964,-40.5388534664787,petrolina,pe
56400,-8.601279061473267,-38.56880103092132,floresta,mg
56460,-8.97445277384061,-38.21986668988561,petrolandia,pe
56519,-8.417775423616026,-37.04214824442487,arcoverde,pe
56506,-8.41995880670538,-37.05095807341146,arcoverde,pe
56503,-8.414954999999992,-37.06603825753896,arcoverde,pe
56560,-8.901847790891091,-37.82822510991491,inaj,pe
56512,-8.418515189075316,-37.06278863550521,arcoverde,pe
56516,-8.432659340530034,-37.06922184988276,arcoverde,pe
56509,-8.425522451228117,-37.06242495478445,arcoverde,pe
56510,-8.432178208769445,-37.06371026733306,arcoverde,pe
56505,-8.416699867715522,-37.0527831475678,arcoverde,pe
56511,-8.436619329214349,-37.06893630606194,arcoverde,pe
56517,-8.416261297446292,-37.04481950987603,arcoverde,pe
56504,-8.415454267762314,-37.05248303112526,arcoverde,pe
56515,-8.418665619921402,-37.04884034858117,arcoverde,pe
56502,-8.408637602905332,-37.08019019866228,arcoverde,pe
56740,-7.349939472024294,-37.2842187115992,brejinho,pe
56750,-7.372442425991287,-37.47819553918402,santa terezinha,ba
56850,-7.867093673974861,-37.974554439898746,flores,ce
56870,-7.830178481047268,-38.10474229467637,triunfo,pb
56828,-7.717868378974563,-37.85186718410282,quixada,ce
56906,-7.988974801634559,-38.31159121564827,serra talhada,pe
56903,-7.98942972126217,-38.28899319677021,serra talhada,pe
56912,-7.995723678645475,-38.2943858856486,serra talhada,pe
56915,-7.998162352750823,-38.30390693241957,serra talhada,pe
56909,-7.98108026981447,-38.28857848347184,serra talhada,pe
57060,-9.590206631138562,-35.76699664847947,maceio,al
57073,-9.563074323720992,-35.77119957672379,maceio,al
57020,-9.536067881939571,-35.751403702864174,maceio,al
57061,-9.5770334776299,-35.77185497777825,maceio,al
57038,-9.632971026920206,-35.6969696014484,maceio,al
57044,-9.628637859687684,-35.711383695966674,maceio,al
57035,-9.656441569634511,-35.71199490093108,maceio,al
57040,-9.649288288649071,-35.724452726470126,maceio,al
57010,-9.673522969999963,-35.75954999999993,maceio,al
57046,-9.613217239287312,-35.719633652535485,maceio,al
57030,-9.66563067554392,-35.718308303768296,maceio,al
57063,-9.617633999999992,-35.762710500000004,maceio,al
57051,-9.65107100329769,-35.731439969310806,maceio,al
57025,-9.66093139295328,-35.72371047723787,maceio,al
57052,-9.639509171371904,-35.733717083168045,maceio,al
57036,-9.649837477927226,-35.70745033236193,maceio,al
57071,-9.578675746755232,-35.81064137337762,maceio,al
57082,-9.581508435708864,-35.75758266821137,maceio,al
57055,-9.637268337629378,-35.74330375606802,maceio,al
57017,-9.640899000000005,-35.74474649999999,maceio,al
57057,-9.625157767516509,-35.74252217044769,maceio,al
57045,-9.619389423755829,-35.71426332363092,maceio,al
57043,-9.62901303912522,-35.727805000692484,maceio,al
57037,-9.64290825080245,-35.71065069575163,maceio,al
57080,-9.594243345400749,-35.74878529860126,maceio,al
57050,-9.643617293001462,-35.73344186305231,maceio,al
57081,-9.572681357752924,-35.75742930183505,maceio,al
57041,-9.63675755453289,-35.71583377990652,maceio,al
57072,-9.542977129044427,-35.78432513498623,maceio,al
57014,-9.634459924231049,-35.745629029141895,maceio,al
57084,-9.539416635293502,-35.717105253390336,maceio,al
57015,-9.655383363581304,-35.754059168474775,maceio,al
57085,-9.560246286042164,-35.74411720707219,maceio,al
57075,-9.550947098257252,-35.78991513946058,maceio,al
57018,-9.621185689907092,-35.74884823017196,maceio,al
57070,-9.545749093254091,-35.78681538121069,maceio,al
57042,-9.631462883696628,-35.712780729991245,maceio,al
57062,-9.608373953921216,-35.76131246142304,maceio,al
57086,-9.659456580904845,-35.715937871775616,maceio,al
57048,-9.577173524999978,-35.73841799999997,maceio,al
57083,-9.56419141326677,-35.74022374854289,maceio,al
57022,-9.671368389953257,-35.719680913266785,maceio,al
57074,-9.551496583126546,-35.74667422938432,maceio,al
57039,-9.584741797104074,-35.664280436959295,maceio,al
57000,-9.638605854290484,-35.710221546627054,maceio,al
57031,-9.6443444223804,-35.712186205927495,maceio,al
57180,-9.838684355713534,-35.89596559633788,barra de sao miguel,al
57150,-9.597606563057983,-35.96035712912617,pilar,al
57275,-9.951461373717692,-36.54291782265805,sao sebastiao,sp
57200,-10.290662999999991,-36.583199999999984,penedo,al
57245,-9.806621040983892,-36.11622254966436,sao miguel dos camport alegres,al
57240,-9.77684647085352,-36.10414584145479,sao miguel dos camport alegres,al
57255,-29.800343474488415,-51.8709288238264,jequia da praia,al
57257,-9.833569217710329,-35.977781717710315,roteiro,al
57246,-9.835211516363268,-35.97697001866031,roteiro,al
57250,-9.781839358572894,-36.34580555381587,camport alegre alegre,al
57242,-9.783188815242594,-36.0899305271361,sao miguel dos camport alegres,al
57241,-9.782452695936046,-36.10200803570856,sao miguel dos camport alegres,al
57244,-10.014245916648282,-36.02309041327164,jequia da praia,al
57307,-9.731185510005467,-36.67501045743488,arapiraca,al
57312,-9.739777078090574,-36.65015637115834,arapiraca,al
57301,-9.766108716250695,-36.64865354623835,arapiraca,al
57300,-9.765807708505816,-36.64891540211087,arapiraca,al
57309,-9.723395446648516,-36.67894430859248,arapiraca,al
57313,-9.753594352228212,-36.65304904837865,arapiraca,al
57316,-9.75719280593384,-36.6447986993961,arapiraca,al
57310,-9.732352500000005,-36.65610224999999,arapiraca,al
57303,-9.784842656569497,-36.63255034989211,arapiraca,al
57305,-9.749041409132976,-36.66865851711054,arapiraca,al
57308,-9.739475102362482,-36.664950848576765,arapiraca,al
57315,-9.730741499999995,-36.644850000000005,arapiraca,al
57304,-9.759733318854648,-36.65920272272797,arapiraca,al
57306,-9.739881593792877,-36.67932272355438,arapiraca,al
57302,-9.760208888210428,-36.636871540339165,arapiraca,al
57311,-9.741133003083968,-36.65923020485724,arapiraca,al
57314,-9.749799526946072,-36.64516908848489,arapiraca,al
57317,-9.797449499999994,-36.625158,arapiraca,al
57350,-9.957563725393376,-36.79197266014477,camport alegre grande,ms
57420,-9.67544671932256,-37.12468028561955,batalha,al
57460,-9.603344247734617,-37.75730736075658,piranhas,al
57490,-9.259948954082985,-37.93480438908667,agua branca,al
57410,-9.674813757090272,-37.32642322263359,palestina,al
57525,-9.163032433754578,-37.35839233734201,ouro branco,al
57520,-9.234359128790231,-37.34988644404799,maravilha,al
57602,-9.41408244628213,-36.62127437680883,palmeira dos indios,al
57600,-9.405831345464666,-36.630179203532,palmeira dos indios,al
57607,-9.413894146861326,-36.6400317146707,palmeira dos indios,al
57601,-9.41159178735396,-36.637984817969446,palmeira dos indios,al
57605,-9.415774465142151,-36.6222388758987,palmeira dos indios,al
57603,-9.418203303056634,-36.62727219608992,palmeira dos indios,al
57630,-9.569374354216542,-36.49297105084643,belem,pa
57608,-9.412516394640368,-36.64264262753168,palmeira dos indios,al
57606,-9.399691846684023,-36.66442458397915,palmeira dos indios,al
57690,-9.50500165962754,-36.02048157613924,atalaia,al
57604,-9.428342932765291,-36.62835255602892,palmeira dos indios,al
57700,-9.378759899547344,-36.23901394986039,vicosa,mg
57780,-9.41009477492967,-36.07459124057088,capela,al
57968,-8.850586447592917,-35.56744369490416,campestre,al
58035,-7.062454676928897,-34.84178048112988,joao pessoa,pb
58037,-7.09075180297714,-34.83692990306102,joao pessoa,pb
58038,-7.101960317242725,-34.84236014348782,joo pessoa,pb
58080,-7.170129767601633,-34.889572833594336,joao pessoa,pb
58039,-7.113370709039359,-34.824672952487376,joao pessoa,pb
58052,-7.157376565641395,-34.83253336372553,joao pessoa,pb
58030,-7.115545623925199,-34.8557625,joao pessoa,pb
58032,-7.119528405679189,-34.83336265211002,joao pessoa,pb
58071,-7.166582104710261,-34.8634501947522,joo pessoa,pb
58053,-7.151973654624534,-34.84781752830657,joao pessoa,pb
58013,-7.122313509290822,-34.882015631138565,joao pessoa,pb
58051,-7.15209141661366,-34.83820211212422,joao pessoa,pb
58033,-7.113187518319255,-34.8398525026685,joao pessoa,pb
58076,-7.175461120071454,-34.88217122656022,joao pessoa,pb
58083,-7.180546969382016,-34.92270160088141,joao pessoa,pb
58010,-7.1171929278377215,-34.888963981822364,joo pessoa,pb
58025,-7.113009226210328,-34.86325656523737,joao pessoa,pb
58028,-7.103643359974634,-34.85683923105776,joao pessoa,pb
58031,-7.112860135976188,-34.8486128018099,joao pessoa,pb
58085,-7.141041890645741,-34.88702164793122,joao pessoa,pb
58046,-7.131637979358836,-34.82528061818289,joao pessoa,pb
58015,-7.1340922938533655,-34.874858077100775,joao pessoa,pb
58070,-7.1577073615364455,-34.8804300677347,joo pessoa,pb
58063,-7.20330937996993,-34.849807627531874,joao pessoa,pb
58045,-7.123297631138561,-34.82665468220901,joo pessoa,pb
58064,-7.205032277829035,-34.84242679447746,joao pessoa,pb
58034,-7.105535130446073,-34.84279064501703,joo pessoa,pb
58073,-7.166570159668693,-34.84785617973028,joao pessoa,pb
58055,-7.169415650071921,-34.83790991980975,joao pessoa,pb
58040,-7.127235618096831,-34.86676641978764,joao pessoa,pb
58058,-7.16537798418829,-34.82916965306711,joao pessoa,pb
58027,-7.100423962296867,-34.86299327119139,joao pessoa,pb
58078,-7.180554059120531,-34.88242913849615,joao pessoa,pb
58050,-7.1354726309630765,-34.85365712510845,joao pessoa,pb
58090,-7.140826037740241,-34.91349021288013,joao pessoa,pb
58057,-7.184321953568657,-34.84587277895136,joao pessoa,pb
58056,-7.171858445467096,-34.836934028449406,joao pessoa,pb
58081,-7.178177231750257,-34.8975292209302,joao pessoa,pb
58042,-7.1208703938433375,-34.85064641510408,joao pessoa,pb
58087,-7.158063059120528,-34.89355658021236,joao pessoa,pb
58036,-7.096075292255764,-34.84555898834324,joao pessoa,pb
58062,-7.204646535114509,-34.83798295322872,joao pessoa,pb
58075,-7.182497252293818,-34.871456545934564,joao pessoa,pb
58066,-7.215802834568164,-34.84145499643369,joo pessoa,pb
58011,-7.12702238412487,-34.89131602039933,joo pessoa,pb
58079,-7.18227569786239,-34.89108170545753,joao pessoa,pb
58088,-7.1552548287552575,-34.898299155981306,joao pessoa,pb
58084,-7.165465669715526,-34.907574960586324,joao pessoa,pb
58043,-7.120363159587984,-34.83553316680133,joao pessoa,pb
58086,-7.15198054731953,-34.89182217346644,joao pessoa,pb
58020,-7.105838479011172,-34.87643921170004,joao pessoa,pb
58074,-7.173587346932892,-34.85758930099831,joao pessoa,pb
58067,-7.2060975488566035,-34.85544879206093,joao pessoa,pb
58082,-7.184781648135097,-34.906451899296314,joao pessoa,pb
58069,-7.200730181887968,-34.88520522800217,joo pessoa,pb
58059,-7.17766658489014,-34.83200700082277,joao pessoa,pb
58077,-7.181313401322177,-34.85873782581551,joao pessoa,pb
58041,-7.120710167638066,-34.85335872967277,joao pessoa,pb
58065,-7.195986153579917,-34.86097607581655,joao pessoa,pb
58047,-7.163254143614539,-34.80034035874208,joao pessoa,pb
58068,-7.198068778202136,-34.86715604150439,joao pessoa,pb
58026,-7.107041818365912,-34.86848697792746,joao pessoa,pb
58100,-6.969150385775098,-34.830321267063255,cabedelo,pb
58102,-7.03751888381577,-34.84250243675925,cabedelo,pb
58101,-7.0396016970993065,-34.83890868907289,cabedelo,pb
58155,-7.057965665738178,-36.36214886437195,soledade,pb
58109,-7.226365512394997,-35.92605871525331,campina grande,pb
58123,-7.260943030940209,-36.24249304641032,boa vista,rr
58178,-6.4575497978493965,-36.20075397642021,nova floresta,ce
58120,-7.176657992012693,-35.73483003643631,massaranduba,pb
58106,-7.226186260620714,-35.87609568034784,campina grande,pb
58103,-6.985232666438388,-34.829670608822624,cabedelo,pb
58188,-6.644907070632345,-36.24817306021993,barauna,pb
58105,-7.02750311291894,-34.84594477416213,cabedelo,pb
58108,-6.984018449537319,-34.82945883189014,cabedelo,pb
58107,-7.240182558976292,-35.92355247016561,campina grande,pb
58233,-6.536089543684674,-35.74425065533847,araruna,pb
58255,-6.695727063715224,-35.53979824621589,belm,pa
58268,-6.752456999999998,-35.43926417563684,sertaozinho,sp
58253,-6.616963778812075,-35.46698334573153,caicara,pb
58303,-7.149682373625689,-34.97251820386906,santa rita,pb
58302,-7.151859844282361,-34.96347946232943,santa rita,pb
58307,-7.124757457244169,-34.938196309610895,bayeux,pb
58300,-7.1265034089987935,-34.9843490093104,santa rita,pb
58309,-7.13286951827377,-34.925421414871174,bayeux,pb
58305,-7.12001385040056,-34.90790378539592,bayeux,pb
58301,-7.131692231396082,-34.97569791978114,santa rita,pb
58308,-7.13308278320726,-34.93300480817657,bayeux,pb
58360,-7.32803999999993,-35.33167999999995,itabaiana,se
58322,-7.287683058602797,-34.80581142968104,conde,ba
58354,-7.030629338204326,-35.464777668578414,mulungu,ce
58390,-6.947982726422446,-35.54495800976266,alagoinha,pb
58393,-6.864879609113576,-35.608775390886414,piloes,pb
58306,-7.126526540495079,-34.92352352733699,bayeux,pb
58338,-7.265768308134914,-35.2606079177721,pilar,al
58304,-7.11817165505813,-34.949600563286744,santa rita,pb
58310,-6.999859925895078,-34.833871078961465,cabedelo,pb
58410,-7.241552060463126,-35.882676803633274,campina grande,pb
58428,-7.216436682209008,-35.898859482514865,campina grande,pb
58475,-7.353397003889961,-35.90103084152794,queimadas,ba
58417,-7.251604711350923,-35.914640138640394,campina grande,pb
58430,-7.224416528449408,-35.91923870413756,campina grande,pb
58400,-7.216958744936218,-35.88635353719198,campina grande,pb
58404,-7.201989570999956,-35.89989499999996,campina grande,pb
58401,-7.209241574528204,-35.87778861740434,campina grande,pb
58432,-7.232781142391293,-35.91307189203071,santa cecilia de umbuzeiro,pb
58415,-7.245618873160597,-35.89097554010618,campina grande,pb
58407,-7.223608617819773,-35.87588797757268,campina grande,pb
58416,-7.229945965664336,-35.89500338951925,campina grande,pb
58429,-7.217590033585305,-35.90832933166945,santa cecilia de umbuzeiro,pb
58414,-7.232554729384324,-35.892874403831705,campina grande,pb
58411,-7.253561493479122,-35.883807836112844,campina grande,pb
58433,-7.225673175688141,-35.92971003649949,campina grande,pb
58463,-7.748921999999947,-35.900233999999955,santa cecilia,pb
58406,-7.216406120174292,-35.87325272745107,campina grande,pb
58483,-7.751435060732928,-36.319214717576266,barra de sao miguel,al
58408,-7.248742168463126,-35.870291369324654,campina grande,pb
58423,-7.255630060852107,-35.93488838974949,campina grande,pb
58420,-7.2724207918809105,-35.9280541098589,campina grande,pb
58402,-7.2084546285520945,-35.87019420951736,campina grande,pb
58421,-7.265494933473603,-35.92276050212974,campina grande,pb
58424,-7.270863313373653,-35.93640867974128,campina grande,pb
58436,-7.207082425087987,-35.94293679218573,campina grande,pb
58431,-7.208087891795129,-35.92494200687646,campina grande,pb
58418,-7.259076096979299,-35.90623583101095,campina grande,pb
58437,-7.210490556720983,-35.92973012535638,campina grande,pb
58434,-7.246119991948189,-35.92816493649776,campina grande,pb
58403,-7.20750651318597,-35.88881115015292,campina grande,pb
58550,-7.6975116859805315,-37.0828479450466,prata,mg
58548,-7.56660263688026,-37.06045358704511,amparo,sp
58675,-7.221472586861492,-36.63432087540709,santo andree,sp
58680,-7.206518210412317,-36.82510830081406,taperoa,ba
58600,-6.873733280094592,-36.91189865386837,santa luzia,mg
58620,-6.770696090363477,-36.98940546893924,varzea,pb
58706,-7.019567227698031,-37.27659292824436,patos,pb
58753,-7.635474682722608,-37.87650349374389,tavares,pb
58701,-7.038870942170222,-37.28184148590845,patos,pb
58703,-7.0290391027319865,-37.28397724452758,patos,pb
58798,-7.476206346262474,-38.04042056990706,nova olinda,ce
58707,-7.049801910429333,-37.27613910728637,patos,pb
58714,-6.907256581050757,-37.59801835577353,condado,pb
58704,-7.01885408301656,-37.28096338237764,patos,pb
58790,-7.429524919671517,-38.07156868397564,pedra branca,ce
58780,-7.301726750609972,-38.15223070460149,itaport alegreranga,pb
58700,-7.024352881718226,-37.27856263881752,patos,pb
58708,-7.076204747709529,-37.28688373685988,patos,pb
58705,-7.008093118407543,-37.28845915593149,patos,pb
58805,-6.771148659801056,-38.23821995067455,sousa,pb
58807,-6.764933117490468,-38.23140256673116,sousa,pb
58802,-6.761823539299049,-38.22622568534007,sousa,pb
58860,-6.599039698798513,-37.622882374370334,paulista,pe
58823,-6.783582591390273,-38.08461697264119,aparecida,pb
58800,-6.760706691993601,-38.22874842573959,sousa,pb
58801,-6.756439581398887,-38.22826951058397,sousa,pb
58818,-6.617943590143187,-38.09686620782328,sao francisco,mg
58806,-6.7561618502013445,-38.238115175799216,sousa,pb
58808,-6.771148659801056,-38.23821995067455,sousa,pb
58804,-6.781176871286787,-38.227600170957096,sousa,pb
58824,-6.592757966217426,-38.11472804344056,santa cruz,pb
58887,-6.446266941214969,-37.926856911015456,bom sucesso,mg
58970,-7.557180011994394,-38.508656616624,conceio,pb
58920,-6.58137983492935,-38.59850318236325,triunfo,pb
58993,-7.418572173997089,-38.21743472666208,boa ventura,pb
58930,-6.870987,-38.648448,bom jesus,go
58925,-6.722515624940927,-38.641542478732006,santa helena,ma
58978,-7.625139551078413,-38.55847188222507,santa ines,ma
59064,-5.8331894727598455,-35.21431166010473,natal,rn
59025,-5.784737971694812,-35.2054456090658,natal,rn
59067,-5.8589472881008176,-35.24596161172017,natal,rn
59086,-5.87077334110451,-35.20888722814357,natal,rn
59015,-5.805061455479495,-35.20215321197441,natal,rn
59062,-5.815326063742324,-35.22682592367573,natal,rn
59012,-5.777433114425645,-35.19838374195184,natal,rn
59068,-5.856259499999994,-35.23363875000001,natal,rn
59065,-5.838360454065439,-35.215977263806344,natal,rn
59066,-5.8511188710616,-35.21889776741765,natal,rn
59078,-5.854156890572108,-35.20066504951776,natal,rn
59020,-5.802837618373424,-35.20164321098454,natal,rn
59082,-5.864338395606093,-35.18923476586273,natal,rn
59037,-5.805179786956451,-35.22627096003573,natal,rn
59056,-5.816017430456123,-35.203077730253355,natal,rn
59090,-5.885825448237058,-35.17532698765074,natal,rn
59040,-5.727435856793125,-35.2609452039794,natal,rn
59060,-5.814439379569151,-35.2484441996436,natal,rn
59054,-5.810642387044395,-35.21847412749212,natal,rn
59071,-5.821763950602985,-35.23997662254023,natal,rn
59075,-5.825074358589647,-35.20160270774423,natal,rn
59010,-5.769769746321206,-35.20264706466045,natal,rn
59074,-5.823181974444901,-35.262565461667336,natal,rn
59073,-5.854324390501519,-35.25100695155527,natal,rn
59014,-5.790382794621691,-35.19527154815625,natal,rn
59050,-5.806891160483151,-35.2355611046806,natal,rn
59022,-5.805773748542904,-35.20521553205609,natal,rn
59080,-5.851241769086473,-35.207529631975284,natal,rn
59076,-5.832762883432376,-35.206586172629706,natal,rn
59063,-5.818950827370276,-35.21633146433722,natal,rn
59084,-5.868729586184966,-35.19870162808015,natal,rn
59091,-5.879912620728525,-35.198639131329614,natal,rn
59092,-5.882265699889063,-35.180498774916785,natal,rn
59069,-5.8450761509896445,-35.2423493336027,natal,rn
59031,-5.806347557607759,-35.210487256764445,natal,rn
59030,-5.800559887875781,-35.211296723844406,natal,rn
59070,-5.827293586733219,-35.23394994393788,natal,rn
59052,-5.8093109264527465,-35.23304583166944,natal,rn
59035,-5.804155310502686,-35.226950726191,natal,rn
59094,-5.871662024986956,-35.18695259963072,natal,rn
59072,-5.822797566701599,-35.249701567038706,natal,rn
59088,-5.879141145328188,-35.20142316133947,natal,rn
59042,-5.771786948669197,-35.19659039060018,natal,rn
59032,-5.807195823539833,-35.21700199810876,natal,rn
59077,-5.84026560421836,-35.20826026672055,natal,rn
59110,-5.755556011656766,-35.257401838190304,natal,rn
59127,-5.748645823763596,-35.25552246779968,natal,rn
59146,-5.909983102982712,-35.26737961888273,parnamirim,rn
59112,-5.754015250908833,-35.26195337662306,natal,rn
59140,-5.930644006769433,-35.26385529939677,parnamirim,rn
59151,-5.882257292719153,-35.2040340366164,parnamirim,rn
59144,-5.9436661927139545,-35.28806675811265,parnamirim,rn
59129,-5.7496363636049255,-35.26195558181398,natal,rn
59150,-5.881441159328048,-35.21463493603012,parnamirim,rn
59125,-5.750386648075452,-35.24546581626178,natal,rn
59115,-5.755245271372925,-35.28144641278807,natal,rn
59108,-5.763066894252424,-35.25732863336026,natal,rn
59148,-5.889807707007676,-35.22812580006307,parnamirim,rn
59152,-5.877772274940695,-35.21715973245594,parnamirim,rn
59185,-6.344971391276288,-35.37069222847308,varzea,pb
59114,-5.760520566141271,-35.27974187776145,natal,rn
59158,-5.926805999999994,-35.204701499999985,parnamirim,rn
59149,-5.879064163431219,-35.251512399442134,parnamirim,rn
59133,-5.731418787757489,-35.232098290265775,natal,rn
59131,-5.725044335276124,-35.24465739286745,natal,rn
59106,-5.768009374974083,-35.27216035035842,natal,rn
59104,-5.763278697965227,-35.27138207422215,natal,rn
59135,-5.729643744099497,-35.25485522078598,natal,rn
59142,-5.925521492832904,-35.28112029176189,parnamirim,rn
59141,-5.927516251159276,-35.27819520366996,parnamirim,rn
59145,-5.90980419045916,-35.27451989434138,parnamirim,rn
59153,-5.886715373677898,-35.19984601507582,parnamirim,rn
59182,-6.068178629355145,-35.33334394224518,monte alegre,pa
59120,-5.756856789341571,-35.248755803220035,natal,rn
59124,-5.756760534882758,-35.25040032093871,natal,rn
59136,-5.722470041635382,-35.248437513185955,natal,rn
59138,-5.735866221766923,-35.26149582154189,natal,rn
59139,-5.732816479600671,-35.26880880904841,natal,rn
59122,-5.753601000000003,-35.22556800000001,natal,rn
59155,-5.929342367655228,-35.25262176236841,parnamirim,rn
59156,-5.941811903801908,-35.2483136062781,parnamirim,rn
59154,-5.906082005662904,-35.20406694357568,parnamirim,rn
59147,-5.902286274262903,-35.2731389745273,parnamirim,rn
59132,-5.730858094090814,-35.237576021928525,natal,rn
59160,-5.952350847090686,-35.163267992264984,parnamirim,rn
59143,-5.9308391183484455,-35.27121894756442,parnamirim,rn
59161,-5.960876819327127,-35.14951424937296,parnamirim,rn
59123,-5.735338840392046,-35.24790148261556,natal,rn
59184,-6.047601112442655,-35.42757896290609,vera cruz,ba
59157,-5.943260253867756,-35.255191122941206,parnamirim,rn
59200,-6.231369044510069,-36.0208031553571,santa cruz,pb
59296,-5.767733285303072,-35.275466808694375,sao goncalo do amarante,rn
59290,-5.750633421641003,-35.29546815160252,sao goncalo do amarante,rn
59295,-5.763303369114572,-35.28865106845092,sao goncalo do amarante,rn
59240,-6.201564543912872,-35.801813946927695,tangara,rn
59297,-5.788622738336403,-35.305980751743355,sao goncalo do amarante,rn
59291,-5.791715100379596,-35.33113409949438,sao goncalo do amarante,rn
59219,-6.188236802145648,-35.35650095232444,brejinho,pe
59270,-5.988699250481978,-35.580089459063814,bom jesus,go
59298,-5.788858316385153,-35.309971781324016,sao goncalo do amarante,rn
59258,-6.279327000000004,-35.495118000000005,serrinha,ba
59347,-6.707239640780904,-36.94469028992312,ouro branco,al
59340,-6.217969669646679,-36.68329799368687,sao vicente,sp
59420,-5.878543233301801,-35.93521954188944,ruy barbosa,ba
59400,-5.973865109612069,-36.07496531096121,sao tome,pr
59470,-5.805136959594633,-35.82136929191892,riachuelo,rn
59440,-6.10752907461681,-35.91378340816983,sitio novo,ma
59464,-5.84076151578525,-35.692963484542844,santa maria,rs
59594,-5.357335382681001,-36.12286110428356,jandaira,ba
59513,-5.649200861119696,-36.869951708165786,itaja,go
59582,-5.455005354378731,-35.55401775402703,pureza,rj
59600,-5.206258589915501,-37.35577140717104,mossoro,rn
59610,-5.193675667996122,-37.34078669382569,mossoro,rn
59631,-5.218549241565457,-37.34056676909581,mossoro,rn
59680,-5.859327039120926,-37.31023715514481,camport alegre grande,ms
59634,-5.238587488392709,-37.326659040573,mossoro,rn
59628,-5.220053149862916,-37.325488139605085,mossoro,rn
59625,-5.20308505556572,-37.33906047500442,mossoro,rn
59614,-5.156345013342704,-37.361589497823736,mossoro,rn
59611,-5.182039078634101,-37.34269565693975,mossoro,rn
59607,-5.181968721312831,-37.36661049279753,mossoro,rn
59603,-5.191711785145541,-37.34618324560507,mossoro,rn
59655,-4.960484566241286,-37.13433881403624,areia branca,rn
59618,-5.188160296958005,-37.33664424775585,mossoro,rn
59621,-5.1707638883269045,-37.32973869130278,mossoro,rn
59635,-5.228595790171407,-37.34922033186035,mossoro,rn
59619,-5.177680745157708,-37.34448048875059,mossoro,rn
59615,-5.152064686359812,-37.35352859917288,mossoro,rn
59626,-5.200279885093419,-37.30918462628468,mossoro,rn
59616,-5.140274831904478,-37.35557763979338,mossoro,rn
59605,-5.197684851530163,-37.35651492991871,mossoro,rn
59695,-5.084799038512361,-37.609133491651455,barauna,pb
59633,-5.223893916137312,-37.32789681533492,mossoro,rn
59613,-5.155605,-37.35197775,mossoro,rn
59612,-5.166073596078908,-37.359358403921085,mossoro,rn
59604,-5.208624251981083,-37.36062625567413,mossoro,rn
59609,-5.193328370807684,-37.382049536928896,mossoro,rn
59630,-5.187300135266318,-37.31129130607357,mossoro,rn
59617,-5.170682573909913,-37.3602491789252,mossoro,rn
59855,-5.842366443729049,-37.997856959808814,ita,rn
59815,-5.993617860369138,-37.94583853785594,vicosa,mg
59920,-6.2173453677612445,-38.49246449581689,sao miguel,ce
59960,-6.265106999999992,-38.041730999999984,piloes,pb
59987,-6.264253954784666,-38.31011999435294,riacho de santana,ba
59950,-6.4852539069805015,-38.31191618504487,parana,rn
60010,-3.7252399453228704,-38.54577540813088,fortaleza,ce
60030,-3.7232790349702767,-38.53612224271453,fortaleza,ce
60035,-3.730109144324543,-38.532260100611694,fortaleza,ce
60020,-3.7395708081830255,-38.5379502458016,fortaleza,ce
60025,-3.723306129061096,-38.527235004991645,fortaleza,ce
60060,-3.7224948535655047,-38.51391833921755,fortaleza,ce
60050,-3.74823015617247,-38.524955034010006,fortaleza,ce
60011,-3.732561030691271,-38.54236260410677,fortaleza,ce
60055,-3.749334515248173,-38.52361938377261,fortaleza,ce
60040,-3.744880063841872,-38.53056569851819,fortaleza,ce
60015,-3.7316845947833,-38.5381370276127,fortaleza,ce
60181,-3.728184810433396,-38.47678545198797,fortaleza,ce
60165,-3.7254671692561754,-38.49806677238976,fortaleza,ce
60135,-3.748237921172627,-38.50598489938832,fortaleza,ce
60160,-3.7275969184026647,-38.51052232944775,fortaleza,ce
60192,-3.7426544213168538,-38.48417765306712,fortaleza,ce
60150,-3.737756388568278,-38.50052084624039,fortaleza,ce
60170,-3.7335671035258686,-38.49101697224308,fortaleza,ce
60130,-3.756561187602797,-38.51914418340113,fortaleza,ce
60115,-3.744127896474129,-38.51085902775693,fortaleza,ce
60175,-3.723440428156569,-38.47693909661432,fortaleza,ce
60140,-3.7416782330731686,-38.49477936129211,fortaleza,ce
60110,-3.74398789869582,-38.51979040161001,fortaleza,ce
60120,-3.757960553060787,-38.51625458829716,fortaleza,ce
60190,-3.750499353377695,-38.474946043861365,fortaleza,ce
60125,-3.72605160061168,-38.500435304605,fortaleza,ce
60177,-3.740839878988981,-38.46187631334758,fortaleza,ce
60191,-3.750441820756192,-38.45986708563056,fortaleza,ce
60182,-3.746889429915196,-38.452925949073794,fortaleza,ce
60183,-3.7560474838726248,-38.44595495243356,fortaleza,ce
60180,-3.722612311962606,-38.47529957216227,fortaleza,ce
60176,-3.745459854290482,-38.479460296554926,fortaleza,ce
60131,-3.76166347960067,-38.51323565667377,fortaleza,ce
60184,-3.726895500000001,-38.468889,fortaleza,ce
60155,-3.726191734664442,-38.50741827200066,fortaleza,ce
60351,-3.726027890645741,-38.59580439133823,fortaleza,ce
60312,-3.7080767552829816,-38.569538683367234,fortaleza,ce
60337,-3.711201265335558,-38.56537569525074,fortaleza,ce
60325,-3.732975199549927,-38.552017086040735,fortaleza,ce
60355,-3.7352249368749866,-38.567317867817614,fortaleza,ce
60361,-3.745202196779972,-38.59314435706043,fortaleza,ce
60332,-3.705046742431358,-38.5827532272941,fortaleza,ce
60346,-3.723672446852087,-38.59178942714525,fortaleza,ce
60330,-3.7106719069210112,-38.58674646799872,fortaleza,ce
60360,-3.748951940676668,-38.58487924725554,fortaleza,ce
60341,-3.718383956979638,-38.58647836886143,fortaleza,ce
60310,-3.713222000836713,-38.55345616403139,fortaleza,ce
60350,-3.7363966136534303,-38.59251497515727,fortaleza,ce
60347,-3.713355419095152,-38.59527923244273,fortaleza,ce
60326,-3.725059497768116,-38.55292649851207,fortaleza,ce
60356,-3.7353255087425623,-38.58773502178432,fortaleza,ce
60333,-3.7064874414190414,-38.564462985560944,fortaleza,ce
60331,-3.703182904524212,-38.58343474493623,fortaleza,ce
60311,-3.7179524598938247,-38.56032704593454,fortaleza,ce
60348,-3.719036598389977,-38.5987085306711,fortaleza,ce
60320,-3.727902784537524,-38.560445470261314,fortaleza,ce
60340,-3.722510545934553,-38.57961463835194,fortaleza,ce
60335,-3.713471095804672,-38.55807566583006,fortaleza,ce
60336,-3.716146424923537,-38.57604972093022,fortaleza,ce
60352,-3.734266148381465,-38.59601132356499,fortaleza,ce
60357,-3.729416214679832,-38.5718809503757,fortaleza,ce
60345,-3.7209784794979472,-38.59951474462766,fortaleza,ce
60353,-3.7226745000000014,-38.6056755,fortaleza,ce
60321,-3.722755411045074,-38.56106865015292,fortaleza,ce
60349,-3.715021156965042,-38.60122829401411,fortaleza,ce
60334,-3.7078315969966256,-38.57270345745298,fortaleza,ce
60440,-3.75920950735759,-38.56668586011886,fortaleza,ce
60420,-3.764602875382307,-38.551905696779954,fortaleza,ce
60450,-3.7389337489736674,-38.55893130848019,fortaleza,ce
60441,-3.801805829650568,-38.63408742114357,fortaleza,ce
60410,-3.771383705343794,-38.53299835332586,fortaleza,ce
60415,-3.7533461404322734,-38.53031647544251,fortaleza,ce
60455,-3.7379990008367128,-38.55290902914189,fortaleza,ce
60430,-3.7406863025275454,-38.5458986261469,fortaleza,ce
60425,-3.757934220930202,-38.54715021856428,fortaleza,ce
60411,-3.7624278301402287,-38.5300725925616,fortaleza,ce
60442,-3.759296810083266,-38.55931515328924,fortaleza,ce
60426,-3.754473553777097,-38.55345247395059,fortaleza,ce
60416,-3.759325138828358,-38.549746624702095,fortaleza,ce
60431,-3.738532809048407,-38.5437308731606,fortaleza,ce
60421,-3.767937338882806,-38.553789295169935,fortaleza,ce
60422,-3.7640385431100754,-38.52925016642983,fortaleza,ce
60532,-3.769427999999945,-38.61655999999997,fortaleza,ce
60545,-3.775808881210678,-38.60396778934157,fortaleza,ce
60534,-3.764972723602936,-38.59862513084857,fortaleza,ce
60511,-3.7500597782857055,-38.58155387289598,fortaleza,ce
60540,-3.7872269999999935,-38.6022825,fortaleza,ce
60510,-3.760066708201816,-38.57890979810727,fortaleza,ce
60541,-3.7807715492527767,-38.58557485414625,fortaleza,ce
60543,-3.7937895463388944,-38.59631775680296,fortaleza,ce
60525,-3.769036815713509,-38.59001634846211,fortaleza,ce
60520,-3.773434618668716,-38.58060539823295,fortaleza,ce
60533,-3.771737794696039,-38.61871704336607,fortaleza,ce
60521,-3.76308759616828,-38.58840559991918,fortaleza,ce
60526,-3.754200374174697,-38.59680369915572,fortaleza,ce
60530,-3.767393999999946,-38.60735749999995,fortaleza,ce
60531,-3.767879999999945,-38.61162349999995,fortaleza,ce
60544,-3.798146289188063,-38.611787687242746,fortaleza,ce
60512,-3.7519916923385632,-38.57928912971604,fortaleza,ce
60542,-3.778251401610021,-38.58556749347911,fortaleza,ce
60546,-3.7948155192031474,-38.61858714763228,fortaleza,ce
60527,-3.752000487613656,-38.596171004137936,fortaleza,ce
60763,-3.8169543789999807,-38.592254999999966,fortaleza,ce
60750,-3.838011904524208,-38.55726360421835,fortaleza,ce
60731,-3.8025280688038143,-38.59791836633694,fortaleza,ce
60730,-3.792752884817363,-38.5869848104334,fortaleza,ce
60711,-3.794754069940569,-38.56560636303305,fortaleza,ce
60714,-3.7843448809961,-38.5553648112696,fortaleza,ce
60761,-3.8289687157022887,-38.56032979694207,fortaleza,ce
60712,-3.804035508639272,-38.56550167352259,fortaleza,ce
60710,-3.783814826533557,-38.57167852914191,fortaleza,ce
60752,-3.818641746321208,-38.57281367638063,fortaleza,ce
60740,-3.7131948369732974,-38.548843910373314,fortaleza,ce
60713,-3.797276610264443,-38.58371452603109,fortaleza,ce
60744,-3.8007299999999447,-38.546944999999965,fortaleza,ce
60766,-3.8340968247924416,-38.57151944250091,fortaleza,ce
60732,-3.8093947716941257,-38.6317339396013,fortaleza,ce
60720,-3.773377096873992,-38.561970397614566,fortaleza,ce
60743,-3.807448059505409,-38.53934812638211,fortaleza,ce
60733,-3.8195719870658777,-38.61417853332649,fortaleza,ce
60721,-3.782854791563265,-38.57461638995326,fortaleza,ce
60741,-3.780360995008341,-38.54431954524207,fortaleza,ce
60736,-3.8072746208667896,-38.60936543213689,fortaleza,ce
60762,-3.8123369981577904,-38.57255894771824,fortaleza,ce
60751,-3.834812999999947,-38.56047199999995,fortaleza,ce
60760,-3.8359713666397233,-38.56286853497028,fortaleza,ce
60742,-3.788648873081493,-38.53931961896272,fortaleza,ce
60765,-3.820409675900831,-38.58647542105216,fortaleza,ce
60764,-3.813082601007253,-38.53076251008741,fortaleza,ce
60767,-3.8152899436513046,-38.57892851313923,fortaleza,ce
60768,-3.8206120589999273,-38.56940199999997,fortaleza,ce
60734,-3.835529309993442,-38.491313882389946,fortaleza,ce
60864,-3.798982955364943,-38.51080716452038,fortaleza,ce
60822,-3.809200987832817,-38.48089572885305,fortaleza,ce
60876,-3.848796252553617,-38.51804082416761,fortaleza,ce
60823,-3.793449396792274,-38.50178525149853,fortaleza,ce
60821,-3.787823514570946,-38.49630750513589,fortaleza,ce
60833,-3.795991543712861,-38.4747760217843,fortaleza,ce
60851,-3.765959198572656,-38.50944162956148,fortaleza,ce
60810,-3.7714253019960218,-38.4991709711858,fortaleza,ce
60820,-3.783230151537899,-38.50796423910784,fortaleza,ce
60841,-3.811709996393315,-38.49416225728547,fortaleza,ce
60831,-3.824190216030415,-38.46347492732565,fortaleza,ce
60842,-3.822391529834396,-38.50199500790584,fortaleza,ce
60860,-3.783450991949923,-38.51827580322004,fortaleza,ce
60840,-3.826294040798659,-38.489228868861424,fortaleza,ce
60812,-3.699851321369517,-38.57693625716176,fortaleza,ce
60835,-3.8128673246959006,-38.4122173976074,fortaleza,ce
60830,-3.811166235954361,-38.47864510204188,fortaleza,ce
60824,-3.809760400626615,-38.49494808729755,fortaleza,ce
60871,-3.8320143841248737,-38.49293279877663,fortaleza,ce
60811,-3.7723706516872326,-38.50259139127932,fortaleza,ce
60861,-3.82405012425272,-38.543356322554,fortaleza,ce
60862,-3.805691398659595,-38.5083156589094,fortaleza,ce
60866,-3.832767738500968,-38.51599711109338,fortaleza,ce
60832,-3.807619145558186,-38.45204012260331,fortaleza,ce
60874,-3.863468650845408,-38.5056130284494,fortaleza,ce
60813,-3.779009478214464,-38.48428178970045,fortaleza,ce
60865,-3.839702039413689,-38.518381194558266,fortaleza,ce
60867,-3.808614779483489,-38.5198622447594,fortaleza,ce
60870,-3.845806862750186,-38.50971909913928,fortaleza,ce
60873,-3.854506552214648,-38.50071819043525,fortaleza,ce
60863,-3.8258585145426167,-38.51554133075649,fortaleza,ce
60872,-3.850294724230651,-38.47334507735112,fortaleza,ce
60844,-3.823830806352522,-38.48108614165762,fortaleza,ce
60868,-3.837295192045838,-38.52714438197655,fortaleza,ce
60843,-3.8312353770453353,-38.47603970387874,fortaleza,ce
60834,-3.782549095475787,-38.45840051096428,fortaleza,ce
60850,-3.773103066333888,-38.517498612960935,fortaleza,ce
60875,-3.856569999999977,-38.48007319699997,fortaleza,ce
60878,-3.857089999999971,-38.49008575099998,fortaleza,ce
60836,-3.803085402831908,-38.45157749962748,fortaleza,ce
61604,-3.7551783213115577,-38.65934362622857,caucaia,ce
61601,-3.722297575936949,-38.65670215326409,caucaia,ce
61621,-3.691969925529097,-38.64800574551338,caucaia,ce
61634,-3.741490757266473,-38.62287902829689,caucaia,ce
61650,-3.765423966465952,-38.61768348214304,caucaia,ce
61602,-3.730535907714505,-38.645301147210496,caucaia,ce
61652,-3.772845206768186,-38.62116200532432,caucaia,ce
61603,-3.741446538051031,-38.653943349403136,caucaia,ce
61654,-3.693357805473682,-38.65947758132221,caucaia,ce
61656,-3.76370107799994,-38.64825499999995,caucaia,ce
61620,-3.6715048050930874,-38.67529518423866,caucaia,ce
61637,-3.6625623793904127,-38.79813222013788,caucaia,ce
61615,-3.730311,-38.70232909666112,caucaia,ce
61626,-3.689349293279146,-38.63545160137432,caucaia,ce
61605,-3.740228285465928,-38.66322223050559,caucaia,ce
61645,-3.757594499999996,-38.61652499999998,caucaia,ce
61616,-3.721274789711273,-38.79177459904023,caucaia,ce
61642,-3.7473454282815593,-38.6062621044912,caucaia,ce
61627,-3.692673473306173,-38.62136564966666,caucaia,ce
61659,-3.780512875999932,-38.652064999999936,caucaia,ce
61608,-3.741563422144637,-38.64286836417862,caucaia,ce
61600,-3.732408169223661,-38.66332431978007,caucaia,ce
61658,-3.769922999999945,-38.65279399999997,caucaia,ce
61610,-3.737983499999999,-38.669337000000006,caucaia,ce
61636,-3.702078593605373,-38.69619121918389,caucaia,ce
61655,-3.767942093400563,-38.63498260833257,caucaia,ce
61635,-3.737839564866449,-38.61103714160696,caucaia,ce
61619,-3.63491278698686,-38.71531120977645,caucaia,ce
61624,-3.626808996797407,-38.73148015297648,caucaia,ce
61631,-3.695141558869452,-38.600180527886735,caucaia,ce
61648,-3.756639802072311,-38.61845111659876,caucaia,ce
61661,-3.781017573999975,-38.630874999999946,caucaia,ce
61629,-3.706005291242493,-38.645892497723686,caucaia,ce
61625,-3.700795108689544,-38.66338721612401,caucaia,ce
61663,-3.78088430675568,-38.65808525110107,caucaia,ce
61814,-3.8888089029999264,-38.60311288599996,pacatuba,ce
61800,-4.001649125332664,-38.62255416765451,pacatuba,ce
61809,-3.9052822574765287,-38.59952721967252,pacatuba,ce
61801,-3.982457148522448,-38.61285927886133,pacatuba,ce
61810,-3.889722892361736,-38.59792195891743,pacatuba,ce
61802,-3.962058189603983,-38.61282527449765,pacatuba,ce
61803,-3.978914367327019,-38.59756935679648,pacatuba,ce
61805,-3.9375243514193135,-38.60995824775205,pacatuba,ce
61925,-3.839632245534653,-38.59439688352401,maracanau,ce
61944,-3.880895944278252,-38.674414132707845,maranguape,ce
61900,-3.879709428390683,-38.61191298651324,maracanau,ce
61910,-3.864879999999971,-38.64055683199996,maracanau,ce
61933,-3.869721516489664,-38.588532856129326,maracana,ce
61941,-3.886942389784936,-38.685939850038274,maranguape,ce
61932,-3.8541886300200434,-38.58477618380895,maracanau,ce
61909,-3.90842146221376,-38.62109291194588,maracanau,ce
61948,-3.9114421620524578,-38.68421345727917,maranguape,ce
61901,-3.883349999999947,-38.62039399999995,maracanau,ce
61940,-3.893825280264256,-38.68706076812864,maranguape,ce
61936,-3.8748089999999458,-38.610120499999965,maracanau,ce
61905,-3.870726246196357,-38.62534852888618,maracanau,ce
61946,-3.904972810409439,-38.67675194648557,maranguape,ce
61942,-3.8885763847255914,-38.67958359091719,maranguape,ce
61921,-3.846777152940692,-38.61118554031959,maracana,ce
61920,-3.850580999999945,-38.61283399999997,maracanau,ce
61943,-3.8714381274141783,-38.67251822977551,maranguape,ce
61934,-3.8783285902310216,-38.59412735739493,maracanau,ce
61939,-3.876104415952889,-38.59578398284905,maracanau,ce
61908,-3.918426019369427,-38.622008262786615,maracanau,ce
61913,-3.8564071108087785,-38.63567555848024,maracanau,ce
61903,-3.881840993720744,-38.63293110246262,maracanau,ce
61962,-3.8937044582287337,-38.68789696862432,maranguape,ce
61919,-3.85080394073803,-38.61649216839673,maracanau,ce
61930,-3.8369864182584297,-38.58078443366611,maracana,ce
61902,-3.869674337222184,-38.62413950145832,maracana,ce
61949,-3.915803568793486,-38.69094578450255,maranguape,ce
61914,-3.848017713938215,-38.64599727306751,maracanau,ce
61935,-3.8497170147503024,-38.58081238755328,maracanau,ce
62040,-3.685944349572401,-40.34070459159922,sobral,ce
62041,-3.675071796527394,-40.35916396145585,sobral,ce
62010,-3.682543158659581,-40.350677053797625,sobral,ce
62031,-3.675600517029441,-40.37046356791459,sobral,ce
62020,-3.6851579858234342,-40.36147696558831,sobral,ce
62016,-3.6973432569295928,-40.36871414414944,sobral,ce
62011,-3.689375804524524,-40.3495339761375,sobral,ce
62030,-3.668229235718116,-40.37281407181986,sobral,ce
62015,-3.693058735940769,-40.36205732502612,sobral,ce
62023,-3.687996640534278,-40.363239090021786,sobral,ce
62050,-3.7102242953371287,-40.33547821579733,sobral,ce
62033,-3.659607712845224,-40.38487861890456,sobral,ce
62042,-3.6871416354559736,-40.34595836329208,sobral,ce
62021,-3.6789216176823416,-40.37316067438773,sobral,ce
62039,-3.671061892521773,-40.35011889432007,sobral,ce
62044,-3.67559725475704,-40.33421015168365,sobral,ce
62022,-3.686661555260325,-40.3638842516532,sobral,ce
62043,-3.6812016327954185,-40.34743770214249,sobral,ce
62045,-3.7074701709999545,-40.33957037699997,sobral,ce
62034,-3.674196168497743,-40.35135184708592,sobral,ce
62051,-3.673181121034215,-40.36923670596836,sobral,ce
62000,-3.6900156501164623,-40.35139748160692,sobral,ce
62014,-3.69935806919775,-40.36343250607632,sobral,ce
62053,-3.684198248162681,-40.31643184069993,sobral,ce
62032,-3.6761999999999375,-40.33831999999995,sobral,ce
62104,-3.695333592157074,-40.36080615677394,sobral,ce
62270,-4.404291228955339,-40.4033110956103,hidrolandia,ce
62595,-2.92365110618486,-40.175865560453445,cruz,ce
62500,-3.4967362863456595,-39.57880187474208,itapiport alegreca,ce
62550,-3.2271299179057897,-40.12524062498003,morrinhos,ce
62597,-2.9198646438924825,-40.17454637807644,cruz,ce
62508,-3.5050992575393813,-39.58323484198769,itapiport alegreca,ce
62505,-3.4902575184408997,-39.56743954084683,itapiport alegreca,ce
62670,-3.609668999999947,-38.96661049999997,sao goncalo do amarante,rn
62677,-3.503039661912078,-38.92041619868282,sao goncalo do amarante,rn
62790,-4.225690029422056,-38.729118769792855,redencao,pa
62730,-4.231187562683074,-39.19426824169106,caridade,ce
62764,-4.300709334559986,-38.99163950572999,mulungu,ce
62750,-4.371151142617257,-38.80931089044586,aracoiaba,ce
62725,-3.825896451376389,-38.45635743099319,lagoa do mato,ce
62734,-4.232947648475703,-39.1932983575095,caridade,ce
62850,-4.123006726243445,-38.24515186603778,cascavel,pr
62880,-4.103667442881338,-38.495564300328574,horizonte,ce
62882,-4.099155176734529,-38.48980723168998,horizonte,ce
62886,-4.0980263665861605,-38.50724252524906,horizonte,ce
62884,-4.110192432242012,-38.4850941021477,horizonte,ce
62899,-4.129987743899816,-38.49803687687897,queimados,rj
62885,-4.131017079207135,-38.488455254464014,horizonte,ce
62881,-4.075140262040668,-38.49929066602553,horizonte,ce
62940,-5.113270140113799,-38.36673257418335,morada nova,ce
62980,-5.81126947465788,-38.30429410506842,iracema,ce
62922,-5.083044796163477,-37.91118133816753,lagoinha,ce
62948,-5.243329999999958,-38.48055999999997,morada nova,ce
62903,-7.862896665295174,-37.969825225654745,flores,ce
63024,-7.231786643248408,-39.3503237747785,juazeiro do norte,ce
63050,-7.216966977021895,-39.322405344717296,juazeiro do norte,ce
63010,-7.201908,-39.320293500000005,juazeiro do norte,ce
63022,-7.222871408508096,-39.330420853659696,juazeiro do norte,ce
63041,-7.223170450943757,-39.32587932878771,juazeiro do norte,ce
63035,-7.21866673425684,-39.29507168184457,juazeiro do norte,ce
63020,-7.207693723337617,-39.30445664065565,juazeiro do norte,ce
63030,-7.225458648575103,-39.301058531356645,juazeiro do norte,ce
63016,-7.203669774311019,-39.306116271892535,juazeiro do norte,ce
63047,-7.241783684767492,-39.30930451281167,juazeiro do norte,ce
63046,-7.236533795822519,-39.32516085039166,juazeiro do norte,ce
63040,-7.231992664186285,-39.32579297404892,juazeiro do norte,ce
63018,-7.212699000000004,-39.27676724999999,juazeiro do norte,ce
63033,-7.236452053007762,-39.30527317023308,juazeiro do norte,ce
63051,-7.231646318717507,-39.31911262215324,juazeiro do norte,ce
63031,-7.240280110218386,-39.29590528290103,juazeiro do norte,ce
63044,-7.248165340928229,-39.33800835332593,juazeiro do norte,ce
63043,-7.249649560563034,-39.33544182659436,juazeiro do norte,ce
63034,-7.224182039229238,-39.31047736673265,juazeiro do norte,ce
63042,-7.234737905358481,-39.32951970188382,juazeiro do norte,ce
63011,-7.198938075795342,-39.31943129384031,juazeiro do norte,ce
63048,-7.245438023655975,-39.30376235162951,juazeiro do norte,ce
63036,-7.233839405610502,-39.270710575047815,juazeiro do norte,ce
63013,-7.205916898788452,-39.3012659592198,juazeiro do norte,ce
63028,-7.216525259830253,-39.29711862698255,juazeiro do norte,ce
63012,-7.179059272991235,-39.32728218194214,juazeiro do norte,ce
63038,-7.238045750492493,-39.26651091953672,juazeiro do norte,ce
63021,-7.208416240963172,-39.280654980033205,juazeiro do norte,ce
63107,-7.245726014175345,-39.42611093441401,crato,ce
63100,-7.231945625838404,-39.413732596339855,crato,ce
63115,-7.224733253557687,-39.41967073361132,crato,ce
63106,-7.249890885910003,-39.41879565337906,crato,ce
63122,-7.2286001834224765,-39.4009111930953,crato,ce
63165,-7.095482349891182,-39.67880714316803,nova olinda,ce
63105,-7.2407531629591455,-39.417523087752734,crato,ce
63110,-7.246256572661257,-39.4319641396778,crato,ce
63119,-7.226579217277736,-39.40652187480535,crato,ce
63125,-7.236980312203903,-39.39516068035979,crato,ce
63118,-7.220009227532429,-39.41087713716773,crato,ce
63113,-7.231421210919773,-39.41573417727184,crato,ce
63116,-7.227543581486084,-39.42005244800618,crato,ce
63101,-7.237585550767104,-39.404189001008845,crato,ce
63132,-7.227741816945782,-39.378937899054776,crato,ce
63133,-7.236002909187905,-39.3640984341714,crato,ce
63111,-7.242035655866521,-39.42809093903089,crato,ce
63103,-7.243656199535615,-39.41743306899728,crato,ce
63112,-7.244204223095365,-39.43156600757292,crato,ce
63108,-7.256919103156733,-39.42987153224299,crato,ce
63104,-7.240853763444695,-39.41015729058967,crato,ce
63109,-7.276635218654457,-39.43650931955671,crato,ce
63123,-7.211906789053898,-39.39043296094717,crato,ce
63290,-7.588088395110682,-39.27881329280984,jardim,ce
63250,-7.316180662055982,-38.9420570279525,milagres,ba
63210,-7.389679114970786,-38.77586747407412,mauriti,ce
63215,-7.380811532754386,-38.77444413691965,mauriti,ce
63360,-6.942080677233729,-38.9698728399367,aurora,ce
63400,-6.6075515216997855,-39.05980407922945,cedro,ce
63478,-5.946773292157197,-38.901882257141885,nova floresta,ce
63500,-6.360208523390892,-39.29484034083242,iguatu,ce
63507,-6.356700554312457,-39.311482546049504,iguatu,ce
63508,-6.348510688637624,-39.30922437033921,iguatu,ce
63502,-6.372217218070637,-39.29746252311102,iguatu,ce
63504,-6.3710424150485485,-39.3013761536061,iguatu,ce
63501,-6.356789446281023,-39.28921595502396,iguatu,ce
63505,-6.392044999999939,-39.38464163899994,iguatu,ce
63503,-6.37025881458125,-39.290263823212776,iguatu,ce
63585,-22.551254810991693,-47.898829557292736,sao pedro,ce
63640,-5.388488478532032,-40.30870099404063,independencia,ce
63630,-5.454198345311539,-39.71339242921965,pedra branca,ce
63825,-7.2064615237117104,-39.30997944532377,sao miguel,ce
63900,-4.967781372167556,-39.01222456389431,quixada,ce
63908,-4.967513309710516,-39.01154558133383,quixada,ce
63905,-4.986897848566919,-39.0178861675105,quixada,ce
63902,-4.965899621066882,-39.033173001189766,quixada,ce
63907,-4.964404684498971,-39.00838705769504,quixada,ce
63901,-4.958991594043445,-39.03185026617432,quixada,ce
63903,-4.973001429155113,-39.02293431182328,quixada,ce
63906,-4.99483555412934,-39.01311620475262,quixada,ce
64049,-5.0709464999999945,-42.78848175,teresina,pi
64045,-5.082813360775776,-42.78598278755469,teresina,pi
64018,-5.074254917226161,-42.81983912153854,teresina,pi
64056,-5.055889969866429,-42.76615847343458,teresina,pi
64048,-5.077655598191133,-42.78295004925811,teresina,pi
64000,-5.08489228543398,-42.81672127116215,teresina,pi
64028,-5.160479534724668,-42.77717355714906,teresina,pi
64039,-5.187689560662522,-42.7604257456992,teresina,pi
64053,-5.070999014568562,-42.75504527381364,teresina,pi
64001,-5.09242518651811,-42.81299538344898,teresina,pi
64052,-5.078406440428284,-42.77434018951861,teresina,pi
64063,-5.021319198708387,-42.76773366438103,teresina,pi
64006,-5.046857999999995,-42.81227774999999,teresina,pi
64016,-5.098783663015884,-42.7970712687556,teresina,pi
64003,-5.080876624947028,-42.819395080925325,teresina,pi
64082,-5.105533499999999,-42.7393125,teresina,pi
64078,-5.102923114687079,-42.76012111901045,teresina,pi
64051,-5.0747762756875145,-42.78074446561059,teresina,pi
64004,-5.035812073638662,-42.82952717098623,teresina,pi
64046,-5.082343423866023,-42.7731387016787,teresina,pi
64008,-5.035084035404057,-42.827534374084216,teresina,pi
64055,-5.065768425591808,-42.76819656997622,teresina,pi
64014,-5.086772999914889,-42.79758750004255,teresina,pi
64005,-5.039322164910895,-42.83005287788412,teresina,pi
64023,-5.1309766020783885,-42.78243452518517,teresina,pi
64002,-5.077309047100612,-42.811760520500144,teresina,pi
64015,-5.103532783926277,-42.7888201744011,teresina,pi
64022,-5.136246219113012,-42.79013952261413,teresina,pi
64050,-5.059390703994549,-42.76999540238031,teresina,pi
64076,-5.117030999999992,-42.76156949999999,teresina,pi
64067,-5.006877322341958,-42.78424119919932,teresina,pi
64091,-5.0797298112511164,-42.73846672143717,teresina,pi
64012,-4.987439722440297,-42.83465366259055,teresina,pi
64073,-5.074014879786864,-42.748456158652445,teresina,pi
64057,-4.995281629999965,-42.716294999999946,teresina,pi
64040,-5.17750499999994,-42.775349812999934,teresina,pi
64020,-5.135516438099332,-42.80542195392369,teresina,pi
64019,-5.11369380129878,-42.81076956910986,teresina,pi
64060,-5.042521756311882,-42.75132237083327,teresina,pi
64013,-4.990111113089043,-42.83546958068997,teresina,pi
64077,-5.106539178646557,-42.77271992985119,teresina,pi
64064,-5.03875651285082,-42.77111633846018,teresina,pi
64058,-5.059365714147,-42.75368208072386,teresina,pi
64017,-5.112279513225316,-42.78614156958681,teresina,pi
64009,-5.040067360477492,-42.80612037763464,teresina,pi
64090,-5.08501343215384,-42.73772078330006,teresina,pi
64025,-5.144050425009763,-42.79041504771159,teresina,pi
64011,-5.013544411537621,-42.794557199195125,teresina,pi
64007,-5.058476960631243,-42.81858896344071,teresina,pi
64062,-5.03231464140249,-42.76101791402496,teresina,pi
64075,-5.111815222680287,-42.7724957144351,teresina,pi
64010,-5.116468544794831,-42.78085724117355,teresina,pi
64081,-5.11022464803875,-42.739945150602345,teresina,pi
64059,-5.047804696374713,-42.76072816549996,teresina,pi
64069,-5.025939999999935,-42.74249999999995,teresina,pi
64085,-5.101079999999968,-42.72972485799994,teresina,pi
64086,-5.115634192749708,-42.71972351069029,teresina,pi
64027,-5.072148382612785,-42.79174259218988,teresina,pi
64037,-5.18792499999995,-42.73699868399996,teresina,pi
64083,-5.096628166728795,-42.7374337291589,teresina,pi
64066,-5.005018579440717,-42.77590293330587,teresina,pi
64080,-5.109315528790358,-42.751314006771366,teresina,pi
64035,-5.180325061342945,-42.75458376032309,teresina,pi
64079,-5.113239831333186,-42.75174538789214,teresina,pi
64030,-5.1402805124721125,-42.77710503539964,teresina,pi
64071,-5.037076797823699,-42.73567343289744,teresina,pi
64034,-5.176495554903848,-42.78859627435691,teresina,pi
64033,-5.139654791009783,-42.7491852873246,teresina,pi
64084,-5.0531849999999965,-42.7331745,teresina,pi
64032,-5.1472354673191205,-42.77416397849702,teresina,pi
64041,-5.115754250396454,-42.73911823229359,teresina,pi
64074,-5.062244886015354,-42.71593267361131,teresina,pi
64038,-5.200330499999993,-42.75548099999999,teresina,pi
64031,-5.133161767882626,-42.77497753742079,teresina,pi
64190,-4.025849928085526,-42.068750088035216,batalha,al
64180,-3.892084643621096,-42.23394623857791,esao pauloerantina,pi
64218,-2.9154275767192086,-41.77509652336472,parnaiba,pi
64200,-2.898254550676718,-41.77650026081392,parnaiba,pi
64212,-2.931639387756114,-41.75817711039642,parnaiba,pi
64215,-2.920469920183138,-41.75504882825015,parnaiba,pi
64208,-2.922074999999998,-41.738388749999984,parnaiba,pi
64201,-2.894536889017313,-41.7884537277443,parnaiba,pi
64216,-2.922950786430113,-41.76511087902743,parnaiba,pi
64202,-2.9030461146055417,-41.76115981582758,parnaiba,pi
64217,-2.93900249099994,-41.76555899999994,parnaiba,pi
64204,-2.9124643048983527,-41.742975238644895,parnaiba,pi
64211,-2.928516826023062,-41.74936193713055,parnaiba,pi
64206,-2.9008017794034693,-41.75622235541302,parnaiba,pi
64207,-2.9160943551728344,-41.76264410688892,parnaiba,pi
64210,-2.9040524999999957,-41.72549849999999,parnaiba,pi
64224,-2.854273238895748,-41.81715057899302,ilha grande,pi
64209,-2.921121367104478,-41.73626787929823,parnaiba,pi
64205,-2.9251197701329605,-41.74282801172854,parnaiba,pi
64213,-2.9310254283156327,-41.75995557156357,parnaiba,pi
64350,-5.516526352208614,-41.890924083901,sao joao da serra,mg
64365,-5.286123807429194,-41.93206878348626,novo santo antonio,mt
64460,-5.8875930915042165,-42.62470917378938,agua branca,al
64455,-5.81961832697307,-42.513346060855774,barro duro,ma
64585,-7.595997695773768,-40.818369200002685,simoes,pi
64525,-6.550422363513983,-42.25350033156219,varzea grande,mt
64601,-7.076763985255019,-41.4721359549773,picos,pi
64607,-7.076489674934629,-41.4655256851799,picos,pi
64600,-7.077400026804777,-41.47074002518156,picos,pi
64606,-7.080297767815511,-41.41679479664622,picos,pi
64604,-7.071595668136049,-41.44259359939583,picos,pi
64630,-6.943564826457115,-41.32325130440952,bocaina,pi
64608,-7.088907484916874,-41.43587563690728,picos,pi
64764,-8.074864933538636,-42.049814643116704,nova santa rita,pi
64795,-9.28180809319326,-43.3271889086343,caracol,ms
64782,-9.218623844446029,-43.12912289354848,jurema,pe
64806,-6.782159294136806,-43.02021760889799,floriano,pi
64800,-6.765049042930655,-43.02825025138064,floriano,pi
64804,-6.773909621990003,-43.008443308004246,floriano,pi
64803,-6.764355784737281,-43.00822533104744,floriano,pi
64808,-6.779552570999954,-43.03075452499996,floriano,pi
64807,-6.786436598421727,-43.01441194832309,floriano,pi
64809,-6.772629980988072,-43.04354968008982,floriano,pi
64801,-6.773386847816928,-43.03468984315529,floriano,pi
64900,-9.07034997930621,-44.36317838963316,bom jesus,go
64945,-9.11596368777022,-45.92316266379328,santa filomena,pe
65020,-2.5244272445702083,-44.29047948342056,sao luis,ma
65031,-2.5500618922390004,-44.28783908177395,sao luis,ma
65062,-2.5186853294477487,-44.24251930613423,sao luis,ma
65036,-2.57765294350297,-44.24148668015087,sao luis,ma
65015,-2.539065656673788,-44.299490814876805,sao luis,ma
65075,-2.5085430466673557,-44.303019926805405,sao luis,ma
65025,-2.5360433844930297,-44.28431732067596,sao luis,ma
65068,-2.501042206708081,-44.23507616551245,sao luis,ma
65054,-2.5545282652192807,-44.21309341470791,sao luis,ma
65061,-2.5326637143013366,-44.25820208534852,sao luis,ma
65072,-2.546079233971952,-44.3089863702464,so luis,ma
65070,-2.510120869928807,-44.25121688601078,sao luis,ma
65074,-2.5067761604247,-44.26771370621504,sao luis,ma
65030,-2.544714712187633,-44.28027787898898,sao luis,ma
65094,-2.505691229969984,-44.31027913642785,sao luis,ma
65071,-2.5221512411853046,-44.25581447515726,sao luis,ma
65040,-2.551099976686472,-44.271892456287134,sao luis,ma
65058,-2.572329289004968,-44.19951421099502,sao luis,ma
65066,-2.5070346576439486,-44.21214992867017,sao luis,ma
65077,-2.4904195778464238,-44.30328698626578,sao luis,ma
65063,-2.5335202062172346,-44.23732857973366,sao luis,ma
65076,-2.5113567059554027,-44.303780352888985,so luis,ma
65055,-2.576632840960272,-44.2395996386404,sao luis,ma
65041,-2.551552019706844,-44.26103761296093,sao luis,ma
65080,-2.5612944297326994,-44.301622150668166,so luis,ma
65051,-2.533518372625515,-44.21358811154458,sao luis,ma
65085,-2.5354030444053475,-44.32902966902305,sao luis,ma
65035,-2.5285787804948776,-44.28599875545462,sao luis,ma
65073,-2.503284862589017,-44.23762304964391,so luis,ma
65067,-2.4863595238302167,-44.2333616871893,sao luis,ma
65057,-2.4862449081308884,-44.250924892723205,sao luis,ma
65081,-2.565507949521447,-44.31822897166168,sao luis,ma
65056,-2.561699102665884,-44.22242445858003,sao luis,ma
65064,-2.5567234890357216,-44.254258910352576,sao luis,ma
65042,-2.553759209273443,-44.27138843574359,sao luis,ma
65045,-2.548406443647128,-44.24573679801306,sao luis,ma
65078,-2.513100164031382,-44.26445149417162,sao luis,ma
65044,-2.545434,-44.32779251457095,sao luis,ma
65032,-2.543714837028434,-44.28755497339672,so luis,ma
65065,-2.522616048620611,-44.22602365517594,sao luis,ma
65010,-2.527899485429045,-44.30716251832185,sao luis,ma
65046,-2.545427825092353,-44.24638076234008,sao luis,ma
65037,-2.532072121847736,-44.27760079239998,sao luis,ma
65047,-2.5386249969027546,-44.255950160153326,sao luis,ma
65043,-2.5643920988495608,-44.26473253641824,sao luis,ma
65048,-2.556325930731293,-44.24680824675432,sao luis,ma
65049,-2.537506005828377,-44.24191622231518,sao luis,ma
65059,-2.5591982905823234,-44.22961430169082,sao luis,ma
65060,-2.554310210658427,-44.23478518942236,sao luis,ma
65052,-2.551242520389093,-44.21790797290017,sao luis,ma
65053,-2.5406141552882504,-44.20317464679636,sao luis,ma
65092,-2.5543964912574206,-44.22830653621104,sao luis,ma
65091,-2.556161303032899,-44.25877930407758,sao luis,ma
65090,-2.5943629787545097,-44.24752855628359,so luis,ma
65082,-2.550928253678788,-44.326621765335545,sao luis,ma
65033,-2.540111488380642,-44.22518421687788,sao luis,ma
65026,-2.540151570576908,-44.29813250712501,sao luis,ma
65095,-2.5068583951470638,-44.26869346238012,sao luis,ma
65093,-2.503481008598342,-44.29909978074322,sao luis,ma
65050,-2.5470899593055583,-44.21260734752552,sao luis,ma
65086,-2.560856723546252,-44.34008576279,so luis,ma
65000,-2.5723484332719413,-44.20476621273573,sao luis,ma
65021,-2.5307860399626425,-44.29155108224921,sao luis,ma
65083,-2.5081661200455936,-44.23621619463846,so luis,ma
65145,-3.138178330839056,-44.30332372494215,santa rita,pb
65195,-2.499537423837593,-43.25639321711105,santo amaro,ba
65140,-2.92319248655288,-44.06273521723484,presidente juscelino,ma
65215,-3.2173215699307445,-45.00224669748535,viana,es
65225,-2.958762776593132,-44.7962056237003,sao joao batista,ma
65208,-2.241461096361792,-45.30947071547339,santa helena,ma
65220,-2.8931465983127174,-44.880837757268,sao vicente ferrer,ma
65279,-2.3796633310535418,-45.82281449298027,presidente medici,ma
65260,-2.0019034599034065,-44.53642882999844,cedral,ma
65390,-3.964143218539248,-45.66223336097505,santa luzia,mg
65300,-3.8490449999999328,-45.448771963999945,santa ins,ma
65380,-3.543370845283248,-45.60561624483012,bom jardim,ma
65302,-3.6520178358411046,-45.373506612172726,santa ines,ma
65301,-3.655495596362911,-45.38923155929412,santa ines,ma
65304,-3.670470274934469,-45.35896379046317,santa ines,ma
65306,-3.666512348758456,-45.391343153265375,santa ins,ma
65368,-2.952737167018079,-45.66704288783299,araguana,ma
65520,-3.682571295639336,-42.75527177857826,brejo,ma
65515,-3.943335705268429,-42.90917998697107,buriti,ma
65582,-2.8839719992928754,-42.3052823008146,barro duro,ma
65633,-5.129654886568105,-42.82859241951751,timon,ma
65690,-6.040742644180323,-44.23870552037664,colinas,ma
65631,-5.09615279916519,-42.834405606099104,timon,ma
65607,-4.869972993424504,-43.37160591040161,caxias,ma
65683,-6.04527567990067,-43.52560978918975,lagoa do mato,ce
65602,-4.859113499999992,-43.359547500000005,caxias,ma
65636,-5.088448693289925,-42.838386918831205,timon,ma
65609,-4.876570368032535,-43.37612078900627,caxias,ma
65605,-4.863841007400923,-43.34339941958461,caxias,ma
65606,-4.882809916639507,-43.35247496988853,caxias,ma
65634,-5.108989760189881,-42.83752199795326,timon,ma
65630,-5.104389490284744,-42.82172738250648,timon,ma
65600,-4.862237982446815,-43.35841074218662,caxias,ma
65635,-5.093847064106174,-42.83873303196392,timon,ma
65604,-4.869250334885917,-43.337145489535885,caxias,ma
65603,-4.831655565592919,-43.36002571260347,caxias,ma
65608,-4.8667653992301885,-43.37984584511919,caxias,ma
65637,-5.116198152523384,-42.837185456811255,timon,ma
65632,-5.109211347976236,-42.83227363513391,timon,ma
65760,-5.288118655826027,-44.49006344486956,presidente dutra,ba
65850,-6.368974675763492,-44.37160404040005,mirador,ma
65901,-5.534159128117241,-47.47294602300849,imperatriz,ma
65911,-5.521374746990354,-47.49423698074503,imperatriz,ma
65910,-5.520219554106911,-47.47571976662766,imperatriz,ma
65916,-5.491813762145099,-47.48563000484808,imperatriz,ma
65903,-5.51617802489586,-47.48000662042198,imperatriz,ma
65905,-5.492260987687448,-47.48786849757073,imperatriz,ma
65900,-5.531485401912745,-47.47287779349633,imperatriz,ma
65907,-5.5216619960396125,-47.48759765043511,imperatriz,ma
65913,-5.513911824372999,-47.45829349213966,imperatriz,ma
65973,-6.463947222435493,-47.056036299101095,sao joao do paraiso,ma
65904,-5.485945430398303,-47.48825726414077,imperatriz,ma
65919,-5.543855408138683,-47.47252465271625,imperatriz,ma
65917,-5.499045493999972,-47.48128999999994,imperatriz,ma
65925,-5.878159610507247,-46.70255418847043,sitio novo,ma
65908,-5.489888001424015,-47.445151203576245,imperatriz,ma
65906,-5.488077980289612,-47.48102868894377,imperatriz,ma
65912,-5.514189711674767,-47.488606171433496,imperatriz,ma
65918,-5.490270920248685,-47.445682114213305,imperatriz,ma
65915,-5.541021205717861,-47.46170278897944,imperatriz,ma
65914,-5.5006029311159,-47.44839461323922,imperatriz,ma
65927,-5.525568850568551,-47.39343478145084,davinoport alegrelis,go
66090,-1.453384061122527,-48.46810551089191,belem,pa
66065,-1.473505376074785,-48.46997985443469,belem,pa
66070,-1.44854252478061,-48.45647459354321,belem,pa
66030,-1.4646377798778445,-48.49088550600126,belm,pa
66017,-1.454787471002319,-48.49744181542506,belem,pa
66053,-1.4487117091005544,-48.48922937062177,belem,pa
66050,-1.4390974529689196,-48.48846842933828,belem,pa
66060,-1.4442835911766216,-48.4783174205088,belem,pa
66055,-1.4490947274224149,-48.484601999451726,belem,pa
66040,-1.455169760979064,-48.48183489231919,belem,pa
66085,-1.436736864850719,-48.47258827728078,belem,pa
66033,-1.4649796654765277,-48.48763846258198,belem,pa
66023,-1.4653900588320616,-48.49932165791454,belem,pa
66080,-1.4219309958450534,-48.46648868235325,belem,pa
66025,-1.4607740646604463,-48.49311464752719,belm,pa
66063,-1.4502412245368914,-48.4742275010096,belem,pa
66093,-1.4381200036353377,-48.46516609521599,belem,pa
66075,-1.4650237139778006,-48.47118578611772,belem,pa
66087,-1.4224300521669595,-48.46335636193654,belem,pa
66073,-1.4642647954584085,-48.45765762447347,belem,pa
66035,-1.4521799999999416,-48.48195999999996,belem,pa
66045,-1.4610480874257128,-48.47781296251955,belem,pa
66083,-1.4183195981015178,-48.466735570488815,belem,pa
66095,-1.4282248678804774,-48.45969414418032,belem,pa
66013,-1.454280390241707,-48.500970495152565,belem,pa
66079,-1.4695425262277138,-48.45467703191186,belem,pa
66015,-1.4538728351318888,-48.49726719525075,belem,pa
66077,-1.3131772169199871,-48.46146584332767,belem,pa
66020,-1.4628823147612158,-48.500386424490856,belem,pa
66019,-1.4526032997575802,-48.50020802054355,belem,pa
66010,-1.4526336952507612,-48.49948416486809,belem,pa
66120,-1.4131656572220437,-48.47726487206407,belm,pa
66110,-1.4008844765734043,-48.491161863726994,belem,pa
66117,-1.4125173943966511,-48.48545057216228,belem,pa
66113,-1.4294941285128355,-48.48516739935964,belem,pa
66123,-1.4102549999999925,-48.47429154039463,belem,pa
66115,-1.3760043691220547,-48.47781676305116,belem,pa
66630,-1.3763156344567804,-48.4511976829015,belem,pa
66623,-1.4432955950561102,-48.481849716795615,belem,pa
66690,-1.4065474493622432,-48.39456971426512,belem,pa
66640,-1.3809726642885602,-48.45196201576657,belem,pa
66615,-1.398302853453761,-48.45359410502642,belem,pa
66610,-1.428203860667122,-48.45003927670384,belem,pa
66625,-1.3626683479999429,-48.43685499999998,belem,pa
66645,-1.4019926670315634,-48.434268177696325,belem,pa
66613,-1.4351686532623154,-48.46701297918873,belem,pa
66635,-1.356206424661545,-48.45374911705526,belem,pa
66620,-1.3973467554453018,-48.46038326448761,belem,pa
66670,-1.3386809553061954,-48.43596777047144,belem,pa
66617,-1.3981229999999982,-48.47285348124546,belem,pa
66652,-1.36822753610786,-48.42256028942645,belem,pa
66650,-1.3624666872006763,-48.42921641450752,belem,pa
66633,-1.401171734858172,-48.45677219318324,belem,pa
66695,-1.3909038038453685,-48.473219301039,belem,pa
66813,-1.456082274898832,-48.499975186829225,belem,pa
66814,-1.3117642378670853,-48.47135676089216,belem,pa
66833,-1.339795897022389,-48.457778448237065,belem,pa
66825,-1.411974796554924,-48.49300981504968,belm,pa
66810,-1.2957386333602603,-48.481815575596045,belem,pa
66831,-1.3558068753822978,-48.46602787996992,belem,pa
66815,-1.2959324999999924,-48.45574124999999,belem,pa
66812,-1.3110114256284449,-48.48288380246924,belem,pa
66823,-1.3354989780714477,-48.43738550248149,belem,pa
66811,-1.3055593400079837,-48.47629795989383,belem,pa
66820,-1.3203340407986577,-48.44560365999201,belem,pa
66816,-1.3663835507125297,-48.468539228156544,belem,pa
66830,-1.3489863093765762,-48.466861314661685,belem,pa
66840,-1.3814706747071943,-48.43791715543303,belem,pa
66822,-1.464813450458761,-48.48103998542905,belem,pa
66843,-1.2497496397369097,-48.45619946765544,belem,pa
66821,-1.441582080877661,-48.48747047125413,belem,pa
66845,-1.282425634556611,-48.47387438679091,belem,pa
66910,-1.1608123305679472,-48.46734437316392,belem,pa
66914,-1.353804369698152,-48.43681520053087,belem,pa
66913,-1.4586680951530513,-48.50020452458606,belem,pa
66911,-1.1676366134863776,-48.46158317517885,belm,pa
66912,-1.1467449060770418,-48.462417314111285,belem,pa
66918,-1.1230385471224598,-48.43779483489941,belem,pa
66920,-1.2632245237462063,-48.47027967236991,belm,pa
66916,-1.4578593207589032,-48.49193007547432,belm,pa
66923,-1.0970280663716216,-48.41007202105992,belem,pa
67030,-1.3530243841636622,-48.37987589266907,ananindeua,pa
67015,-1.3840326356793753,-48.40836101974514,ananindeua,pa
67033,-1.390752277394608,-48.4011306170385,ananindeua,pa
67035,-1.3494216140355924,-48.41069254224951,ananindeua,pa
67020,-1.3937268835602037,-48.382462408751216,ananindeua,pa
67013,-1.4000288718497462,-48.42956675848101,ananindeua,pa
67010,-1.402131495145394,-48.41757288532704,ananindeua,pa
67040,-1.3513090381138253,-48.391465420834045,ananindeua,pa
67110,-1.3928100127452687,-48.413519126809256,ananindeua,pa
67130,-1.3656635515649305,-48.41030794253792,ananindeua,pa
67133,-1.3556635787308342,-48.403802111059946,ananindeua,pa
67143,-1.3518237525053762,-48.39985447417086,ananindeua,pa
67115,-1.3779152588166108,-48.413582524328994,ananindeua,pa
67113,-1.3771538267361845,-48.42040092554289,ananindeua,pa
67120,-1.3808722504764188,-48.426235562417965,ananindeua,pa
67125,-1.3383317204210916,-48.40130701054111,ananindeua,pa
67118,-1.347044600823443,-48.41802798313056,ananindeua,pa
67140,-1.3472829402922597,-48.39639682686126,ananindeua,pa
67145,-1.35833110901131,-48.39061860212605,ananindeua,pa
67100,-1.3815477239232332,-48.424300544066185,ananindeua,pa
67146,-1.3620913191586428,-48.38531464383729,ananindeua,pa
67103,-1.3219692136468153,-48.381456468835815,ananindeua,pa
68020,-2.4432937946079303,-54.698726367091936,santarem,pa
68041,-2.4239540049919683,-54.732853248913365,santarem,pa
68040,-2.4240245411236727,-54.73996389518023,santarem,pa
68005,-2.417575154949091,-54.71288661845902,santarem,pa
68030,-2.4427468815020386,-54.72895004935191,santarm,pa
68022,-2.460970158309928,-54.70262851482983,santarem,pa
68010,-2.430545326178589,-54.71156922393909,santarem,pa
68035,-2.44616630933031,-54.74378435156943,santarem,pa
68015,-2.4566667066676677,-54.69979636030865,santarm,pa
68045,-2.4700222230023616,-54.68787063871747,santarem,pa
68025,-2.469083006125796,-54.715865388853686,santarm,pa
68038,-2.447937222665325,-54.75259457262656,santarem,pa
68047,-2.454307957615037,-54.744344261827074,santarem,pa
68050,-2.4656555030160785,-54.7172099958253,santarem,pa
68180,-4.2557224061114605,-55.99894265529717,itaituba,pa
68181,-4.26766353326665,-55.9986723172391,itaituba,pa
68182,-4.278748500000001,-55.99039275,itaituba,pa
68184,-4.269944453477771,-55.98330175975004,itaituba,pa
68220,-2.0078677089958887,-54.07237050904409,monte alegre,pa
68375,-3.2007514957904664,-52.21982076610539,altamira,pa
68372,-3.211373844172447,-52.21966565997353,altamira,pa
68371,-3.2056389790715394,-52.208863809676046,altamira,pa
68374,-3.2083253551253788,-52.22237010671653,altamira,pa
68377,-3.197655000000001,-52.201428750000005,altamira,pa
68373,-3.2176703975180883,-52.23490851464027,altamira,pa
68376,-3.195479104040259,-52.188450994778826,altamira,pa
68457,-3.753102411593653,-49.67789893578628,tucurui,pa
68456,-3.770546815787027,-49.68066087501165,tucurui,pa
68455,-3.828931944027961,-49.67879798413284,tucurui,pa
68458,-3.764937368392319,-49.66832152193276,tucurui,pa
68459,-3.7699378110648913,-49.66919619217138,tucurui,pa
68445,-1.5071125078676977,-48.62143344402136,barcarena,pa
68447,-1.5173612204907765,-48.70150982365019,barcarena,pa
68460,-3.7506979848397743,-49.667819261537154,tucurui,pa
68515,-6.0858180000000015,-49.89855149999999,parauapebas,pa
68503,-5.368316562823011,-49.1067542993694,maraba,pa
68553,-8.02839881376221,-50.02126173414129,redencao,pa
68550,-8.037413937308134,-50.02949915892017,redencao,pa
68501,-5.374055115814222,-49.12458202766019,marab,pa
68555,-7.104100400330701,-49.941492702113344,xinguara,pa
68557,-7.093131234404113,-49.93943911689511,xinguara,pa
68551,-8.040438600726754,-50.04727291199144,redencao,pa
68525,-5.0499722168150765,-48.59785300543192,bom jesus do tocantins,pa
68502,-5.389602605067169,-49.12698907431373,marab,pa
68554,-8.04257881622651,-50.048914067610426,redencao,pa
68507,-5.362614999999948,-49.08668118399999,maraba,pa
68552,-8.037943887491886,-50.03656537931162,redencao,pa
68500,-5.353072316710489,-49.13888412675671,maraba,pa
68556,-7.09711174165155,-49.94514698738446,xinguara,pa
68545,-7.83446922905681,-50.04157082744215,pau darco,pa
68510,-5.363792591554282,-49.102135134838754,maraba,pa
68506,-5.358232255026175,-49.08182594294763,maraba,pa
68513,-5.287967273789816,-49.0724205981081,maraba,pa
68548,-6.946016365842168,-49.69877243602171,sapucaia,mg
68505,-5.348416146464271,-49.09941596806052,maraba,pa
68508,-5.345500420417695,-49.11730990506393,maraba,pa
68509,-5.365853894207904,-49.11610153162093,maraba,pa
68514,-5.367055329732242,-49.12499133553474,maraba,pa
68516,-6.100655942058896,-49.839282420791136,parauapebas,pa
68512,-5.348395190404365,-49.0994231824418,maraba,pa
68504,-5.345906622632629,-49.08063279314662,maraba,pa
68628,-2.9871835529890944,-47.35353570314082,paragominas,pa
68627,-3.013575251471184,-47.35681232674576,paragominas,pa
68625,-2.9924441520037983,-47.35313457275034,paragominas,pa
68626,-2.994020782262625,-47.35953542731033,paragominas,pa
68630,-2.9947243718476133,-47.34277558354373,paragominas,pa
68645,-1.3628691822222825,-47.305548795627416,bonito,ba
68743,-1.2897567176189837,-47.93390569428949,castanhal,pa
68745,-1.3019669634735789,-47.91464067152295,castanhal,pa
68701,-1.1979014558322685,-47.17135296825452,capanema,pa
68741,-1.299944665978007,-47.94205182369219,castanhal,pa
68740,-1.295270747671003,-47.92742500328391,castanhal,pa
68702,-1.1980602561412246,-47.18596415673204,capanema,pa
68742,-1.296149929084471,-47.94777008228064,castanhal,pa
68700,-1.188790534693018,-47.16896460357975,capanema,pa
68744,-1.2765206496504302,-47.915101123702605,castanhal,pa
68710,-0.783251943308772,-47.455407177775456,maracana,ce
68746,-1.3017137525627682,-47.8979704954983,castanhal,pa
68703,-1.192375919805486,-47.18683974301484,capanema,pa
68707,-0.9380841154855308,-47.11550211666163,primavera,pa
68901,0.0402530563973179,-51.0785768417404,macapa,ap
68900,0.035899351627026,-51.06350042615323,macapa,ap
68904,0.0091346517129429,-51.09153092504664,macapa,ap
68906,0.027502444816341,-51.12354024723783,macapa,ap
68908,0.0490969345087335,-51.05735669770298,macapa,ap
68909,0.0881862458710302,-51.05431966562544,macapa,ap
68903,0.004616999999996,-51.08630074488575,macapa,ap
68902,0.0371315833136495,-51.09033070049051,macapa,ap
68925,-0.0535231382433362,-51.16074622168749,santana,ap
68927,-0.0509263327693188,-51.15847326890738,santana,ap
68907,0.069916676324915,-51.05072820847661,macapa,ap
68928,-0.0358323063511451,-51.18000621395577,santana,ap
68905,0.0449492316842115,-51.04861268455439,macap,ap
68926,-0.0535231382433362,-51.16074622168749,santana,ap
68911,0.0037175935876586,-51.06095157995029,macap,ap
69060,-3.098469226166762,-59.99978394674866,manaus,am
69057,-3.094762499999996,-60.014358,manaus,am
69073,-3.1379145715361068,-59.99148894746634,manaus,am
69036,-3.086291252293809,-60.0654978702464,manaus,am
69037,-3.0759726414735384,-60.0860595364418,manaus,am
69033,-3.1115557404928214,-60.03811710421836,manaus,am
69097,-3.0108014526804627,-59.97501075437128,manaus,am
69058,-3.053525035573916,-59.99509536391421,manaus,am
69049,-3.0535376647238763,-60.02618247071386,manaus,am
69094,-3.041415922009349,-59.98102548903572,manaus,am
69041,-3.021608800047975,-60.02486120139152,manaus,am
69046,-3.0634729103525866,-60.04471541395927,manaus,am
69028,-3.052486522767057,-60.01130685192644,manaus,am
69083,-3.0843683860581104,-59.98078433250616,manaus,am
69006,-3.053082040907844,-59.93214528414483,manaus,am
69035,-3.115522712225215,-60.04979294484895,manaus,am
69038,-3.074209795169951,-60.06631142714524,manaus,am
69020,-3.0837886239252,-60.051231,manaus,am
69093,-3.0441329999999938,-60.0119505,manaus,am
69055,-3.080306849847077,-60.01072627477062,manaus,am
69053,-3.1149403807779907,-60.02986861873106,manaus,am
69070,-3.143620204830041,-60.00920718665241,manaus,am
69095,-3.015785514570951,-59.97761032944774,manaus,am
69099,-3.044119535509593,-59.95898032856029,manaus,am
69005,-3.1356226825516758,-60.02346887512107,manaus,am
69021,-3.0029946705522548,-60.04148853649949,manaus,am
69022,-2.9792026813522834,-60.08790401526994,manaus,am
69065,-3.12941051457095,-60.00585191035259,manaus,am
69009,-3.060450700208216,-59.84567436797273,manaus,am
69088,-3.03072833305443,-59.93229664946042,manaus,am
69075,-3.104535918402672,-59.95137550735759,manaus,am
69063,-3.1187786960874724,-59.9943480976975,manaus,am
69047,-3.0519936880374,-60.049145682209016,manaus,am
69067,-3.1002707149575937,-59.98694662975359,manaus,am
69074,-3.136141734727276,-60.00318206109086,manaus,am
69043,-3.076345424923532,-59.936005021784304,manaus,am
69089,-3.0854050721622737,-59.94160454593455,manaus,am
69040,-3.0843282675572623,-60.04064945697962,manaus,am
69078,-3.1153003061342157,-59.98937587538231,manaus,am
69027,-3.109517800424894,-59.98774500733339,manaus,am
69015,-3.007452310068519,-60.02515219364886,manaus,am
69084,-3.079517185845364,-59.949141958947386,manaus,am
69029,-3.1168753688614235,-60.03996112461769,manaus,am
69018,-2.973389492942136,-60.00682927953094,manaus,am
69082,-3.0752864999999936,-59.96258325,manaus,am
69079,-3.1077470430203658,-60.0074546128167,manaus,am
69050,-3.097431483315993,-60.02657395395003,manaus,am
69042,-3.082881436580295,-60.04371738842405,manaus,am
69087,-3.0532953455479026,-59.937018102833385,manaus,am
69077,-3.120428451843741,-59.9818647053783,manaus,am
69039,-3.024963806826707,-60.01154899417162,manaus,am
69096,-3.037795742714521,-59.97459790161001,manaus,am
69044,-3.0675638345836345,-60.055143108517534,manaus,am
69025,-3.118810547319532,-60.02913966180968,manaus,am
69054,-3.0708780036066834,-60.00674409409081,manaus,am
69010,-3.129104419931882,-60.02183303427779,manaus,am
69086,-3.0736975809048346,-59.9262975364995,manaus,am
69098,-3.055339005828373,-59.96164549777829,manaus,am
69090,-3.035081572758851,-59.99425948502771,manaus,am
69030,-3.1086804132667822,-60.04483646350051,manaus,am
69048,-3.066122754367187,-60.02997309661326,manaus,am
69023,-2.9752037601996624,-60.03040504731954,manaus,am
69045,-3.070824736886137,-60.05267095268047,manaus,am
69085,-3.073365534277796,-59.95421797807146,manaus,am
69017,-2.9816976273997766,-59.9894674305557,manaus,am
69068,-3.125303496537552,-59.99618342200935,manaus,am
69059,-2.9970939081308816,-60.00622563558197,manaus,am
69072,-3.154616999970336,-59.982887249919045,manaus,am
69076,-3.1159303061342163,-59.97732898251485,manaus,am
69080,-3.0908713490874637,-59.98171784965472,manaus,am
69007,-3.0920355,-59.92157474999999,manaus,am
69008,-3.091537906745909,-59.89393626089216,manaus,am
69092,-3.003445456287137,-59.98619641840267,manaus,am
69152,-2.6421245028430573,-56.750054391249854,parintins,am
69100,-3.1435632829125346,-58.44647242143184,itacoatiara,am
69151,-2.6252891470992163,-56.73464619063719,parintins,am
69103,-3.1283642582795506,-58.43337566098566,itacoatiara,am
69101,-3.139168836523861,-58.43841624941045,itacoatiara,am
69153,-2.6370359894076887,-56.73837256432337,parintins,am
69104,-3.142480026590043,-58.44343758553485,itacoatiara,am
69120,-2.7454417100992186,-58.03089476958183,itapiranga,am
69313,2.8175952424471613,-60.72869887557876,boa vista,rr
69306,2.8338823112209,-60.669114769816346,boa vista,rr
69310,2.8360084264558445,-60.7115799582225,boa vista,rr
69314,2.815559357017278,-60.73721031436043,boa vista,rr
69301,2.814076567618629,-60.669130287186405,boa vista,rr
69303,2.803298771665072,-60.67586684273407,boa vista,rr
69307,2.8599291953648303,-60.66381222549073,boa vista,rr
69317,2.8106639999999974,-60.77373299999999,boa vista,rr
69316,2.7976063034875818,-60.7544596597945,boa vista,rr
69311,2.8446247498571755,-60.71271864921888,boa vista,rr
69304,2.824144071049988,-60.68417493516819,boa vista,rr
69309,2.8129965381058715,-60.695263819342856,boa vista,rr
69380,3.358232038406536,-59.82905657641652,bonfim,mg
69312,2.8158766541500504,-60.72399104939088,boa vista,rr
69350,2.994115192279059,-61.311676632930016,alto alegre,pr
69305,2.830159585947976,-60.67595449823801,boa vista,rr
69308,2.7987560531237485,-60.6857380295209,boa vista,rr
69315,2.824108084494221,-60.6896469152829,boa vista,rr
69348,2.1699931683766027,-61.05131845530793,iracema,ce
69318,2.760685000000024,-60.740591190999965,boa vista,rr
69400,-3.286317080202406,-60.62323542170494,manacapuru,am
69470,-3.351924826587463,-64.72427185813247,tefe,am
69425,-3.328865403622226,-61.21001554046119,caapiranga,am
69415,-3.2674735944590987,-60.19531454496725,iranduba,am
69495,-1.8805494250335493,-66.99896726703783,japura,am
69410,-3.328865403622226,-61.21001554046119,caapiranga,am
69405,-3.2729738856831387,-60.19680230946194,iranduba,am
69401,-3.279912517140154,-60.648340057746346,manacapuru,am
69550,-3.3443628959771305,-64.6969490309784,tefe,am
69552,-3.348074228043354,-64.71840320338423,tefe,am
69555,-3.3742065457982298,-64.71184793165708,tefe,am
69553,-3.358269615465969,-64.72673437234165,tefe,am
69557,-3.350172173255716,-64.71129453159377,tefe,am
69640,-4.241055891641573,-69.93949239759313,tabatinga,am
69700,-0.9784861559259962,-62.9248973905306,barcelos,am
69918,-9.926145000000002,-67.83511725,rio branco,ac
69902,-9.940536399163149,-67.82281797238456,rio branco,ac
69909,-10.033587968284644,-67.79465808751118,rio branco,ac
69905,-9.97162668381498,-67.80339808690971,rio branco,ac
69900,-9.97456238336677,-67.80965579857256,rio branco,ac
69915,-9.97510783589,-67.83786945619006,rio branco,ac
69980,-7.6311077241324385,-72.66670554881472,cruzeiro do sul,ac
69911,-10.008036000000004,-67.7778255,rio branco,ac
69919,-9.95131749999996,-67.85151076599993,rio branco,ac
69901,-9.957252211014918,-67.78634877607972,rio branco,ac
69917,-9.950591723844404,-67.88426964723872,rio branco,ac
69906,-9.995400464862191,-67.8076629741743,rio branco,ac
69903,-9.925544629753588,-67.81264917138897,rio branco,ac
69912,-9.9863541104064,-67.84345650615455,rio branco,ac
69908,-10.013767311448731,-67.78332046811606,rio branco,ac
69910,-9.943475406097685,-67.86163958249485,rio branco,ac
69929,-22.861614714024757,-47.06430302666198,campinas,sp
69914,-9.981402066333883,-67.87792763849616,rio branco,ac
69907,-10.009520203957004,-67.79363222435269,rio branco,ac
69922,-9.928538036355258,-67.83822414363205,rio branco,ac
69904,-9.981985725229377,-67.82874516388715,rio branco,ac
69921,-9.939077025535225,-67.82729316180968,rio branco,ac
69920,-9.963414578926072,-67.82705406249782,rio branco,ac
70057,-15.790438613105168,-47.88065505785112,brasilia,df
70067,-15.799189500000004,-47.87010224999999,brasilia,df
70072,-15.801475719462552,-47.88289642976219,brasilia,df
70077,-15.79076666296478,-47.8844391881036,brasilia,df
70065,-15.797781541531345,-47.8746815799425,brasilia,df
70048,-15.797781541531345,-47.8746815799425,brasilia,df
70074,-15.801637600323229,-47.88247560268915,brasilia,df
70070,-15.788869942812711,-47.891651009146585,brasilia,df
70078,-15.801637600323229,-47.88247560268915,brasilia,df
70041,-15.78613426672054,-47.87612091912381,brasilia,df
70040,-15.797781541531345,-47.8746815799425,brasilia,df
70055,-15.797781541531345,-47.8746815799425,brasilia,df
70044,-15.797781541531345,-47.8746815799425,brasilia,df
70047,-15.797781541531345,-47.8746815799425,brasilia,df
70056,-15.799445999999998,-47.86928549999998,brasilia,df
70064,-15.797781541531345,-47.8746815799425,brasilia,df
70043,-15.798928499999992,-47.87092349999999,brasilia,df
70068,-15.798428999999992,-47.872575000000005,brasilia,df
70059,-15.799445999999998,-47.86928549999998,brasilia,df
70053,-15.797781541531345,-47.8746815799425,brasilia,df
70037,-15.845993999999996,-47.92076549999998,brasilia,df
70054,-15.798200402581196,-47.87337064254048,brasilia,df
70002,-15.790438613105168,-47.88065505785112,brasilia,df
70160,-15.800387177373825,-47.86052700741183,brasilia,df
70175,-15.800387177373825,-47.86052700741183,brasilia,df
70150,-15.800689999999976,-47.86194999999998,brasilia,df
70255,-15.818012473729848,-47.89375379732962,brasilia,df
70200,-15.836467499999992,-47.916126000000006,brasilia,df
70252,-15.81563577411488,-47.89568147884441,brasilia,df
70238,-15.812943376915673,-47.88946056026504,brasilia,df
70235,-15.812658217593002,-47.89365639297883,brasilia,df
70256,-15.819617756794086,-47.89579786160457,brasilia,df
70297,-15.832939715385043,-47.91601122220336,brasilia,df
70293,-15.831346500000004,-47.9170125,brasilia,df
70272,-15.822586229248806,-47.90402334826496,brasilia,df
70274,-15.826324500000004,-47.90956725000001,brasilia,df
70273,-15.823481279863822,-47.90585843438137,brasilia,df
70295,-15.834806999999993,-47.92344750000001,brasilia,df
70257,-15.821300710496276,-47.89971889256254,brasilia,df
70276,-15.825500999999996,-47.90504474999999,brasilia,df
70237,-15.811336707515794,-47.88704250000001,brasilia,df
70298,-15.836858229730389,-47.91911199294461,brasilia,df
70233,-15.808180499999992,-47.88963224999999,brasilia,df
70232,-15.805517981282913,-47.88548225151987,brasilia,df
70277,-15.826930527783656,-47.90779623296296,brasilia,df
70278,-15.82979263835193,-47.90922878406146,brasilia,df
70234,-15.8114925,-47.891466,brasilia,df
70239,-15.81577912890902,-47.89019119507985,brasilia,df
70296,-15.832088999999996,-47.91270599999999,brasilia,df
70275,-15.828687000000002,-47.91204899999999,brasilia,df
70236,-15.807775499999993,-47.88551250000001,brasilia,df
70253,-15.817023649288766,-47.898386373501175,brasilia,df
70292,-15.830369999999998,-47.91436650000001,brasilia,df
70258,-15.823475166778234,-47.90297761682508,brasilia,df
70299,-15.838757184446514,-47.92076003881197,brasilia,df
70254,-15.820762857161284,-47.90108655955913,brasilia,df
70294,-15.833816999999996,-47.91912300000001,brasilia,df
70210,-15.848599106565448,-47.92118752578113,brasilia,df
70338,-15.801506999999996,-47.89140075,brasilia,df
70390,-15.803374410496817,-47.90297513543773,brasilia,df
70336,-15.80506865982279,-47.89419327354334,brasilia,df
70360,-15.817494466669286,-47.91228841513671,brasilia,df
70363,-15.818605263914709,-47.91127044673773,brasilia,df
70343,-15.80930099999999,-47.89378125,brasilia,df
70365,-15.822108000000004,-47.91548024999999,brasilia,df
70337,-15.806380500000005,-47.8958085,brasilia,df
70330,-15.803540999999996,-47.89015200000001,brasilia,df
70353,-15.8100720758384,-47.900092949441074,brasilia,df
70377,-15.828839999999994,-47.92018049999999,brasilia,df
70376,-15.825865499999995,-47.91703725000001,brasilia,df
70354,-15.812346383576608,-47.9032463927232,brasilia,df
70385,-15.830214566904546,-47.92368794647636,brasilia,df
70351,-15.810784561964333,-47.90562191264542,brasilia,df
70355,-15.814984500000005,-47.90584125,brasilia,df
70342,-15.805696500000003,-47.891169000000005,brasilia,df
70345,-15.813304360472095,-47.89887177905579,brasilia,df
70352,-15.80922523273035,-47.89863420333052,brasilia,df
70344,-15.810425241155905,-47.89530758397044,brasilia,df
70340,-15.79809176117956,-47.8935500981107,brasilia,df
70382,-15.824034,-47.919278250000005,brasilia,df
70374,-15.823210499999997,-47.91131549999999,brasilia,df
70380,-15.823213549247273,-47.92158523024567,brasilia,df
70372,-15.819344999999997,-47.90567700000001,brasilia,df
70331,-15.804321418637416,-47.89824139639752,brasilia,df
70384,-15.826958999999992,-47.92446674999999,brasilia,df
70347,-15.816460499999998,-47.90321775,brasilia,df
70383,-15.826540500000002,-47.92094325000001,brasilia,df
70350,-15.807635890221665,-47.90176488185538,brasilia,df
70381,-15.828673432172211,-47.9277190530537,brasilia,df
70346,-15.815138756381112,-47.90003986775023,brasilia,df
70387,-15.829938000000006,-47.92819725,brasilia,df
70362,-15.815177999999996,-47.908188,brasilia,df
70393,-11.003213513105424,-68.74472282388545,brasilia,df
70373,-15.820874133413351,-47.90937904437111,brasilia,df
70386,-15.832098000000002,-47.92479749999998,brasilia,df
70375,-15.825032999999994,-47.913826500000006,brasilia,df
70364,-15.820058428124945,-47.91267951309377,brasilia,df
70361,-15.8184427159618,-47.91715259227622,brasilia,df
70335,-15.800597136315746,-47.88945379385659,brasilia,df
70391,-15.796373425489346,-47.84895542548933,brasilia,df
70422,-15.824901524310992,-47.8925856261604,brasilia,df
70402,-15.802477586805972,-47.87471121064673,brasilia,df
70406,-15.807898658030108,-47.87406381458834,brasilia,df
70415,-15.823970999999998,-47.88720623106173,brasilia,df
70675,-15.794415000000004,-47.93006475,brasilia,df
70670,-15.799101326895135,-47.91990650528445,brasilia,df
70658,-15.790700843643224,-47.9348514181837,brasilia,df
70673,-15.806524500000004,-47.93582925,brasilia,df
70660,-15.808247999999995,-47.93843924999999,brasilia,df
70630,-15.770742806103549,-47.930182540524086,brasilia,df
70610,-15.79596441541089,-47.91128271960153,brasilia,df
70687,-15.815976328611026,-47.907328086588976,brasilia,df
70648,-15.788943473358437,-47.93638791061641,brasilia,df
70640,-15.783742812655094,-47.934248442552914,brasilia,df
70655,-15.793045641539404,-47.9390598071763,cruzeiro,sp
70636,-15.708251010734694,-47.91179562388467,brasilia,df
70632,-15.758356499999998,-47.93579999999999,brasilia,df
70650,-15.799526999999998,-47.94364800000001,brasilia,df
70645,-15.782105504364816,-47.93233498642118,brasilia,df
70620,-15.776030210658432,-47.90937287246811,brasilia,df
70680,-15.78404999999995,-47.91689999999997,brasilia,df
70631,-15.769281260999946,-47.95934499999999,brasilia,df
70666,-15.748866,-47.89393199999999,brasilia,df
70602,-15.748033023861783,-47.92424951664843,brasilia,df
70634,-15.747113127387651,-47.92583712874399,brasilia,df
70750,-15.754632909678948,-47.89531165702924,brasilia,df
70740,-15.769799999999991,-47.89016774999999,brasilia,df
70733,-15.776231647238731,-47.882412183594006,brasilia,df
70757,-15.754967999999998,-47.89163249999999,brasilia,df
70772,-15.74233199999999,-47.893527000000006,brasilia,df
70730,-15.779717999999992,-47.88864,brasilia,df
70753,-15.756254625481269,-47.88720327171858,brasilia,df
70763,-15.747800142062902,-47.89103407816276,brasilia,df
70767,-15.746057999999998,-47.894445,brasilia,df
70760,-15.746845499999996,-47.89820699999999,brasilia,df
70732,-15.77943,-47.88355725,brasilia,df
70774,-15.743902499999994,-47.89462725,brasilia,df
70742,-15.769552499999998,-47.88321524999999,brasilia,df
70747,-15.764859000000005,-47.88795375000001,brasilia,df
70722,-15.781778999999991,-47.88345375,brasilia,df
70773,-15.737759999999998,-47.89320525,brasilia,df
70790,-15.746061223262362,-47.9018311883923,brasilia,df
70745,-15.769515161022476,-47.88705793226968,brasilia,df
70736,-15.776146452495912,-47.886903973698345,brasilia,df
70744,-15.762595499999993,-47.88525825000001,brasilia,df
70756,-15.756624000000002,-47.887812,brasilia,df
70766,-15.747961500000002,-47.8941705,brasilia,df
70765,-15.751157834276178,-47.89328608660287,brasilia,df
70735,-15.778699796124185,-47.88661075736597,brasilia,df
70746,-15.767685055100788,-47.88679838631195,brasilia,df
70761,-15.745459500000004,-47.8997775,brasilia,df
70734,-15.772178715946303,-47.88450686234893,brasilia,df
70770,-15.732234000000002,-47.89837349999999,brasilia,df
70775,-15.73898331204695,-47.89687287310593,brasilia,df
70755,-15.760777499999993,-47.89071675,brasilia,df
70737,-15.773458610046749,-47.88547446779968,brasilia,df
70743,-15.766987500000004,-47.88392399999999,brasilia,df
70723,-15.782120999999997,-47.8849815,brasilia,df
70754,-15.753295505587056,-47.88821075995372,brasilia,df
70711,-15.790438613105168,-47.88065505785112,brasilia,df
70719,-15.784005551214673,-47.88910205029197,brasilia,df
70712,-15.787509180968266,-47.88313320757135,brasilia,df
70764,-15.7451715,-47.89261800000001,brasilia,df
70762,-15.751017699468294,-47.89062091529557,brasilia,df
70752,-15.76098,-47.88611325000001,brasilia,df
70720,-15.781104379809744,-47.89013235555441,brasilia,df
70785,-15.736693499999996,-47.89046024999999,brasilia,df
70741,-15.763648500000006,-47.89263599999999,brasilia,df
70710,-15.737344861240077,-47.89598868898028,brasilia,df
70864,-15.749967307500055,-47.88434953538263,brasilia,df
70866,-15.751237500000002,-47.88252449999999,brasilia,df
70800,-15.75579960312184,-47.865931631571264,brasilia,df
70856,-15.761172953338969,-47.878636368437625,brasilia,df
70847,-15.768139499999998,-47.878362,brasilia,df
70833,-15.779209499999997,-47.87777249999999,brasilia,df
70845,-15.774458712142962,-47.87677904665532,brasilia,df
70803,-15.794110090195677,-47.84786624923538,brasilia,df
70834,-15.782179499999993,-47.87648549999999,brasilia,df
70875,-15.738024173754896,-47.88918426449883,brasilia,df
70879,-15.736905000000004,-47.887726500000014,brasilia,df
70874,-15.7399335,-47.88819675,brasilia,df
70852,-15.76386899999999,-47.88167849999999,brasilia,df
70804,-15.795540585636695,-47.85270983611286,brasilia,df
70844,-15.769425493262506,-47.87954224629922,brasilia,df
70842,-15.77595393284163,-47.87861266420813,brasilia,df
70878,-15.738763274370337,-47.88726421096283,brasilia,df
70867,-15.748279707817714,-47.88223531163988,brasilia,df
70857,-15.759918000000004,-47.879903249999984,brasilia,df
70863,-15.753091500000004,-47.88396,brasilia,df
70862,-15.755465331897769,-47.884680440018094,brasilia,df
70846,-15.769879948275245,-47.87680971875111,brasilia,df
70853,-15.76294104607878,-47.88117295475792,brasilia,df
70835,-15.777074739737486,-47.875398856324736,brasilia,df
70832,-15.781002463788958,-47.87787991326678,brasilia,df
70872,-15.74758013185916,-47.88742643311506,brasilia,df
70865,-15.753699000000005,-47.88189675,brasilia,df
70843,-15.7724595,-47.87845874999999,brasilia,df
70873,-15.742647,-47.88732374999999,brasilia,df
70801,-15.79354974216626,-47.8487287821282,brasilia,df
70855,-15.765512890705256,-47.878131775372,brasilia,df
70854,-15.760105066579689,-47.88329522022512,brasilia,df
70802,-15.791398232240027,-47.85698890190887,brasilia,df
70876,-15.747798917387597,-47.88476687608139,brasilia,df
70830,-15.777625500000005,-47.87400825,brasilia,df
70908,-15.76528459695353,-47.856663,brasilia,df
70910,-11.01405584956228,-68.7466525794982,brasilia,df
71015,-15.825499262113878,-47.98823901541496,brasilia,df
71050,-15.83927603063552,-47.97166282005243,brasilia,df
71065,-15.843663513974596,-47.981296749911245,brasilia,df
71070,-15.84494561197996,-47.98527498130505,brasilia,df
71010,-15.814967496183934,-47.98299607251937,brasilia,df
71020,-15.820608327447964,-47.9774549546782,brasilia,df
71060,-15.833616409836765,-47.98332641244141,brasilia,df
71009,-15.787326571209984,-47.88582780336425,brasilia,df
71090,-15.815613218565668,-47.995720718565664,guara,df
71100,-15.807959999999998,-47.988693000000005,brasilia,df
71215,-15.81777,-47.95696124999999,brasilia,df
71200,-15.805754999999998,-47.96828099999999,brasilia,df
71205,-15.795585524197527,-47.9490044415432,brasilia,df
71225,-15.793469199351094,-47.98932973431433,brasilia,df
71250,-15.776556242266905,-48.00254208713626,brasilia,df
71218,-15.81712781373276,-47.96469535055899,brasilia,df
71520,-15.737082850690438,-47.86597164270226,brasilia,df
71573,-15.764436057729926,-47.78389362240177,brasilia,df
71515,-15.748890877121491,-47.83784906908972,brasilia,df
71530,-15.757977950556086,-47.84304782395499,brasilia,df
71572,-15.7675868238149,-47.78109250502169,brasilia,df
71596,-15.779434500000002,-47.78213399999999,brasilia,df
71505,-15.73240143802808,-47.86277439289611,brasilia,df
71510,-15.724706690349894,-47.889696354449406,brasilia,df
71525,-15.749275195087192,-47.84856756285646,brasilia,df
71570,-15.781841999999992,-47.780595,brasilia,df
71535,-15.7519480449536,-47.83417184776962,brasilia,df
71503,-15.71343955842804,-47.88547783028448,brasilia,df
71540,-15.707155214290086,-47.87945685714087,brasilia,df
71670,-15.825761999999996,-47.812734000000006,brasilia,df
71625,-15.838914594494849,-47.86970795599868,brasilia,df
71680,-15.843092528722453,-47.82225242246026,brasilia,df
71610,-15.853437,-47.91398849999999,brasilia,df
71692,-15.906619276539498,-47.776985409783606,brasilia,df
71645,-15.865392465500342,-47.877529834045845,brasilia,df
71615,-15.849651258670455,-47.90234473229852,brasilia,df
71694,-15.908177109244209,-47.75283734748038,brasilia,df
71691,-15.906466093180695,-47.77423989072256,brasilia,df
71630,-15.83040444303753,-47.86864057180338,brasilia,df
71693,-15.914343473621368,-47.76019745174625,brasilia,df
71635,-15.84111164661397,-47.87172235499288,brasilia,df
71675,-15.822332999999997,-47.802116250000005,lago sul,df
71655,-15.84796949999999,-47.85377625,brasilia,df
71620,-15.84411447813068,-47.8976413277096,brasilia,df
71650,-15.857954413266782,-47.86713034041202,brasilia,df
71605,-15.856217889193529,-47.911229657919904,brasilia,df
71660,-15.84440608159733,-47.84740208436729,brasilia,df
71600,-15.853793290870778,-47.88101918443073,brasilia,df
71640,-15.852879551759653,-47.873462051759645,lago sul,df
71665,-15.833267999999997,-47.8307655,brasilia,df
71699,-15.793056283368957,-47.848963327226045,brasilia,df
71697,-15.794197105804272,-47.84810123053413,brasilia,df
71705,-15.874832134358124,-47.97308684520274,brasilia,df
71745,-15.91060998991109,-47.93495654035566,brasilia,df
71741,-15.916152321274076,-47.94779017417565,brasilia,df
71730,-15.793827906262008,-47.85157213930394,brasilia,df
71710,-15.875505402861275,-47.979364692634334,brasilia,df
71727,-15.857361308034683,-47.950996418618416,brasilia,df
71735,-15.871770370157137,-47.98406903818396,brasilia,df
71725,-15.850759033259534,-47.95077491530392,brasilia,df
71731,-15.880714704306566,-47.977533418485024,brasilia,df
71740,-15.937406313751795,-47.9857129243554,brasilia,df
71715,-15.87395848994282,-47.97779155455672,brasilia,df
71736,-15.86784549976898,-47.97045315353459,brasilia,df
71738,-15.872279251202956,-47.977063952646496,brasilia,df
71746,-15.94440341562261,-47.96398525031943,brasilia,df
71750,-15.919418433925246,-47.932229937321495,brasilia,df
71742,-15.891073771182452,-47.9306586641169,brasilia,df
71805,-15.879087311572237,-48.00634998074298,brasilia,df
71820,-15.88607502996301,-48.01676701284128,brasilia,df
71881,-15.89259819045744,-48.05054133357998,brasilia,df
71880,-15.903720314886394,-48.0418118655531,brasilia,df
71882,-15.909094892600276,-48.04746634657181,brasilia,df
71825,-15.886620476289508,-48.01443185354944,brasilia,df
71968,-15.865248326657143,-48.02412895649243,brasilia,df
71939,-15.841159228299446,-48.01861975312679,brasilia,df
71909,-15.8347492682803,-48.01934705398348,brasilia,df
71901,-15.831507404965272,-48.017061172812056,brasilia,df
71920,-15.82993426336836,-48.03289452317184,brasilia,df
71929,-15.83961825701954,-48.037775007437,brasilia,df
71900,-15.832334737539538,-48.03880152367143,brasilia,df
71936,-15.841450954140925,-48.024025688112914,brasilia,df
71937,-15.838387228836044,-48.01147928126522,brasilia,df
71931,-15.83612305024187,-48.04018517722967,brasilia,df
71907,-15.832475819308588,-48.01033388194513,brasilia,df
71917,-15.832386000000003,-48.0355965,brasilia,df
71908,-15.790681174014695,-47.85453457868314,brasilia,df
71925,-15.842882222788113,-48.023477609091415,brasilia,df
71928,-15.848767641268472,-48.03324800952432,brasilia,df
71927,-15.842186999999996,-48.03074439549317,brasilia,df
71916,-15.839117999999996,-48.025925999999984,brasilia,df
71918,-15.837191999999996,-48.03224624999999,brasilia,df
71910,-15.837416999999997,-48.020976000000005,brasilia,df
71985,-15.87483688262724,-48.01512066767536,brasilia,df
71990,-15.874430313645602,-48.00033930006178,brasilia,df
71940,-15.847924500000005,-47.923812,brasilia,df
71950,-15.839974444355102,-48.04327036252044,taguatinga,df
71982,-15.872291990786133,-48.01592038479189,brasilia,df
71938,-15.7902334052167,-47.854227996537546,brasilia,df
71904,-15.83076844114536,-48.01802413235897,brasilia,df
71969,-15.865710348049744,-48.02600416341721,brasilia,df
71988,-15.877496930982383,-48.01217906347336,brasilia,df
71915,-15.835761255029029,-48.02832335236938,brasilia,df
71955,-15.855330760454436,-48.03726226395937,brasilia,df
71926,-15.844322036240426,-48.02590214571617,brasilia,df
71906,-15.830932016803072,-48.0110489635657,brasilia,df
71956,-15.85501330003892,-48.03708873085543,brasilia,df
71963,-15.854833991567038,-48.03333984926204,brasilia,df
71973,-15.86035623879193,-48.02365977677897,brasilia,df
71987,-15.87657991003814,-48.013507752044575,brasilia,df
71978,-15.873101799122551,-48.0172995438546,brasilia,df
71979,-15.869529671452048,-48.01936434144958,brasilia,df
71967,-15.864074216307769,-48.02626134561307,brasilia,df
71972,-15.865289795818716,-48.0321721429269,taguatinga,df
71961,-15.854042257722448,-48.03235486735846,brasilia,df
71981,-15.86862974705929,-48.01574922058832,brasilia,df
71930,-15.837821999999996,-48.036888000000005,brasilia,df
71958,-15.852398621321637,-48.03557672238016,brasilia,df
71980,-15.868847289994196,-48.018721779332175,brasilia,df
71991,-15.874990645018736,-47.99812076659188,brasilia,df
71957,-15.853708775417967,-48.036796238820905,brasilia,df
71959,-15.851396118982764,-48.03536535967216,brasilia,df
71989,-15.876791287308537,-48.00797273204321,brasilia,df
71965,-15.860894250097262,-48.02640221656472,brasilia,df
71960,-15.851968229087902,-48.034328058528,brasilia,df
71964,-15.85934864686654,-48.03564551902181,brasilia,df
72016,-15.837492023626664,-48.06334858565047,brasilia,df
72015,-15.840667480274698,-48.051942900348365,brasilia,df
72025,-15.860897819196252,-48.04271941277336,brasilia,df
72035,-15.869707909792972,-48.03349207161825,brasilia,df
72020,-15.847238675664972,-48.04420514010529,brasilia,df
72010,-15.830012350967062,-48.05267337613706,brasilia,df
72007,-15.75329499999998,-48.04162999999997,brasilia,df
72003,-15.792503453812104,-47.84512683563065,brasilia,df
72006,-15.791154734041342,-47.85672962141953,brasilia,df
72001,-15.791398232240027,-47.85698890190887,brasilia,df
72115,-15.826510026848498,-48.06237218759978,brasilia,df
72130,-15.80457559360568,-48.083033962267486,brasilia,df
72145,-15.808625940558905,-48.09307854487662,brasilia,df
72135,-15.812449473573292,-48.07349588375061,brasilia,df
72155,-15.833731500000004,-48.07612575,brasilia,df
72140,-15.814491028077605,-48.08785351403879,brasilia,df
72120,-15.812585705044665,-48.06177935363809,brasilia,df
72110,-15.829734368351671,-48.05695764303574,taguatinga,df
72152,-15.818484796334396,-48.08912529965647,brasilia,df
72125,-15.81229929770141,-48.06916235516832,brasilia,df
72161,-15.817369752570672,-48.09380685616961,brasilia,df
72160,-15.831976453002744,-48.08896574716428,brasilia,df
72151,-15.831038747116356,-48.086759134416425,brasilia,df
72146,-15.792944703705848,-48.10841688927572,brasilia,df
72150,-15.825248999999996,-48.08060549999998,brasilia,df
72156,-15.821563642519152,-48.0792857860728,brasilia,df
72162,-15.81431508901504,-48.09530017803007,brasilia,df
72153,-15.746432814328523,-47.92541839618565,brasilia,df
72260,-15.803168148998855,-48.1347903719042,brasilia,df
72270,-15.807534439535994,-48.14563393118026,brasilia,df
72220,-15.838528302842304,-48.110470859171926,ceilandia,df
72225,-15.800587776316478,-48.12119762231989,brasilia,df
72241,-15.808551384889736,-48.12935656552741,brasilia,df
72250,-15.792835467982432,-48.11964457453431,brasilia,df
72231,-15.84372601762118,-48.11611031164195,ceilandia,df
72251,-15.791671806721045,-48.125660814493855,ceilandia,df
72236,-15.84763264721946,-48.12357116326625,brasilia,df
72255,-15.78622682820994,-48.13030013702988,brasilia,df
72210,-15.810740000233778,-48.10509857551138,brasilia,df
72275,-15.748094974753233,-47.924719571037095,brasilia,df
72261,-15.78841993661679,-48.138518796249855,brasilia,df
72215,-15.835597199219697,-48.08955883011609,brasilia,df
72240,-15.821608272815112,-48.12355453784427,brasilia,df
72230,-15.838524000000003,-48.122217000000006,ceilandia,df
72235,-15.840052803019717,-48.12557954591206,brasilia,df
72233,-15.84773403146559,-48.11320617572606,ceilandia,df
72252,-15.800472315480436,-48.12549240700643,brasilia,df
72312,-15.884372942145603,-48.076475145384855,samambaia,df
72306,-15.875211121866256,-48.07380830335708,brasilia,df
72301,-15.887367245869855,-48.1101170804173,brasilia,df
72322,-15.861219982039,-48.09050137567823,brasilia,df
72316,-15.86679943242206,-48.08060995224143,brasilia,df
72302,-15.871278076548398,-48.07531960546575,brasilia,df
72303,-15.892398619086704,-48.12157047226784,brasilia,df
72321,-15.874695305205767,-48.10169761860472,brasilia,df
72318,-15.863133388660309,-48.08595097165081,brasilia,df
72325,-15.885071021627764,-48.12601899134887,brasilia,df
72308,-15.873880500000006,-48.070782,brasilia,df
72305,-15.882551945441154,-48.09125564193766,brasilia,df
72319,-15.874041012582587,-48.098494052630166,brasilia,df
72331,-15.874030775594518,-48.11435605830503,brasilia,df
72310,-15.88501454264546,-48.07858444980415,brasilia,df
72320,-15.859287000000004,-48.07096649999999,brasilia,df
72315,-15.895231281682582,-48.11129042722754,brasilia,df
72307,-15.889788700284615,-48.107887047398336,brasilia,df
72309,-15.893320696883828,-48.11581124519752,brasilia,df
72329,-15.894073164936067,-48.14625093551764,brasilia,df
72323,-15.880175850969112,-48.11775609087277,brasilia,df
72314,-15.878069472585103,-48.066225890340405,brasilia,df
72333,-15.877734852470857,-48.122194386513314,brasilia,df
72327,-15.885537005039916,-48.12778353402972,brasilia,df
72304,-15.866991460932812,-48.06216204981815,brasilia,df
72311,-15.888379883210568,-48.08531199817122,brasilia,df
72313,-15.891596746961923,-48.103052085630246,brasilia,df
72317,-15.898614329682957,-48.1183982217449,brasilia,df
72335,-15.889652266375744,-48.14421064847177,samambaia,df
72415,-16.023101479007586,-48.07995398251277,brasilia,df
72410,-16.038118952020856,-48.05945507777431,brasilia,df
72445,-15.789492387537862,-47.90889562835278,brasilia,df
72405,-15.819446093282757,-47.83730772857625,brasilia,df
72430,-16.009672011507742,-48.0652087478139,brasilia,df
72425,-16.024303965104266,-48.07309083213991,brasilia,df
72450,-16.008511777961637,-48.05001692124417,brasilia,df
72460,-16.02294658397918,-48.05071815778448,brasilia,df
72503,-16.037365499999996,-48.02400807322753,brasilia,df
72509,-16.022942572375488,-48.02046252807729,brasilia,df
72508,-16.02311124257728,-48.02526045609803,brasilia,df
72548,-16.005321390558183,-47.989673786216485,brasilia,df
72543,-16.01093309979112,-48.000627639547744,brasilia,df
72500,-16.04650153669953,-48.036731536699534,brasilia,df
72507,-16.028718100170796,-48.02627896413801,brasilia,df
72546,-16.002977625502055,-47.99440260973063,brasilia,df
72501,-16.04234342679728,-48.02981492679729,brasilia,df
72592,-15.99262549027121,-47.99594805286571,brasilia,df
72547,-16.00853120581692,-47.99032368458669,brasilia,df
72506,-16.027853768288395,-48.02991760868802,brasilia,df
72545,-16.006963032541375,-47.99715176538055,brasilia,df
72544,-16.008737688667523,-48.00131958841844,brasilia,df
72593,-15.994300119721528,-47.99461968838564,brasilia,df
72542,-16.01136904679358,-48.00406130237533,brasilia,df
72594,-15.996520585100315,-48.00113115159638,brasilia,df
72502,-16.03976780442627,-48.03038809306924,brasilia,df
72504,-16.034067536776195,-48.027801160514784,brasilia,df
72510,-16.02358803561571,-48.01891409312747,brasilia,df
72640,-15.91648775173155,-48.05926157037188,brasilia,df
72630,-15.910909497181192,-48.059098731078,brasilia,df
72610,-15.907778498360091,-48.06559642615741,brasilia,df
72601,-15.90356484195536,-48.07861918540358,brasilia,df
72622,-15.925280313236172,-48.1020849758072,brasilia,df
72641,-15.91968483812679,-48.06215516791329,brasilia,df
72603,-15.927029094431656,-48.10959487567799,brasilia,df
72621,-15.916551143207474,-48.09879768101986,brasilia,df
72602,-15.910633486596884,-48.097383553696325,brasilia,df
72620,-15.908585997034344,-48.08004599851718,brasilia,df
72650,-15.923493771742953,-48.05304857239735,brasilia,df
72660,-15.929897374916736,-48.10169500244632,brasilia,df
72631,-15.914222127929127,-48.06411583880616,brasilia,df
72669,-15.793363257833736,-47.84922424340701,brasilia,df
72710,-15.68739447758306,-48.19609368558727,brasilia,df
72720,-15.748033023861783,-47.92424951664843,brasilia,df
72737,-15.664288359846626,-48.199648277925405,brasilia,df
72725,-15.67006599365607,-48.19943703037085,brasilia,df
72747,-15.660002308271403,-48.19849246405005,brasilia,df
72748,-15.65764205440762,-48.20169368703112,brasilia,df
72726,-15.6678915309859,-48.20300988008741,brasilia,df
72705,-15.6770480388299,-48.19564372568827,brasilia,df
72736,-15.662156382176388,-48.195419944262575,brasilia,df
72738,-15.661961849957454,-48.20141444010087,brasilia,df
72746,-15.65922812390139,-48.195076038061536,brasilia,df
72755,-15.656735706985364,-48.19444331487741,brasilia,df
72745,-15.66107043328908,-48.193587947495885,brasilia,df
72715,-15.681708216020573,-48.19668628631812,brasilia,df
72735,-15.664849890577589,-48.19369272261167,brasilia,df
72860,-16.053463470013135,-48.03056072678428,novo gama,go
72800,-16.255783825155966,-47.95518421677063,luziania,go
72876,-16.067795696951773,-47.97238787911786,valparaiso de goias,go
72871,-16.056101999999946,-48.00435199999996,valparaiso de goias,go
72810,-16.25091275587183,-47.95781462520741,luziania,go
72801,-16.256510999999996,-47.96285546547072,luziania,go
72880,-16.089353187179697,-47.93972590355894,cidade ocidental,go
72878,-16.054549899999927,-47.97426549999994,valparaiso de goias,go
72803,-16.25614965287371,-47.94272799137904,luziania,go
72855,-16.173714191260075,-47.9299242394582,luziania,go
72850,-16.130234115673762,-47.966305231347526,luziania,go
72831,-16.24219549137713,-47.907154582219,luziania,go
72820,-16.25444039427035,-47.90676860162856,luziania,go
72834,-16.217701906804685,-47.9168838374265,luziania,go
72872,-16.087331092411024,-47.98809526771883,valparaiso de goias,go
72804,-16.25852424815943,-47.92000438370325,luziania,go
72851,-16.128531000000002,-47.955120750000006,luziania,go
72862,-16.103506759492763,-48.08927105622765,novo gama,go
72811,-16.249924225077788,-47.962270500176125,luziania,go
72830,-16.244816391479485,-47.914066434235,luziania,go
72812,-16.24517352511756,-47.948067534242725,luziania,go
72806,-16.26482633439049,-47.92510994166294,luziania,go
72813,-16.234607503265902,-47.94682163265032,luziania,go
72879,-16.060499378999964,-47.96439999999996,valparaiso de goias,go
72858,-16.1401119089666,-47.98887717176466,luziania,go
72815,-16.233225742697798,-47.93896990998619,luziania,go
72883,-16.111509999999953,-47.92056217999993,cidade ocidental,go
72874,-16.120382362462855,-47.96940480004987,valparaiso de goias,go
72805,-16.2603855,-47.94186599999999,luziania,go
72865,-16.091274999999968,-48.03174499999997,novo gama,go
72814,-16.255760893724332,-47.94068285890908,luziania,go
72885,-16.107811052999978,-47.951615499999946,cidade ocidental,go
72853,-16.23351718527273,-47.9349851668985,luziania,go
72873,-16.07600211683982,-47.97225311636758,valparaiso de goias,go
72887,-16.08274499999993,-47.93224123899995,cidade ocidental,go
72875,-16.074361480514703,-47.98930591292997,valparaiso de goias,go
72836,-16.210019476749263,-47.92963401356898,luziania,go
72822,-16.255927181886594,-47.928342566491054,luziania,go
72823,-16.245275257905682,-47.89877725504883,luziania,go
72921,-15.724759999999948,-48.32085981499995,aguas lindas de goias,go
72910,-15.703843499999994,-48.27793725000001,aguas lindas de goias,go
72900,-15.942803976898665,-48.25304942148582,santo antonio do descoberto,go
72911,-15.702868231653715,-48.27344356917551,aguas lindas de goias,go
72927,-15.801842436999948,-48.299912974999984,guas lindas de gois,go
72915,-15.734161012879357,-48.26876074255232,aguas lindas de goias,go
72920,-15.723933037999927,-48.29112999999995,aguas lindas de goias,go
72906,-15.941744385178378,-48.26082312907881,santo antonio do descoberto,go
72914,-15.734473643068489,-48.25735363746342,guas lindas de gois,go
72916,-15.704729593311113,-48.27927350442072,guas lindas de gois,go
72926,-15.706009177982828,-48.2813184715604,guas lindas de gois,go
72912,-15.703532693586782,-48.277570942145786,aguas lindas de goias,go
72917,-15.688824999999952,-48.26050142199995,aguas lindas de goias,go
72902,-15.95631585119913,-48.26457194053727,santo antonio do descoberto,go
72922,-15.704463180518244,-48.27907361436052,aguas lindas de goias,go
72901,-15.938756169050674,-48.25925736619933,santo antonio do descoberto,go
72925,-15.705057229778244,-48.27981719019313,aguas lindas de goias,go
72907,-15.956927965601098,-48.26970729779953,santo antonio do descoberto,go
73025,-15.656084567590392,-47.803250912625735,brasilia,df
73040,-15.64492951615352,-47.79056891423037,brasilia,df
73005,-15.646078392606958,-47.80261301154338,brasilia,df
73045,-15.643006453323348,-47.78115295944674,brasilia,df
73015,-15.656221567630755,-47.790259390660445,brasilia,df
73070,-15.6362440632116,-47.8461760245992,brasilia,df
73030,-15.650382313455822,-47.804493261897264,brasilia,df
73050,-15.645829658729392,-47.7679039298278,brasilia,df
73035,-15.639619383972343,-47.804546933208144,brasilia,df
73020,-15.656754584921352,-47.808582687413306,brasilia,df
73062,-15.641438073151594,-47.82359123089236,brasilia,df
73060,-15.63882448195578,-47.82388438658429,brasilia,df
73080,-15.628575585570688,-47.82818183221465,brasilia,df
73092,-15.666497999999994,-47.81994750000001,brasilia,df
73063,-15.644582435730117,-47.81793582681991,brasilia,df
73010,-15.651575937754464,-47.793778489625744,brasilia,df
73011,-15.6497715,-47.789379,brasilia,df
73006,-15.644609999999991,-47.79756225,brasilia,df
73083,-15.793451951210246,-47.84585219627235,brasilia,df
73036,-15.646589999999993,-47.80556774999998,brasilia,df
73041,-15.646059000000005,-47.78604899999999,brasilia,df
73105,-15.654091048625505,-47.86089188525851,brasilia,df
73100,-15.640870915999926,-47.776245727999935,sobradinho,df
73150,-15.791400649460424,-47.84936509587982,brasilia,df
73252,-15.687127618933868,-47.8263635190533,brasilia,df
73251,-15.67044853931117,-47.81596285510468,sobradinho,df
73270,-15.793031232298508,-47.84911632722603,brasilia,df
73250,-15.57796552252159,-48.00730195946881,brasilia,df
73355,-15.613219754370055,-47.634797899818615,brasilia,df
73350,-15.612180691171176,-47.64791849543519,brasilia,df
73360,-15.62299518535027,-47.65010744842545,brasilia,df
73358,-15.61706353109528,-47.634433329453685,brasilia,df
73356,-15.619731592551638,-47.6395410537256,brasilia,df
73330,-15.617702740796958,-47.65949696280836,brasilia,df
73357,-15.61875818505566,-47.6394289901286,brasilia,df
73365,-15.749689954498129,-47.927246494460064,brasilia,df
73340,-15.603870928539797,-47.65641954215455,brasilia,df
73380,-15.615533616607808,-47.674256132592944,brasilia,df
73320,-15.63121473832217,-47.65581236528401,brasilia,df
73370,-15.643825462315933,-47.64502003338382,brasilia,df
73368,-15.74972997671513,-47.92717447281999,brasilia,df
73366,-15.748649225633416,-47.9250662008776,brasilia,df
73375,-15.791086703582105,-47.85647009498981,brasilia,df
73367,-15.746776995816395,-47.922967987823625,brasilia,df
73403,-15.79291375965141,-47.85561995282468,brasilia,df
73750,-15.447729083692307,-47.58730736061539,planaltina,go
73751,-15.448000499999992,-47.58607124999999,planaltina,go
73753,-15.46086239399978,-47.62225461187454,planaltina,go
73752,-15.454584999999952,-47.60120021499995,planaltina,go
73755,-15.482401380999931,-47.58963499999993,planaltina,go
73754,-15.49434999999994,-47.63636545999998,planaltina,go
73802,-15.557216770385953,-47.34055093354615,formosa,go
73808,-15.562419694850668,-47.33345632170458,formosa,go
73813,-15.556702086040726,-47.334031019706856,formosa,go
73850,-16.776217119514687,-47.6139809656205,cristalina,go
73807,-15.544016983528117,-47.32724930727984,formosa,go
73860,-13.402076801154202,-46.31241993083256,sao domingos,ba
73803,-15.547786186019325,-47.343799365092885,formosa,go
73814,-15.557404665643704,-47.19865656770206,formosa,go
73805,-15.54045620529518,-47.34382022313928,formosa,go
73801,-15.541663809048414,-47.34169173258697,formosa,go
73809,-15.530606047833842,-47.32904327211205,formosa,go
73804,-15.567847558804925,-47.33638248024869,formosa,go
74075,-16.67316640999716,-49.266972048074194,goiania,go
74083,-16.688396999999945,-49.25131999999997,goiania,go
74030,-16.677976063671064,-49.25378499652537,goiania,go
74093,-16.697333999999945,-49.25488849999997,goiania,go
74015,-16.67898870965733,-49.259448951079584,goiania,go
74013,-16.678765715014293,-49.25779687824453,goiania,go
74085,-16.692894861629206,-49.25034919528077,goiania,go
74020,-16.67204493764515,-49.25776566849794,goiania,go
74080,-16.68924463479578,-49.25928413815949,goiania,go
74063,-16.65954925573188,-49.264668961165015,goiania,go
74003,-16.680603016860072,-49.2566844522662,goiania,go
74055,-16.66600140947401,-49.25976473048296,goiania,go
74070,-16.67363322907342,-49.26907445818766,goiania,go
74045,-16.667759999999944,-49.26147649999996,goiania,go
74010,-16.674906286657514,-49.2579184312828,goiania,go
74023,-16.67270682762869,-49.25697787024161,goiania,go
74043,-16.675429623739763,-49.26004719113793,goiania,go
74040,-16.674044370032306,-49.25571299476866,goiania,go
74025,-16.67441853851804,-49.26112054102634,goiania,go
74050,-16.667675834832433,-49.2605437413177,goiania,go
74005,-16.651215700208393,-49.264290072552456,goiania,go
74001,-16.68033978701758,-49.25444399787117,goiania,go
74053,-16.667647624825875,-49.2602848147495,goiania,go
74140,-16.690919470384546,-49.27097863036399,goiania,go
74180,-16.670191655090733,-49.24713158334571,goiania,go
74110,-16.681533640451587,-49.26496792761543,goiania,go
74115,-16.684447684218387,-49.26611966674832,goiania,go
74160,-16.696446874943895,-49.26452440440847,goiania,go
74125,-16.678217999999944,-49.27732099999996,goiania,go
74130,-16.68689457059655,-49.27472543196957,goiania,go
74150,-16.69233053490511,-49.26801564804068,goiania,go
74120,-16.689714955052352,-49.27195903767244,goiania,go
74175,-16.70159484340902,-49.25975817173033,goiania,go
74170,-16.698842999999997,-49.26342825,goiania,go
74255,-16.712752630164644,-49.291902520303125,goiania,go
74230,-16.711414860017403,-49.26711541248844,goiania,go
74265,-16.700375999999945,-49.29199549999996,goiania,go
74223,-16.70654296583296,-49.2684231411224,goiania,go
74270,-16.70550750266717,-49.28467736060073,goiania,go
74275,-16.714629409915183,-49.28125918781387,goiania,go
74210,-16.693725048085238,-49.277800778857326,goiania,go
74215,-16.698923923627095,-49.2738436400366,goiania,go
74290,-16.707070165957465,-49.27786749987484,goiania,go
74250,-16.721556097981267,-49.28659459030166,goiania,go
74280,-16.716108000723914,-49.27434579362765,goiania,go
74370,-16.727890500000004,-49.34988899999999,goiania,go
74305,-16.695777121000333,-49.29877056247072,goiania,go
74340,-16.664851853384405,-49.43126821319877,goiania,go
74353,-16.739751665044185,-49.32830321176197,goiania,go
74310,-16.704177885673925,-49.30012373064592,goiania,go
74367,-16.70924822674422,-49.3260131269197,goiania,go
74357,-16.769893500000006,-49.35323699999999,goiania,go
74325,-16.704352922861833,-49.312165272398495,goiania,go
74363,-16.725632996373395,-49.32506239337789,goiania,go
74392,-16.70912999999996,-49.36763903599996,goiania,go
74360,-16.735404279543758,-49.31493989611095,goiania,go
74356,-16.788713256115912,-49.37806988242646,goiania,go
74366,-16.715153857534975,-49.32516023026103,goiania,go
74303,-16.696396766854882,-49.30663888644363,goiania,go
74350,-16.744097999999944,-49.31941849999996,goiania,go
74333,-16.7130367660346,-49.30127628290576,goiania,go
74354,-16.752845999999945,-49.35177799999997,goiania,go
74393,-16.723885431734463,-49.37639627631602,goiania,go
74365,-16.72140981378662,-49.31538951894815,goiania,go
74330,-16.74549420425504,-49.34013300000001,goiania,go
74335,-16.719483678529347,-49.29660758095803,goiania,go
74315,-16.72058410555624,-49.231958179219056,goiania,go
74345,-16.74477703115764,-49.30300534751359,goiania,go
74343,-16.73600057496822,-49.3025740827112,goiania,go
74355,-16.774395987487942,-49.35625534901799,goiania,go
74373,-16.707791188285203,-49.32359513873914,goiania,go
74375,-16.701985344696443,-49.33166659230292,goiania,go
74369,-16.750422240809634,-49.34703197476625,goiania,go
74391,-16.698581468962743,-49.34197451321584,goiania,go
74395,-16.721723999999945,-49.36528699999997,goiania,go
74320,-16.694336999999948,-49.309513999999965,goiania,go
74371,-16.734844405242583,-49.343639294345856,goiania,go
74351,-16.72474098624962,-49.31189260055002,goiania,go
74313,-16.70791053766125,-49.305539929427646,goiania,go
74323,-16.69955774566663,-49.31646534449651,goiania,go
74390,-16.576340986078417,-49.23651227657369,goiania,go
74339,-16.713452012508288,-49.31626737925915,goiania,go
74394,-16.73364876987411,-49.38063202027331,goiania,go
74372,-16.747747986411394,-49.367400162285314,goiania,go
74450,-16.652796233266038,-49.33142806957378,goiania,go
74415,-16.688763899055633,-49.31156248449904,goiania,go
74423,-16.68822438741148,-49.31497955985662,goiania,go
74474,-16.600417319288013,-49.31661266584666,goiania,go
74475,-16.611423851430057,-49.34822160263092,goiania,go
74463,-16.6515451392952,-49.344366671055006,goiania,go
74425,-16.67797679278914,-49.30628046726082,goiania,go
74483,-16.69023602641611,-49.353304753266194,goiania,go
74493,-16.6557683277285,-49.39738461693662,goiania,go
74440,-16.661450999999946,-49.30337599999996,goiania,go
74420,-16.68844590837263,-49.31868624274157,goiania,go
74495,-16.677922537129806,-49.381554477106974,goiania,go
74485,-16.688730793830423,-49.33414637399583,goiania,go
74410,-16.687028999999946,-49.29613099999996,goiania,go
74481,-16.590827558649437,-49.33291204646562,goiania,go
74473,-16.620597679766842,-49.31555469124452,goiania,go
74413,-16.68504383343826,-49.299605878321785,goiania,go
74477,-16.589197378883632,-49.37550517746181,goiania,go
74480,-16.615543042162397,-49.352785335154906,goiania,go
74491,-16.667661016265008,-49.41889442959344,goiania,go
74430,-16.673750999999996,-49.30806599999998,goiania,go
74405,-16.6815135,-49.29718950000001,goiania,go
74494,-16.689269999999947,-49.403460499999966,goiania,go
74484,-16.700258999999946,-49.352340499999954,goiania,go
74465,-16.646426191793406,-49.32273328978309,goiania,go
74445,-16.651801741957236,-49.31701839026654,goiania,go
74496,-16.652553015090373,-49.38169120170208,goiania,go
74453,-16.656251988551617,-49.33176945171433,goiania,go
74433,-16.664020259668984,-49.31297375900579,goiania,go
74487,-16.704255768134622,-49.37395654720932,goiania,go
74490,-16.692230999999946,-49.40829349999996,goiania,go
74486,-16.67909699999999,-49.33189800000001,goiania,go
74470,-16.634835029856873,-49.33731413692733,goiania,go
74403,-16.6773641270355,-49.30099023624884,goiania,go
74435,-16.66317182695635,-49.3078833373604,goiania,go
74460,-16.660202369996266,-49.3355793301532,goiania,go
74492,-16.663171499999997,-49.41909,goiania,go
74461,-16.657827234559292,-49.34971798587832,goiania,go
74464,-16.656118968680975,-49.36001959699845,goiania,go
74455,-16.673420682489265,-49.32278866785936,goiania,go
74476,-16.61032755468738,-49.34744430637364,goiania,go
74471,-16.625184672684274,-49.35495149999999,goiania,go
74510,-16.670262457351704,-49.28916958983223,goiania,go
74580,-16.645944494113735,-49.29569488008731,goiania,go
74594,-16.621122664726037,-49.304394588630885,goiania,go
74560,-16.663544326261984,-49.27264913022401,goiania,go
74533,-16.681520999999947,-49.28676199999997,goiania,go
74563,-16.649582610194585,-49.26427418270268,goiania,go
74595,-16.628877320060184,-49.28524147692361,goiania,go
74530,-16.67750884169166,-49.286730118478985,goiania,go
74535,-16.677839999999946,-49.283413999999965,goiania,go
74593,-16.617545017504465,-49.29481639918998,goiania,go
74515,-16.673166238335956,-49.29376557934837,goiania,go
74574,-16.64760205972494,-49.27885762684666,goiania,go
74583,-16.640529014291676,-49.29642419483108,goiania,go
74590,-16.616476057909594,-49.29257561953583,goiania,go
74503,-16.6705149727955,-49.29632088702782,goiania,go
74555,-16.663620161654972,-49.27664523081626,goiania,go
74573,-16.640872149351647,-49.27840839400852,goiania,go
74553,-16.694773852851835,-49.35871925694055,goiania,go
74525,-16.66979111772488,-49.29010011347318,goiania,go
74565,-16.6484115,-49.31119124999999,goiania,go
74543,-16.666163984505623,-49.276073791587045,goiania,go
74513,-16.673657225767524,-49.29341069923589,goiania,go
74550,-16.64535074864296,-49.290287092233314,goiania,go
74591,-16.617474954174106,-49.28844650506055,goiania,go
74575,-16.652258999999994,-49.286196,goiania,go
74523,-16.657756538518864,-49.29414073278068,goiania,go
74584,-16.634939037163956,-49.2953231997932,goiania,go
74520,-16.663815844757494,-49.29175299850909,goiania,go
74505,-16.668546306398486,-49.292759733242434,goiania,go
74650,-16.657373999999948,-49.23936799999996,goiania,go
74673,-16.648796999999945,-49.236442999999966,goiania,go
74680,-16.61347237105183,-49.19701940893458,goiania,go
74690,-16.597718710862782,-49.25496277140769,goiania,go
74655,-16.649902511976133,-49.24946896606786,goiania,go
74660,-16.65249770755279,-49.26043990013268,goiania,go
74663,-16.640413602654117,-49.25463166683063,goiania,go
74605,-16.678244999999947,-49.246810999999965,goiania,go
74685,-16.6154762517335,-49.25366629794294,goiania,go
74683,-16.614895610661804,-49.2209963032458,goiania,go
74692,-16.59137989586183,-49.2598758133355,goiania,go
74670,-16.644392999999994,-49.2400215,goiania,go
74675,-16.615979744989296,-49.21670892109643,goiania,go
74645,-16.671296999999946,-49.23724849999997,goiania,go
74635,-16.665283949942065,-49.240216608956366,goiania,go
74630,-16.663068777689674,-49.23077415326248,goiania,go
74610,-16.672306722859993,-49.24261182139876,goiania,go
74653,-16.655854438890366,-49.25242928595651,goiania,go
74633,-16.666038279230186,-49.239858150415046,goiania,go
74615,-16.678480280046944,-49.23416099033801,goiania,go
74665,-16.624162585241084,-49.249752218220095,goiania,go
74603,-16.68481456726801,-49.23733433917155,goiania,go
74640,-16.663916999999945,-49.241766499999954,goiania,go
74674,-16.6402078174763,-49.22607048672987,goiania,go
74672,-16.635658373806564,-49.23047360452956,goiania,go
74643,-16.671369486589228,-49.24665291281037,goiania,go
74620,-16.66460157672196,-49.22295154031332,goiania,go
74693,-16.543064855999944,-49.282899999999984,goiania,go
74684,-16.593808499999994,-49.2034275,goiania,go
74691,-16.597009546124553,-49.26867805384436,goiania,go
74681,-16.62736059039568,-49.19652698815992,goiania,go
74686,-16.55617790399998,-49.244785999999976,goiania,go
74611,-16.67470033239956,-49.23190255687968,goiania,go
74682,-16.507687500000003,-49.43732399999999,goiania,go
74705,-16.67102264036517,-49.21864906227514,goiania,go
74740,-16.685914702289843,-49.20585320228982,goiania,go
74730,-16.69462633839145,-49.20879619101376,goiania,go
74703,-16.66439152473869,-49.20522330314717,goiania,go
74710,-16.674347824992825,-49.216713318104425,goiania,go
74786,-16.637429999999938,-49.174427916999946,goiania,go
74781,-16.64915533435149,-49.20054790135316,goiania,go
74785,-16.639706999999945,-49.18621399999997,goiania,go
74720,-16.689003076514556,-49.21824785671566,goiania,go
74723,-16.696045587046555,-49.21715714854598,goiania,go
74765,-16.545019071784147,-49.402687252188045,goiania,go
74715,-16.727571,-49.32842849999999,goiania,go
74775,-16.648828989494415,-49.20904217271237,goiania,go
74735,-16.68095471241174,-49.20636796865232,goiania,go
74780,-16.650465917070626,-49.192738547461005,goiania,go
74770,-16.659445687227716,-49.17943082884326,goiania,go
74769,-16.653986707680428,-49.18507210578588,goiania,go
74713,-16.68041554067655,-49.22219187338556,goiania,go
74766,-16.665761999999948,-49.17721399999997,goiania,go
74767,-16.66791325704835,-49.194271798773954,goiania,go
74711,-16.669619999999995,-49.223808000000005,goiania,go
74783,-16.647080423202723,-49.29001995680617,goiania,go
74843,-16.653092880353622,-49.312738981283786,goiania,go
74840,-16.740910050381892,-49.28270568018304,goiania,go
74845,-16.721492976402,-49.24476141839511,goiania,go
74810,-16.704461999999946,-49.23461149999996,goiania,go
74815,-16.712006739048626,-49.23975723904863,goiania,go
74885,-16.735303440722898,-49.20675061407453,goiania,go
74823,-16.71582450862408,-49.26037794008604,goiania,go
74870,-16.728379621531005,-49.21725962541122,goiania,go
74884,-16.72204111672155,-49.18413937967532,goiania,go
74825,-16.7174939681896,-49.24672673825662,goiania,go
74865,-16.716306184487813,-49.22223690156044,goiania,go
74863,-16.72994972975596,-49.25781981602922,goiania,go
74805,-16.686493697053447,-49.24509963142649,goiania,go
74890,-16.749444915595852,-49.20008431248775,goiania,go
74855,-16.726803653291906,-49.2228879982095,goiania,go
74835,-16.726294140567493,-49.27637154365813,goiania,go
74830,-16.718041454656685,-49.256932935367566,goiania,go
74860,-16.735987317145636,-49.217349973141744,goiania,go
74853,-16.72937184407452,-49.23862442162572,goiania,go
74883,-16.69981024785323,-49.21665080720741,goiania,go
74850,-16.727429643071382,-49.23664862704604,goiania,go
74820,-16.712156999999944,-49.24825099999997,goiania,go
74893,-16.73827300190717,-49.19983704105267,goiania,go
74817,-16.713202794269563,-49.24377138265976,goiania,go
74886,-16.725834098545064,-49.21222893336587,goiania,go
74930,-16.77015400112626,-49.34004189470734,aparecida de goiania,go
74910,-16.747669264686326,-49.246653491744695,aparecida de goiania,go
74913,-16.75989765880399,-49.25082386870691,aparecida de goiania,go
74922,-16.759649532295228,-49.22596154517842,aparecida de goiania,go
74917,-16.757234999999994,-49.275303750000006,aparecida de goiania,go
74965,-16.83483289413642,-49.363796455450384,aparecida de goiania,go
74919,-16.776836999999997,-49.24737449999999,aparecida de goiania,go
74947,-16.796936999999946,-49.344658999999965,aparecida de goiania,go
74985,-16.794179522289692,-49.25800461485255,aparecida de goiania,go
74980,-16.823260944189276,-49.24736809575025,aparecida de goiania,go
74937,-16.77438323403551,-49.293374831252805,aparecida de goiania,go
74984,-16.79146281708177,-49.24478226771664,aparecida de goiania,go
74950,-16.778933999999992,-49.27464225,aparecida de goiania,go
74920,-16.73933140071101,-49.22234867173652,aparecida de goiania,go
74911,-16.736456999999945,-49.24503349999996,aparecida de goiania,go
74943,-16.779199134853755,-49.33098272351731,aparecida de goiania,go
74986,-16.814676261037956,-49.23631853303319,aparecida de goiania,go
74915,-16.73860542851114,-49.270203391194265,aparecida de goiania,go
74968,-16.821138286402213,-49.24873174900848,aparecida de goiania,go
74933,-16.753323315393434,-49.324752236813815,aparecida de goiania,go
74935,-16.747437305570323,-49.29269002705556,aparecida de goiania,go
74961,-16.81461688350977,-49.3154753749985,aparecida de goiania,go
74988,-16.831248727962723,-49.22466401716799,aparecida de goiania,go
74938,-16.753280334627178,-49.28720607783448,aparecida de goiania,go
74912,-16.73432023378746,-49.238955106087104,aparecida de goiania,go
74934,-16.766866999999934,-49.313808807999976,aparecida de goiania,go
74973,-16.824431439343883,-49.25659197450148,aparecida de goiania,go
74916,-16.747272000000002,-49.28483025000001,aparecida de goiania,go
74940,-16.789455000000004,-49.220343,aparecida de goiania,go
74990,-16.826687232778063,-49.23769568374608,aparecida de goiania,go
74967,-16.815642191422757,-49.2895813980122,aparecida de goiania,go
74966,-16.82064900730143,-49.29355077602696,aparecida de goiania,go
74923,-16.78374466356088,-49.23622426350726,aparecida de goiania,go
74932,-16.763626098244618,-49.32687766529706,aparecida de goiania,go
74914,-16.754277274281105,-49.271002399443695,aparecida de goiania,go
74936,-16.764070999999944,-49.29423866599996,aparecida de goiania,go
74989,-16.84717220999994,-49.23618973699996,aparecida de goiania,go
74969,-16.813325989752357,-49.28644179941733,aparecida de goiania,go
74959,-16.819607999999945,-49.31279899999996,aparecida de goiania,go
74981,-16.80880904493778,-49.23952511688964,aparecida de goiania,go
74976,-16.828614353715302,-49.24429802991069,aparecida de goiania,go
74952,-16.774429956952705,-49.2762898425808,aparecida de goiania,go
74970,-16.822672959484716,-49.29031729844766,aparecida de goiania,go
74944,-16.796079000000006,-49.32735525,aparecida de goiania,go
74921,-16.757270999999996,-49.22599949999999,aparecida de goiania,go
74955,-16.804477193323248,-49.277480788797625,aparecida de goiania,go
74942,-16.784751916577193,-49.31814119175711,aparecida de goiania,go
74924,-16.78527803904488,-49.21484413177647,aparecida de goiania,go
74905,-16.743197999999946,-49.26037399999996,aparecida de goiania,go
74960,-16.799168999999946,-49.33322449999996,aparecida de goiania,go
74954,-16.796284866328648,-49.2821498984789,aparecida de goiania,go
74945,-16.7963059571624,-49.33424216913179,aparecida de goiania,go
74926,-16.756217375707266,-49.20856480633908,aparecida de goiania,go
74987,-16.82699691534916,-49.23009798401908,aparecida de goiania,go
74953,-16.780264309332647,-49.29275267543972,aparecida de goiania,go
74963,-16.82113132671378,-49.366102328844,aparecida de goiania,go
74948,-16.81212011490863,-49.3483896781821,aparecida de goiania,go
74982,-16.802704999999946,-49.25220116699995,aparecida de goiania,go
74971,-16.831088999999995,-49.27715774999999,aparecida de goiania,go
74946,-16.773017212224374,-49.34006572133311,aparecida de goiania,go
74957,-16.803409499999994,-49.3132365,aparecida de goiania,go
74958,-16.800534361511023,-49.31714048011501,aparecida de goiania,go
74956,-16.797225973999957,-49.29688999999996,aparecida de goiania,go
74975,-16.837912698028973,-49.24989205426351,aparecida de goiania,go
74983,-16.788991499999995,-49.24304774999999,aparecida de goiania,go
74993,-16.80872321299995,-49.21878999999996,aparecida de goiania,go
74927,-16.758242999999993,-49.2060735,aparecida de goiania,go
74962,-16.816163989722117,-49.34134672668443,aparecida de goiania,go
75085,-16.285449164026584,-48.92939136561062,anaport alegrelis,go
75060,-16.3016055,-48.95189325,anaport alegrelis,go
75096,-16.331438999999946,-48.92872849999996,anport alegrelis,go
75064,-16.3327550678405,-48.92035002041453,anaport alegrelis,go
75095,-16.334870376021268,-48.92031569336169,anaport alegrelis,go
75020,-16.327649541701827,-48.95056668550647,anaport alegrelis,go
75083,-16.302689329371574,-48.94349103757147,anaport alegrelis,go
75075,-16.305831000000005,-48.93488775,anaport alegrelis,go
75072,-16.275569069570757,-48.933843244646695,anaport alegrelis,go
75024,-16.32803344134122,-48.96306171658031,anaport alegrelis,go
75073,-16.253180906961877,-48.94033977891135,anaport alegrelis,go
75074,-16.277436,-48.930338250000005,anport alegrelis,go
75091,-16.31620765715852,-48.90644446180743,anaport alegrelis,go
75040,-16.311222458810462,-48.956399158122494,anport alegrelis,go
75080,-16.319442054336207,-48.94986118063003,anaport alegrelis,go
75071,-16.270377518999965,-48.95521499999995,anaport alegrelis,go
75070,-16.354785062593226,-48.93371714225733,anaport alegrelis,go
75053,-16.289654712624667,-48.9307729971345,anaport alegrelis,go
75094,-16.320791439297466,-48.9314197902854,anaport alegrelis,go
75093,-16.325630999999994,-48.91623975,anport alegrelis,go
75084,-16.314652421504086,-48.940943840919815,anaport alegrelis,go
75025,-16.328349999999944,-48.95726999999994,anaport alegrelis,go
75044,-16.323046536772292,-48.96200044053245,anaport alegrelis,go
75023,-16.334726816129532,-48.95890526628598,anaport alegrelis,go
75043,-16.32165886081413,-48.95921419375512,anaport alegrelis,go
75065,-16.277786768474208,-48.9654613081485,anport alegrelis,go
75050,-16.300830241026752,-48.96752898412001,anaport alegrelis,go
75063,-16.288748606190804,-48.95598650378377,anaport alegrelis,go
75066,-16.280437101377682,-48.98428069439646,anaport alegrelis,go
75054,-16.27502206868314,-48.93159144544514,anaport alegrelis,go
75045,-16.31537769477085,-48.96046003304902,anaport alegrelis,go
75090,-16.302135469371184,-48.88835311283921,anport alegrelis,go
75076,-16.303634999999993,-48.92667750000001,anaport alegrelis,go
75097,-16.322742376495544,-48.92109566785528,anaport alegrelis,go
75110,-16.327942149486358,-48.93600324439582,anaport alegrelis,go
75113,-16.339306642026028,-48.96303169514996,anaport alegrelis,go
75120,-16.343406,-48.96409949999999,anaport alegrelis,go
75131,-16.37425825917739,-48.97855738153471,anaport alegrelis,go
75144,-16.327376679407188,-48.97546316102373,anport alegrelis,go
75123,-16.33674884233032,-48.95262089320569,anaport alegrelis,go
75134,-16.361696563708794,-48.9849737181456,anaport alegrelis,go
75101,-16.334298097639707,-48.9038412543222,anaport alegrelis,go
75140,-16.32921907546594,-48.96582152273616,anaport alegrelis,go
75145,-16.343716499999996,-48.97696049999998,anaport alegrelis,go
75103,-16.353515223172256,-48.90520868324892,anaport alegrelis,go
75135,-16.39040558641609,-48.98206775964002,anport alegrelis,go
75100,-16.358780999999947,-48.93819649999996,anaport alegrelis,go
75136,-16.37601369514842,-48.986790518438,anaport alegrelis,go
75133,-16.378654881078795,-48.95431434208054,anport alegrelis,go
75115,-16.336207516553475,-48.95112644748969,anaport alegrelis,go
75105,-16.369248309992564,-48.94101674508887,anaport alegrelis,go
75130,-16.372741046960908,-48.96469619050585,anport alegrelis,go
75106,-16.35896592547895,-48.94378041308836,anaport alegrelis,go
75126,-16.282145381252185,-48.936519837271256,anaport alegrelis,go
75124,-16.353013500000003,-48.96504675,anaport alegrelis,go
75143,-16.338105242012862,-48.96594680672344,anaport alegrelis,go
75125,-16.353015575754664,-48.95030877487847,anaport alegrelis,go
75114,-16.343030999999947,-48.93808399999996,anaport alegrelis,go
75132,-16.388687999999945,-48.92409349999996,anaport alegrelis,go
75102,-16.373440887999948,-48.82239499999997,anaport alegrelis,go
75104,-16.355349213421277,-48.91226122109656,anaport alegrelis,go
75254,-16.683846881999955,-49.15178349399997,senador canedo,go
75250,-16.654787002417525,-49.14952789320485,senador canedo,go
75256,-16.653799999999933,-49.15623999999997,senador canedo,go
75255,-16.655867650721767,-49.16297149554848,senador canedo,go
75260,-16.755395752567985,-48.5216121921794,vianoport alegrelis,go
75265,-16.74633718068107,-48.51462382317262,vianoport alegrelis,go
75259,-16.687597417221646,-49.10209596601608,senador canedo,go
75261,-16.689655330999926,-49.10640191999994,senador canedo,go
75258,-16.675430331939737,-49.11049756106671,senador canedo,go
75262,-16.708347861999982,-49.07631812099999,senador canedo,go
75263,-16.715704999999957,-49.09516999999994,senador canedo,go
75251,-16.712293148681354,-49.10015952166491,senador canedo,go
75202,-18.19924451457095,-47.94180082070517,catalo,go
75264,-16.68883840173823,-49.08938127130625,senador canedo,go
75390,-16.657287462537937,-49.4950523203432,trindade,go
75383,-16.64272799999999,-49.42100699999999,trindade,go
75392,-16.632524677371908,-49.4907936026446,trindade,go
75380,-16.64536443149352,-49.45563325781267,trindade,go
75389,-16.666663196999934,-49.483027221999976,trindade,go
75340,-16.96454301764852,-49.22369126144704,hidrolandia,ce
75382,-16.62955811735419,-49.40606253680831,trindade,go
75387,-16.643761983558413,-49.39975982173571,trindade,go
75391,-16.653904239999974,-49.501984608999976,trindade,go
75388,-16.645965277753795,-49.51516413471679,trindade,go
75386,-16.655378867142574,-49.48987220385121,trindade,go
75384,-16.633851726238117,-49.44617802796435,trindade,go
75393,-16.639287775543107,-49.49944430324626,trindade,go
75381,-16.589200940051896,-49.39697360149805,trindade,go
75470,-16.370841844852297,-49.31686911424576,nova veneza,go
75524,-18.434155471964782,-49.210318783564354,itumbiara,go
75560,-18.488681517312365,-49.47626897168086,cachoeira dourada,go
75520,-18.39877963545838,-49.2017438513353,itumbiara,go
75570,-18.22274634229437,-49.73606451572712,bom jesus,go
75530,-18.41815778213996,-49.22556682045639,itumbiara,go
75526,-18.42424231020569,-49.229290585505886,itumbiara,go
75536,-18.411526157251924,-49.24724577228057,itumbiara,go
75503,-18.415682798437945,-49.21557393476521,itumbiara,go
75513,-18.39673383171377,-49.225443474490255,itumbiara,go
75523,-18.40873815540604,-49.21153887532976,itumbiara,go
75534,-18.41488348953593,-49.246234973697305,itumbiara,go
75533,-18.400124929994416,-49.27964903733632,itumbiara,go
75514,-18.38360281796381,-49.21675339401205,itumbiara,go
75522,-18.40382609005107,-49.19679627799091,itumbiara,go
75535,-18.415681646436063,-49.2708680752651,itumbiara,go
75516,-18.394908228678336,-49.20956303321376,itumbiara,go
75515,-18.384733386965788,-49.218499494241065,itumbiara,go
75510,-18.41197438791197,-49.21630218519257,itumbiara,go
75532,-18.411103947631364,-49.23635011432808,itumbiara,go
75528,-18.39404269065421,-49.24210983943246,itumbiara,go
75650,-17.729883908082964,-49.12801264983615,morrinhos,ce
75704,-18.16619995176052,-47.93230379849372,catalao,go
75713,-18.172931459554658,-47.96464208320659,catalao,go
75701,-18.173530643252946,-47.94551304559736,catalao,go
75711,-18.176050477558256,-47.95551137232845,catalao,go
75702,-18.16628482755122,-47.94631404440119,catalao,go
75705,-18.13992950387688,-47.91215832846593,catalao,go
75709,-18.181397613293367,-47.95056555497139,catalao,go
75712,-18.152554499999997,-47.95141275,catalao,go
75708,-18.169199127362702,-47.91437417632682,catalao,go
75703,-18.15404262753188,-47.93676083042869,catalo,go
75706,-18.163539770332644,-47.94824052389647,catalao,go
75707,-18.173009999999948,-47.93123599999996,catalao,go
75750,-18.059185018488087,-48.2562074821618,nova aurora,go
75710,-18.202492145516608,-47.93887861719467,catalao,go
75730,-18.1521381828413,-47.56006166885454,davinoport alegrelis,go
75803,-17.899550776007825,-51.73890223841525,jatai,go
75890,-18.99667777278298,-50.54759116340962,sao simao,go
75802,-17.910308573693655,-51.74371723934143,jatai,go
75801,-17.85733096954763,-51.72973185877476,jatai,go
75805,-17.876500006057867,-51.71943343997603,jatai,go
75800,-17.8856069719365,-51.719640227882586,jatai,go
75835,-17.357592059307837,-52.68092991281176,port alegrertelandia,go
75830,-17.545195576304636,-52.53858860410263,mineiros,go
75813,-18.710633999999946,-51.085713499999954,cacu,go
75806,-17.859717013838825,-51.71325916493767,jatai,go
75820,-18.3068866847674,-51.96239907250621,serranoport alegrelis,go
75834,-17.539648970986416,-52.54021486685966,mineiros,go
75837,-17.572320000000005,-52.54423874999999,mineiros,go
75804,-17.88031341331951,-51.73485654024823,jatai,go
75819,-19.181965057906464,-51.39757198991586,lagoa santa,go
75832,-17.557029345121745,-52.52821507697313,mineiros,go
75893,-16.29873040175895,-48.953179985554165,itaguacu,es
75807,-17.879414508455493,-51.69940242047828,jatai,go
75831,-17.574566185880308,-52.57184492308702,mineiros,go
75833,-17.552088,-52.55560800000001,mineiros,go
75815,-19.06516079784339,-51.54703879034617,itaja,go
75843,-17.357162303098534,-52.67826404549904,port alegrertelandia,go
75814,-18.556726926338065,-51.13539197885099,cacu,go
75822,-18.31162116776641,-51.95409706915569,serranoport alegrelis,go
75838,-17.57953908677334,-52.549003961211255,mineiros,go
75836,-17.568201039645324,-52.53384899076256,mineiros,go
75903,-17.78546797016929,-50.91893250583465,rio verde,go
75901,-17.791609941378447,-50.93351384538391,rio verde,go
75907,-17.810869448641196,-50.93696525796462,rio verde,go
75906,-17.804411450402434,-50.91021021620301,rio verde,go
75905,-17.79614927833109,-50.91541016574972,rio verde,go
75904,-17.773877231325535,-50.90511465031727,rio verde,go
75902,-17.783785138780935,-50.92379663045413,rio verde,go
75909,-17.780724874048257,-50.93545000846153,rio verde,go
75908,-17.79840647337413,-50.9384830243572,rio verde,go
75911,-17.76797039356196,-50.897894066887744,rio verde,go
75910,-17.756173922375375,-50.92401557258879,rio verde,go
75900,-17.790346469826396,-50.912779601018,rio verde,go
75912,-17.816878346136946,-50.93543132598211,rio verde,go
75913,-17.80984177496593,-50.92957348892303,rio verde,go
76145,-16.29409841283363,-50.54963612866786,corrego do ouro,go
76230,-16.43982015293452,-51.809444085486106,piranhas,al
76270,-15.8757075,-50.8636575,jussara,ba
76285,-16.03511299678575,-50.70613091744798,novo brasil,es
76220,-16.184452538881388,-50.77882415843634,fazenda nova,go
76387,-15.305538677614663,-49.126376720982186,goianesia,go
76390,-14.965740970470357,-48.92870705486708,barro alto,ba
76385,-15.29183999999995,-49.12264499999995,goianesia,go
76380,-15.308464456723188,-49.12746143114073,goianesia,go
76382,-15.324861609869476,-49.11744057697122,goiansia,go
76386,-15.326978917591264,-49.13837100000001,goianesia,go
76320,-15.299226122284807,-49.42323208244003,santa isabel,go
76381,-15.307273744517168,-49.11502816066566,goiansia,go
76345,-15.019391658200547,-49.897216429992966,nova america,go
76383,-15.337497841888547,-49.10646519901759,goianesia,go
76370,-14.763706893877927,-49.5798961985632,pilar de goias,go
76372,-14.763079310778604,-49.5783391154851,pilar de goias,go
76388,-15.315054507999946,-49.13487102499994,goianesia,go
76470,-13.649851824103322,-48.88405894929661,formoso,go
76485,-13.869880600083846,-49.06641333110923,estrela do norte,go
76530,-13.772491717325346,-50.274127850425394,mundo novo,ba
76804,-8.758144193086961,-63.8879729934964,port alegrerto velho,ro
76820,-8.758315388434864,-63.87176178724397,port alegrerto velho,ro
76801,-8.75306699999999,-63.90846,port alegrerto velho,ro
76825,-8.752279390994532,-63.85010689852725,port alegrerto velho,ro
76824,-8.739025067661611,-63.854759615212366,port alegrerto velho,ro
76880,-10.205623522132411,-63.83818480444661,buritis,mg
76812,-8.782796007707294,-63.845103578708766,port alegrerto velho,ro
76808,-8.79184526961672,-63.87399855890545,port alegrerto velho,ro
76803,-8.745335999999998,-63.8965305,port alegrerto velho,ro
76810,-8.808799689271918,-63.883040409183245,port alegrerto velho,ro
76829,-8.75950516543655,-63.829139181856405,port alegrerto velho,ro
76870,-9.897867488635123,-63.04094780633612,ariquemes,ro
76862,-9.715787844777758,-63.32030782076434,alto paraiso,pr
76876,-9.923886315189144,-63.04151627946757,ariquemes,ro
76811,-8.807874956719097,-63.86838211337736,port alegrerto velho,ro
76871,-9.88950942020648,-63.03632163064878,ariquemes,ro
76828,-8.766395242718211,-63.81968934465913,port alegrerto velho,ro
76877,-9.929099172563712,-63.055623758210544,ariquemes,ro
76821,-8.739220912299425,-63.87401052637239,port alegrerto velho,ro
76847,-11.023793022841376,-62.673043611410165,extrema,mg
76813,-8.771566107968322,-63.7969852001931,port alegrerto velho,ro
76873,-9.894276,-63.032818500000005,ariquemes,ro
76806,-8.785842655583046,-63.876681159782535,port alegrerto velho,ro
76872,-9.894276,-63.03402224999999,ariquemes,ro
76807,-8.791928999999996,-63.89381024999999,port alegrerto velho,ro
76802,-8.731629010746653,-63.910111508059984,port alegrerto velho,ro
76822,-8.72173250668775,-63.87388830216292,port alegrerto velho,ro
76814,-8.782424999999995,-63.79831349999999,port alegrerto velho,ro
76805,-8.781370392339342,-63.9079719805536,port alegrerto velho,ro
76817,-8.808079837612393,-63.80611975093895,port alegrerto velho,ro
76875,-9.911688882000476,-63.01739304589514,ariquemes,ro
76874,-9.888865296808817,-63.02255177360465,ariquemes,ro
76815,-8.80048457634174,-63.71981599557018,port alegrerto velho,ro
76908,-10.882510303598329,-61.92569214064854,ji-parana,ro
76900,-10.878859913934782,-61.95720116018758,ji-parana,ro
76907,-10.863387722938082,-61.94725727620616,ji-parana,ro
76962,-11.434213945940844,-61.462924297325365,cacoal,ro
76980,-12.746557845117692,-60.145102048037096,vilhena,ro
76909,-10.8743443544454,-61.90433027051323,ji-paran,ro
76963,-11.42224633283796,-61.449346557813016,cacoal,ro
76987,-12.740834999999947,-60.11818999999997,vilhena,ro
76913,-10.904495504841869,-61.92134947643408,ji-parana,ro
76916,-11.171311306317412,-61.90824863020012,presidente medici,ma
76961,-11.425439688922644,-61.46486968085349,cacoal,ro
76965,-11.427306062585403,-61.43328160939505,cacoal,ro
76901,-10.876925413248346,-61.97547627716036,ji-parana,ro
76967,-11.44447237739021,-61.44830280048186,cacoal,ro
76985,-12.731694182427113,-60.116628638092266,vilhena,ro
76964,-11.442057857930314,-61.44355038976757,cacoal,ro
76983,-12.720337599647348,-60.14130044185344,vilhena,ro
76914,-10.900984465496904,-61.938809467688856,ji-parana,ro
76960,-11.434302000000002,-61.473951012998405,cacoal,ro
76981,-12.730772999999946,-60.14847499999996,vilhena,ro
76988,-12.747800977983356,-60.12467899543677,vilhena,ro
76912,-10.901326068897424,-61.883334885793566,ji-paran,ro
76906,-10.857469741566884,-61.95237457657395,ji-paran,ro
76966,-11.438347500417402,-61.42997245588644,cacoal,ro
76982,-12.725518500000003,-60.13880325,vilhena,ro
76904,-10.84191675016744,-61.993061845081485,ji-parana,ro
76924,-10.914371836001798,-62.553753048806165,nova uniao,mg
77064,-10.342336049170616,-48.29559614027752,palmas,to
77006,-10.171189288769405,-48.32510769949361,palmas,to
77016,-10.22216564104925,-48.34122808361115,palmas,to
77020,-10.194659948131218,-48.323723487431415,palmas,to
77021,-10.210535003227529,-48.32590171355561,palmas,to
77015,-10.210712512888769,-48.33509036451172,palmas,to
77060,-10.300080084678047,-48.30606039138152,palmas,to
77022,-10.227705125208283,-48.32585981465984,palmas,to
77062,-10.307003644868772,-48.32064264386908,palmas,to
77001,-10.181829599300766,-48.34422809930076,palmas,to
77024,-10.252249215720877,-48.329099898165225,palmas,to
77023,-10.237408050455771,-48.31848785916024,palmas,to
77019,-10.260959155343103,-48.32509614763806,palmas,to
77063,-10.344117167322482,-48.334734473018514,palmas,to
77002,-10.163404967970468,-48.34417360580387,palmas,to
77066,-10.337501455345937,-48.281394754605046,palmas,to
77017,-10.08767110251218,-48.33776579199521,palmas,to
77080,-10.314725512614125,-48.15910085799683,palmas,to
77059,-10.295206148329894,-48.31437492849633,palmas,to
77025,-10.26863966850916,-48.32281210193194,palmas,to
77018,-10.244912023119822,-48.346821739858925,palmas,to
77026,-10.154228038108592,-48.31450204139296,palmas,to
77360,-12.617158795204771,-47.87913877310236,parana,rn
77320,-12.397255984273702,-46.43739149940548,taguatinga,df
77370,-11.817236999999944,-47.67606349999997,natividade,rj
77405,-11.730362810200583,-49.07128409392998,gurupi,to
77410,-11.72295514343806,-49.05938424719875,gurupi,to
77420,-11.710029541002976,-49.05102774976566,gurupi,to
77402,-11.73066670633048,-49.07094562853966,gurupi,to
77426,-11.747716729383637,-49.06589369238505,gurupi,to
77403,-11.72334022559505,-49.08583363427194,gurupi,to
77480,-12.479179309920433,-49.12066779219962,alvorada,rs
77413,-11.743298953999954,-49.048089999999945,gurupi,to
77440,-11.63980830660249,-49.047886410004274,gurupi,to
77425,-11.731018713039008,-49.09528497323779,gurupi,to
77444,-11.708938978518574,-49.05553896390653,gurupi,to
77433,-11.747321697517796,-49.06561963017076,gurupi,to
77430,-11.723240999999945,-49.09826599999997,gurupi,to
77415,-11.742491999999944,-49.07361499999996,gurupi,to
77423,-11.71225532118541,-49.084300092915,gurupi,to
77435,-11.725164169991698,-49.07924969012365,gurupi,to
77416,-11.7196089806169,-49.08634839695171,gurupi,to
77411,-11.737851764601505,-49.04826890765127,gurupi,to
77555,-10.752871499999998,-48.9019095,fatima,ba
77645,-9.751669526277722,-48.35806791288738,lajeado,rs
77714,-8.965545990706262,-48.16566688556878,bom jesus do tocantins,pa
77745,-8.528316393098613,-48.50910688965231,presidente kennedy,es
77795,-7.341974928354678,-47.494858099829,filadelfia,ba
77790,-7.630384163504467,-48.42171532114948,nova olinda,ce
77785,-7.540530196603841,-49.36865499306767,pau darco,pa
77723,-8.957655244319064,-47.33522234712479,centenario,rs
77815,-7.220107948717446,-48.24579968006918,araguaina,to
77813,-7.198815875899955,-48.20512478932415,araguaina,to
77823,-7.189082384012536,-48.21504725212428,araguaina,to
77803,-7.195989280673177,-48.21254008836878,araguaina,to
77809,-7.212597269344982,-48.19746286149109,araguaina,to
77829,-7.222311339638066,-48.24279154411232,araguaina,to
77827,-7.188528018700893,-48.19417917068584,araguaina,to
77807,-7.196802899629434,-48.20338798301388,araguaina,to
77895,-6.374278028637143,-47.66124180005111,nazare,ba
77818,-7.189300897615101,-48.22066439105105,araguaina,to
77824,-7.176232619650633,-48.20483638363368,araguaina,to
77817,-7.197808948439983,-48.2322932562768,araguaina,to
77816,-7.204908007606673,-48.23335274930264,araguaina,to
77825,-7.18574280745401,-48.21102815875621,araguaina,to
77805,-7.188971352540204,-48.22284957926733,araguaina,to
77855,-6.582162811833276,-48.64295366012805,araguana,ma
77826,-7.177732768999931,-48.186950999999965,araguaina,to
77804,-7.189831807174027,-48.20960717733223,araguaina,to
77808,-7.202369928363866,-48.19587834832375,araguaina,to
77814,-7.221406399037042,-48.239013504728256,araguaina,to
77828,-7.20131982567334,-48.18232913160541,araguaina,to
77820,-7.200925260955546,-48.2176968600826,araguaina,to
77993,-5.368477422821673,-48.54089711644534,esao pauloerantina,pi
77915,-6.117789442987682,-47.91927196210525,cachoeirinha,rs
78088,-15.629663558124095,-56.01725427665138,cuiab,mt
78008,-15.596966688946162,-56.08428572374972,cuiaba,mt
78070,-15.620101030937368,-56.06696411351415,cuiaba,mt
78053,-15.63749716718216,-55.97392519100508,cuiaba,mt
78075,-15.61051620747389,-56.0317086130793,cuiaba,mt
78020,-15.60297857178555,-56.10296014321507,cuiaba,mt
78090,-15.65379168018952,-56.02808025146626,cuiaba,mt
78060,-15.609941418712118,-56.07106593237602,cuiaba,mt
78048,-15.576436208832234,-56.08583213465215,cuiaba,mt
78068,-15.616298779557065,-56.04740266618328,cuiaba,mt
78045,-15.588913837119897,-56.0987026492805,cuiaba,mt
78010,-15.603260819379908,-56.08135333486983,cuiaba,mt
78076,-15.618137401118991,-56.01953499735794,cuiaba,mt
78005,-15.595189138557185,-56.09283060342343,cuiaba,mt
78095,-15.672887529119013,-56.06797233297959,cuiaba,mt
78043,-15.584669512986082,-56.10089206079052,cuiaba,mt
78055,-15.555321770724786,-56.042364552633465,cuiaba,mt
78050,-15.58027272133767,-56.0650519526469,cuiaba,mt
78025,-15.604560150803394,-56.11655137080604,cuiaba,mt
78080,-15.620524692687455,-56.05417421468244,cuiaba,mt
78049,-15.542431856343685,-56.094513772280656,cuiab,mt
78015,-15.610560168573553,-56.09593096965,cuiaba,mt
78040,-15.58550085846939,-56.11904594819394,cuiaba,mt
78056,-15.651047026828214,-55.99859364632474,cuiaba,mt
78065,-15.615363052962408,-56.0766050630054,cuiaba,mt
78035,-15.604798499999994,-56.13063975,cuiaba,mt
78058,-15.569103781550494,-56.043975922295296,cuiaba,mt
78099,-15.633093711827843,-55.9556383783604,cuiab,mt
78030,-15.611283903278515,-56.12277589963572,cuiaba,mt
78085,-15.6388015142684,-56.05865252888458,cuiaba,mt
78077,-15.605625448782362,-56.04527636741399,cuiaba,mt
78028,-15.585386021634966,-56.03632368958912,cuiaba,mt
78089,-15.64331917184694,-55.99506284129369,cuiaba,mt
78032,-15.597970615125584,-56.10709844891471,cuiaba,mt
78061,-15.603537057313078,-56.065889764350246,cuiaba,mt
78098,-15.674088490345008,-56.04097906959918,cuiaba,mt
78091,-15.649008432999947,-55.98677999999995,cuiaba,mt
78031,-15.605630927159078,-56.11286692715908,cuiaba,mt
78051,-15.598119944359604,-56.075379776467706,cuiab,mt
78093,-15.660252744266634,-56.04230310489821,cuiaba,mt
78057,-15.668827999999962,-56.04435942499998,cuiaba,mt
78052,-15.585557999999937,-56.02545708899999,cuiaba,mt
78094,-15.63543121631801,-56.04641783381204,cuiaba,mt
78087,-15.61468612559578,-56.05174307708076,cuiaba,mt
78096,-15.647049718471472,-56.04300531357565,cuiaba,mt
78074,-15.559817864484383,-56.03302683659103,cuiab,mt
78042,-15.609964848697825,-56.11672105421944,cuiab,mt
78000,-15.649532289581389,-56.032901248457,cuiaba,mt
78110,-15.644487426308524,-56.13548099278663,vrzea grande,mt
78115,-15.630736612778891,-56.10919862888316,varzea grande,mt
78118,-15.622038398551592,-56.165330970165606,varzea grande,mt
78125,-15.654348178110116,-56.12330891316101,varzea grande,mt
78143,-15.622802680441986,-56.16650610301394,varzea grande,mt
78135,-15.65539434148428,-56.14312060925971,varzea grande,mt
78120,-15.66860726894224,-56.09125165084541,varzea grande,mt
78130,-15.667749745043809,-56.13945454956184,varzea grande,mt
78140,-15.638602928325284,-56.14392047584783,vrzea grande,mt
78134,-15.62500227976228,-56.097371503750914,vrzea grande,mt
78149,-15.677006498396093,-56.18480003939804,varzea grande,mt
78150,-15.622138645017031,-56.16308516680133,varzea grande,mt
78158,-15.639840911601626,-56.173871917400696,varzea grande,mt
78128,-15.672475342310848,-56.12700875969858,vrzea grande,mt
78138,-15.654311424086824,-56.15852255398463,varzea grande,mt
78117,-15.602204468574984,-56.18164676381216,varzea grande,mt
78148,-15.65796196952342,-56.17287057476384,vrzea grande,mt
78142,-15.628511310923583,-56.159956982110536,varzea grande,mt
78144,-15.652332859227885,-56.14176417474485,varzea grande,mt
78165,-15.62491394580218,-56.14790736450545,varzea grande,mt
78145,-15.664524959594576,-56.13866598607558,varzea grande,mt
78132,-15.70048607631721,-56.13055355551384,varzea grande,mt
78141,-15.639238049096027,-56.142626395712725,varzea grande,mt
78152,-15.664304999999946,-56.190243499999966,varzea grande,mt
78131,38.81681628638297,-9.394624510957431,varzea grande,mt
78116,-15.639608284205684,-56.1048735910324,varzea grande,mt
78275,-15.24110304559625,-58.11199041076361,rio branco,ac
78370,-14.783072033172042,-57.29076189263402,nova olimpia,mt
78400,-14.398255299392998,-56.43550892176552,diamantino,mt
78490,-15.234177756208991,-56.49173795684096,jangada,mt
78402,-14.378053820090493,-56.39108014120362,diamantino,mt
78550,-11.874170563327857,-55.498995315239725,sinop,mt
78552,-11.829317247041294,-55.49644289081176,sinop,mt
78557,-11.877564849866127,-55.50507778149744,sinop,mt
78559,-11.888387999999992,-55.52278875,sinop,mt
78555,-11.849700224329483,-55.537478929693584,sinop,mt
78556,-11.864949785942324,-55.52161626069418,sinop,mt
78553,-11.824366639327186,-55.51232146420836,sinop,mt
78558,-11.988767197014806,-55.51461442766352,sinop,mt
78551,-11.69869859716249,-55.44550214929062,sinop,mt
78640,-13.55856770863092,-52.26752495815682,canarana,ba
78650,-10.475207670590564,-50.51222786114839,santa terezinha,ba
78674,-12.288703178499487,-50.96966152248172,novo santo antonio,mt
78620,-15.7110265146921,-52.753923139750526,general carneiro,mt
78740,-16.478957116567617,-54.61738314210284,rondonoport alegrelis,mt
78735,-16.470806364123597,-54.6058819518061,rondonoport alegrelis,mt
78700,-16.465136427693494,-54.632100038028696,rondonoport alegrelis,mt
78716,-16.438354742714523,-54.6439153411045,rondonoport alegrelis,mt
78746,-16.467934999999954,-54.68458216899995,rondonoport alegrelis,mt
78715,-16.42765330427509,-54.64678459745193,rondonoport alegrelis,mt
78710,-16.458698892744586,-54.64199897431543,rondonoport alegrelis,mt
78718,-16.454146499999993,-54.62769825,rondonoport alegrelis,mt
78721,-16.470142675793518,-54.59448609476512,rondonoport alegrelis,mt
78705,-16.459042904113158,-54.656015716617055,rondonoport alegrelis,mt
78730,-16.46016861587512,-54.60875267638063,rondonoport alegrelis,mt
78714,-16.4411496880374,-54.630375260199656,rondonoport alegrelis,mt
78745,-16.473201484880786,-54.64680164348781,rondonoport alegrelis,mt
78750,-16.45301375160132,-54.67596894491884,rondonoport alegrelis,mt
78720,-16.43064706440065,-54.61854276395058,rondonoport alegrelis,mt
78725,-16.44474318073705,-54.61625974781423,rondonoport alegrelis,mt
78747,-16.439950886590307,-54.6746621519744,rondonoport alegrelis,mt
78719,-16.43237012989782,-54.626050377604,rondonoport alegrelis,mt
78739,-16.479106453477364,-54.64405766289949,rondonoport alegrelis,mt
78736,-16.470374647238728,-54.57044400874257,rondonoport alegrelis,mt
78731,-16.4670874365803,-54.582018401610014,rondonoport alegrelis,mt
78711,-16.440095056159034,-54.66283262360666,rondonoport alegrelis,mt
78717,-16.42894091035258,-54.63497384110451,rondonoport alegrelis,mt
78752,-16.14474999999996,-54.66108499999996,boa vista,rr
78734,-16.500827106999964,-54.57542509399997,rondonoport alegrelis,mt
78744,-16.485865742714523,-54.643157355675456,rondonoport alegrelis,mt
78810,-16.053688877142214,-54.88921944116903,juscimeira,mt
78896,-21.08686108774125,-45.54455346584363,boa esao pauloeranca,es
78816,-16.162384399436963,-54.79576667262503,juscimeira,mt
79093,-20.497667184863403,-54.68409100528012,camport alegre grande,ms
79010,-20.44248184488408,-54.60767470967748,camport alegre grande,ms
79091,-20.492602523169296,-54.67093026144041,camport alegre grande,ms
79062,-20.509361267316116,-54.56825385420625,camport alegre grande,ms
79002,-20.45701824063706,-54.60285131989711,camport alegre grande,ms
79083,-20.519470798023228,-54.63532447442111,camport alegre grande,ms
79032,-20.440101441165314,-54.57267750840195,camport alegre grande,ms
79097,-20.537006512609043,-54.66821294226445,camport alegre grande,ms
79006,-20.479710324138964,-54.64038651961992,camport alegre grande,ms
79031,-20.445830868567008,-54.55415241456855,camport alegre grande,ms
79052,-20.495221534045186,-54.58451356733091,camport alegre grande,ms
79090,-20.487978355271423,-54.65295544474596,camport alegre grande,ms
79060,-20.522992498503932,-54.58910569730416,camport alegre grande,ms
79033,-20.418396411333536,-54.57017015929952,camport alegre grande,ms
79063,-20.5192861343326,-54.59555052783777,camport alegre grande,ms
79074,-20.53208005329214,-54.63759911561532,camport alegre grande,ms
79071,-20.53345349180569,-54.6217912672688,camport alegre grande,ms
79008,-20.44412476048813,-54.62093080766344,camport alegre grande,ms
79040,-20.457467847469584,-54.57264622973501,camport alegre grande,ms
79005,-20.48073090397595,-54.61764165615419,camport alegre grande,ms
79041,-20.470614831513156,-54.57143721996692,camport alegre grande,ms
79014,-20.40607575510325,-54.597976294971616,camport alegre grande,ms
79004,-20.46994200109652,-54.612753842691966,camport alegre grande,ms
79020,-20.45741496364473,-54.59501939260764,camport alegre grande,ms
79034,-20.418128925356232,-54.56358268385379,camport alegre grande,ms
79081,-20.508045463788967,-54.63393182653356,camport alegre grande,ms
79051,-20.48227935607949,-54.59397058465576,camport alegre grande,ms
79022,-20.44433912519462,-54.589738510820034,camport alegre grande,ms
79050,-20.48645501660433,-54.6090720099626,camport alegre grande,ms
79017,-20.397725946996317,-54.56551023881938,camport alegre grande,ms
79023,-20.43031499861088,-54.581679373109466,camport alegre grande,ms
79018,-20.385557446275165,-54.55202668624839,camport alegre grande,ms
79080,-20.490922644954285,-54.62800888491108,camport alegre grande,ms
79085,-20.521693341652767,-54.65726588259566,camport alegre grande,ms
79094,-20.50848464983168,-54.66358099877579,camport alegre grande,ms
79075,-20.54543913240797,-54.6465186201743,camport alegre grande,ms
79070,-20.513026655837063,-54.61051356425641,camport alegre grande,ms
79009,-20.45357016180968,-54.62807170661906,camport alegre grande,ms
79042,-20.500241396329898,-54.56866584497099,camport alegre grande,ms
79065,-20.549890581193296,-54.57426713794789,camport alegre grande,ms
79013,-20.41553184430716,-54.58335720012685,camport alegre grande,ms
79021,-20.457187933089184,-54.59103898917996,camport alegre grande,ms
79096,-20.51785256943139,-54.684589066558,camport alegre grande,ms
79011,-20.42929080141216,-54.59572951433716,camport alegre grande,ms
79092,-20.496537,-54.663462,camport alegre grande,ms
79003,-20.46823356538603,-54.5967813577572,camport alegre grande,ms
79044,-20.475285936984324,-54.54593806189049,camport alegre grande,ms
79036,-20.445312274887744,-54.56891802541947,camport alegre grande,ms
79072,-20.538361655288806,-54.60554058188578,camport alegre grande,ms
79046,-20.481707251745547,-54.55691754980103,camport alegre grande,ms
79045,-20.4624914792492,-54.5469971348116,camport alegre grande,ms
79064,-20.553201305009047,-54.58869085873387,camport alegre grande,ms
79073,-20.550048510407382,-54.61388889167035,camport alegre grande,ms
79086,-20.49447603191186,-54.64579613073453,camport alegre grande,ms
79037,-20.434459643149797,-54.53756263275709,camport alegre grande,ms
79035,-20.412505350828035,-54.56337727127951,camport alegre grande,ms
79084,-20.51918514876794,-54.65175494947781,camport alegre grande,ms
79077,-20.54960576741302,-54.66195854330883,camport alegre grande,ms
79082,-20.50888461117193,-54.64167805482136,camport alegre grande,ms
79043,-20.47105549624909,-54.56572728114725,camport alegre grande,ms
79012,-20.419640770182987,-54.60736383625707,camport alegre grande,ms
79076,-20.53443040466844,-54.65083766515656,camport alegre grande,ms
79015,-20.38982568145996,-54.57227587018898,camport alegre grande,ms
79095,-20.52834728415344,-54.67304608968254,camport alegre grande,ms
79048,-20.49346980183505,-54.60776132610087,camport alegre grande,ms
79016,-20.40784351956261,-54.57503696404876,camport alegre grande,ms
79116,-20.413826162906197,-54.63779025601607,camport alegre grande,ms
79112,-20.43693938714196,-54.6579132805616,camport alegre grande,ms
79100,-20.46528632845881,-54.636477388682806,camport alegre grande,ms
79103,-20.442607762709827,-54.67455451650418,camport alegre grande,ms
79117,-20.423768658058773,-54.63417792674121,camport alegre grande,ms
79102,-20.45550912184773,-54.65945480639402,camport alegre grande,ms
79110,-20.451959748542905,-54.6335713117028,camport alegre grande,ms
79115,-20.42995165982463,-54.653642043486414,camport alegre grande,ms
79104,-20.46314914532826,-54.6960039862177,camport alegre grande,ms
79118,-20.438625865398983,-54.622625500144224,camport alegre grande,ms
79106,-20.44178964253088,-54.6884085598265,camport alegre grande,ms
79113,-20.439301495412373,-54.67081692215358,camport alegre grande,ms
79108,-20.495323145631275,-54.73735144308811,camport alegre grande,ms
79114,-20.419094871487157,-54.666618171244735,camport alegre grande,ms
79107,-20.43684652070092,-54.67593485958462,camport alegre grande,ms
79105,-20.46969605784197,-54.70696676192467,camport alegre grande,ms
79101,-20.462586058862776,-54.65303413254894,camport alegre grande,ms
79152,-21.726511906928483,-55.49931101095336,vista alegre,mg
79290,-21.12717351623222,-56.487507603013,bonito,ba
79240,-21.48456041526598,-56.14030990678783,jardim,ce
79270,-22.017195391015942,-57.02713057028187,caracol,ms
79332,-19.01253477537743,-57.65104755797853,corumba,ms
79310,-19.01142346691339,-57.627198161198194,corumba,ms
79302,-19.00261905751808,-57.64860664773547,corumba,ms
79304,-19.00382449455019,-57.629789938359416,corumb,ms
79331,-19.00067281996737,-57.65860306375318,corumba,ms
79303,-19.00613884815467,-57.64088693513085,corumba,ms
79330,-19.004448125252654,-57.65584967753405,corumba,ms
79321,-19.001816226380107,-57.66923513823525,corumb,ms
79301,-19.00448939996408,-57.65074747990116,corumba,ms
79300,-19.00922855187363,-57.65069773260851,corumba,ms
79320,-19.042341443589063,-57.64312524374207,corumba,ms
79333,-19.000792616120705,-57.66799470012542,corumb,ms
79311,-19.02431121603502,-57.640965655621486,corumba,ms
79430,-19.921177646910817,-54.36132931609356,bandeirantes,mg
79470,-19.44906927178872,-54.98838030057867,rio negro,ms
79620,-20.801022467540307,-51.69872978634067,tres lagoas,ms
79645,-20.77320123771696,-51.69596596199291,tres lagoas,ms
79640,-20.785329000000004,-51.73997399999999,tres lagoas,ms
79622,-20.81544060321557,-51.68255582221749,tres lagoas,ms
79630,-20.79174970059468,-51.728950357950055,tres lagoas,ms
79610,-20.808868063026495,-51.694900127693735,tres lagoas,ms
79601,-20.78793811154542,-51.70606099730846,tres lagoas,ms
79603,-20.79387574510401,-51.70203384572695,tres lagoas,ms
79612,-20.79461416788118,-51.66673526434436,tres lagoas,ms
79641,-20.769882354392355,-51.70389800091371,trs lagoas,ms
79600,-20.773606656776572,-51.70160158690533,tres lagoas,ms
79602,-20.791662981624533,-51.70549511800999,trs lagoas,ms
79621,-20.81637738288905,-51.71240724866066,trs lagoas,ms
79604,-20.790643592787625,-51.68963144610972,tres lagoas,ms
79611,-20.80525544366536,-51.67946579638379,tres lagoas,ms
79654,-20.78844030827531,-52.05548688656303,arapua,mg
79648,-20.09482147183894,-51.09659273946854,tres lagoas,ms
79712,-22.493329751103225,-54.46305520752318,sao jose,sc
79823,-22.21703390643334,-54.83238552192974,dourados,ms
79826,-22.220621083760488,-54.796047220026345,dourados,ms
79814,-22.23917588677642,-54.82255587249911,dourados,ms
79841,-22.226147907279195,-54.758407830743785,dourados,ms
79825,-22.220874902103272,-54.80934024485799,dourados,ms
79839,-22.25247080446073,-54.78868467242312,dourados,ms
79810,-22.235138039387756,-54.81323980984673,dourados,ms
79801,-22.22650703153234,-54.79779124581221,dourados,ms
79833,-22.22034086651761,-54.77424650711413,dourados,ms
79803,-22.22809705728804,-54.81804153105215,dourados,ms
79802,-22.233269987761865,-54.818242646652415,dourados,ms
79840,-22.22333751413938,-54.78560037479206,dourados,ms
79804,-22.22713301868629,-54.81435120522413,dourados,ms
79824,-22.25753938382759,-54.78643816575965,dourados,ms
79830,-22.22160827111832,-54.794868303316456,dourados,ms
79811,-22.23973231928998,-54.8082128332721,dourados,ms
79800,-22.226469583550227,-54.80873567206264,dourados,ms
79813,-22.2555047798652,-54.81330782544958,dourados,ms
79880,-22.04248726144012,-54.6082372954948,douradina,ms
79820,-22.232310272326483,-54.82983826728311,dourados,ms
79812,-22.24054447641551,-54.81313435339335,dourados,ms
79822,-22.225250549330276,-54.84427862374788,dourados,ms
79842,-22.237353619488548,-54.75199757141447,dourados,ms
79806,-22.22879647918018,-54.80418985254661,dourados,ms
79831,-22.211687261435657,-54.78285329574288,dourados,ms
79843,-22.24656821504212,-54.7346697797424,dourados,ms
79805,-22.222364570409344,-54.80172790335361,dourados,ms
79862,-22.133227662041385,-54.61682502363768,sao pedro,ce
79837,-22.261131,-54.77953049999999,dourados,ms
79894,-21.981649507710284,-54.6766397800554,piraport alegrera,mg
79815,-22.241391725736825,-54.74929124574227,dourados,ms
79821,-22.21467186660031,-54.853950083004506,dourados,ms
79827,-22.213913304863368,-54.81125684979176,dourados,ms
79980,-23.93083138358985,-54.28292098727715,mundo novo,ba
79904,-22.52284115993474,-55.711830616350696,port alegrenta port alegrera,ms
79900,-22.49753871954509,-55.73970727644316,port alegrenta port alegrera,ms
79970,-23.78273533580813,-54.28658174603687,eldorado,ms
79906,-22.561383040218743,-55.69592738561718,port alegrenta port alegrera,ms
79903,-22.513267534008595,-55.70585492251309,port alegrenta port alegrera,ms
79902,-22.51734398076503,-55.73643883633191,port alegrenta port alegrera,ms
79905,-22.550243064912067,-55.70848918622608,port alegrenta port alegrera,ms
79901,-22.50915909816886,-55.74469225177685,port alegrenta port alegrera,ms
79944,-22.4974096978251,-54.75993782204169,cristalina,go
80010,-25.43548786011886,-49.270213781291496,curitiba,pr
80035,-25.40283336663972,-49.24723070413756,curitiba,pr
80060,-25.432110597005,-49.25976793963871,curitiba,pr
80030,-25.41420518595992,-49.259492785590666,curitiba,pr
80020,-25.425497629753597,-49.26880418595993,curitiba,pr
80050,-25.439106561486454,-49.23689875714125,curitiba,pr
80045,-25.42552957617298,-49.254479518177625,curitiba,pr
80040,-25.41810890007532,-49.2549331354036,curitiba,pr
80061,-25.433617337497832,-49.26025220621504,curitiba,pr
80002,-25.439563467107185,-49.26196284595192,curitiba,pr
80011,-25.431450820156908,-49.26958203704776,curitiba,pr
80006,-25.43398273327946,-49.25992700083673,curitiba,pr
80101,-25.436594661665453,-49.266187356079485,curitiba,pr
80240,-25.453155877315545,-49.2850395992267,curitiba,pr
80230,-25.44041155231119,-49.27281542157665,curitiba,pr
80250,-25.4389681470945,-49.27448441188181,curitiba,pr
80210,-25.43871208756084,-49.24089260093047,curitiba,pr
80215,-25.44384908076061,-49.25520561183576,curitiba,pr
80220,-25.45005712155927,-49.2606739118818,curitiba,pr
80231,-25.439563467107185,-49.26196284595192,curitiba,pr
80249,-25.449381724104207,-49.293209063563936,curitiba,pr
80320,-25.45871651095423,-49.30218888165614,curitiba,pr
80310,-25.464029318048183,-49.30472794690424,curitiba,pr
80330,-25.472734941716197,-49.30563836747645,curitiba,pr
80370,-25.435891498470788,-49.3013223502511,curitiba,pr
80440,-25.44103215430785,-49.29670346295224,curitiba,pr
80410,-25.429682934483512,-49.27463517706924,curitiba,pr
80430,-25.43328294393789,-49.28042347446478,curitiba,pr
80420,-25.434899979456432,-49.28320625116862,curitiba,pr
80510,-25.416444206215026,-49.28185035596391,curitiba,pr
80540,-25.39986976934627,-49.25998715153791,curitiba,pr
80530,-25.421492943937885,-49.26920329863241,curitiba,pr
80520,-25.41508584595193,-49.27648772952856,curitiba,pr
80620,-25.45385542382702,-49.286168717179294,curitiba,pr
80610,-25.46921399278664,-49.29393514695028,curitiba,pr
80630,-25.47172126366212,-49.28024377269315,curitiba,pr
80627,-25.563189041184824,-49.31288867937343,curitiba,pr
80611,-25.563293797027168,-49.313129428106585,curitiba,pr
80730,-25.4335612739339,-49.29695352080336,curitiba,pr
80710,-25.43084570358929,-49.29763028559067,curitiba,pr
80740,-25.44145496502972,-49.31273063488947,curitiba,pr
80810,-25.415108802094856,-49.29509628781236,curitiba,pr
80820,-25.413348510675814,-49.29888149999999,curitiba,pr
81050,-25.49503825145709,-49.29960146295223,curitiba,pr
81020,-25.491606559524563,-49.28283748666978,curitiba,pr
81070,-25.48015350874257,-49.29687243020366,curitiba,pr
81030,-25.48129914876794,-49.27064708076061,curitiba,pr
81010,-25.47940912822438,-49.27385284150853,curitiba,pr
81130,-25.51123247821568,-49.30311141618097,curitiba,pr
81110,-25.508277204459347,-49.29377559970583,curitiba,pr
81150,-25.51600247821569,-49.29479024562872,curitiba,pr
81170,-25.53068903165206,-49.31438872173828,curitiba,pr
81280,-25.434992398266637,-49.35249508144927,curitiba,pr
81230,-25.459417583386337,-49.33020088190318,curitiba,pr
81210,-25.4439745033258,-49.32947681717858,curitiba,pr
81240,-25.473152975849757,-49.3401535732588,curitiba,pr
81200,-25.4400884207686,-49.34526604939701,curitiba,pr
81270,-25.45134031779098,-49.34622476894222,curitiba,pr
81250,-25.48663937607479,-49.33860322009349,curitiba,pr
81295,-25.43151798084141,-49.38051844102369,curitiba,pr
81260,-25.474502573234364,-49.35249257828181,curitiba,pr
81220,-25.45717498917995,-49.32270024118532,curitiba,pr
81290,-25.450512600611685,-49.36345292146108,curitiba,pr
81265,-25.48079535858965,-49.35979994892956,curitiba,pr
81315,-25.510172573691484,-49.32300242824175,curitiba,pr
81320,-25.47727317456296,-49.32436710519932,curitiba,pr
81330,-25.48613423452021,-49.3348400471753,curitiba,pr
81310,-25.497314223440373,-49.31372746073054,curitiba,pr
81350,-25.508669747227305,-49.33026677895873,curitiba,pr
81305,-25.50409079950931,-49.32525933980422,curitiba,pr
81312,-25.503742606427743,-49.30928342244162,curitiba,pr
81490,-25.58719360032323,-49.32331092576026,curitiba,pr
81450,-25.498147452680467,-49.34864249999998,curitiba,pr
81480,-25.56029297668647,-49.33312961157596,curitiba,pr
81460,-25.549428006116845,-49.32449259824576,curitiba,pr
81470,-25.571335306134216,-49.33131351832187,curitiba,pr
81495,-25.615855341652765,-49.35650404731954,curitiba,pr
81452,-25.504275212358717,-49.35378744071543,curitiba,pr
81420,-25.438035961134567,-49.276961376219006,curitiba,pr
81530,-25.458783139332883,-49.23258518552723,curitiba,pr
81560,-25.49685252123605,-49.20902332180169,curitiba,pr
81510,-25.47522523721072,-49.24036693812938,curitiba,pr
81550,-25.48002690091752,-49.21500791701768,curitiba,pr
81580,-25.489392937858792,-49.22681815081503,curitiba,pr
81570,-25.481998582838084,-49.23384196904042,curitiba,pr
81540,-25.46478827699232,-49.220950232586965,curitiba,pr
81590,-25.487698473772284,-49.203383034277806,curitiba,pr
81520,-25.459127696635733,-49.23715637356463,curitiba,pr
81670,-25.49408574940205,-49.26375758428594,curitiba,pr
81610,-25.47823502865101,-49.2487200844524,curitiba,pr
81650,-25.496876096024057,-49.232400160424696,curitiba,pr
81630,-25.484788854838737,-49.25536574672524,curitiba,pr
81690,-25.60148477434908,-49.3177002534166,curitiba,pr
81750,-25.51882425644875,-49.2323511633389,curitiba,pr
81770,-25.5347523805182,-49.236641559813016,curitiba,pr
81730,-25.506504042183643,-49.234914267961294,curitiba,pr
81720,-25.52418339439665,-49.2531228753823,curitiba,pr
81710,-25.4985654229174,-49.2677192917704,curitiba,pr
81810,-25.50714419618402,-49.27207460483913,curitiba,pr
81830,-25.507716226437072,-49.2659152738391,curitiba,pr
81870,-25.52018477491484,-49.28864365958799,curitiba,pr
81825,-25.526084940879464,-49.27440966694559,curitiba,pr
81850,-25.535335597835257,-49.24932285058472,curitiba,pr
81820,-25.52027037468981,-49.27982988328814,curitiba,pr
81860,-25.533143129897823,-49.24105453566276,curitiba,pr
81880,-25.539430693865768,-49.2886326382077,curitiba,pr
81935,-25.59196672634119,-49.26675746465166,curitiba,pr
81940,-25.549726840412017,-49.30403973105777,curitiba,pr
81930,-25.56660371995524,-49.28299262236466,curitiba,pr
81900,-25.539514511800988,-49.2755937901783,curitiba,pr
81910,-25.53334346710718,-49.26949584595194,curitiba,pr
81925,-25.549456442408683,-49.25875779739164,curitiba,pr
81920,-25.54263472577765,-49.25608985734889,curitiba,pr
81945,-25.60466393060769,-49.31348309963072,curitiba,pr
82015,-25.42229770552254,-49.34153839869583,curitiba,pr
82030,-25.397542854838743,-49.31748523951188,curitiba,pr
82020,-25.39731297333959,-49.32548014640199,curitiba,pr
82010,-25.424269492353947,-49.323743580904846,curitiba,pr
82025,-25.415083225921865,-49.31619897683071,curitiba,pr
82130,-25.38337265556421,-49.27019338449105,curitiba,pr
82110,-25.38836459449484,-49.28722328864907,curitiba,pr
82120,-25.400645308904185,-49.27690618220902,curitiba,pr
82115,-25.38352779127481,-49.286662507761626,curitiba,pr
82100,-25.39226795392121,-49.2963977839172,curitiba,pr
82200,-25.397761840412013,-49.25676202455429,curitiba,pr
82220,-25.370141615326872,-49.26980748237064,curitiba,pr
82210,-25.383395536211037,-49.26382096280801,curitiba,pr
82250,-25.4433609955566,-49.27948462003007,curitiba,pr
82315,-25.41228842714524,-49.35922451457094,curitiba,pr
82310,-25.42808793337765,-49.34710030974091,curitiba,pr
82300,-25.413908553147916,-49.34702339687815,curitiba,pr
82305,-25.4313191720978,-49.361286393555886,curitiba,pr
82320,-25.40444171696837,-49.34025084016421,curitiba,pr
82410,-25.37541432938247,-49.31870093009628,curitiba,pr
82400,-25.393345281980704,-49.35098627800838,curitiba,pr
82515,-25.401775500000003,-49.22824049999999,curitiba,pr
82510,-25.397971942264448,-49.24103753690352,curitiba,pr
82560,-25.398981180227207,-49.24692992975385,curitiba,pr
82530,-25.42173219426981,-49.23008343020366,curitiba,pr
82520,-25.419033754919543,-49.234728216486815,curitiba,pr
82540,-25.38321753667202,-49.24633927996784,curitiba,pr
82500,-25.391583500935138,-49.26079744885495,curitiba,pr
82590,-25.38905602605743,-49.193960455910094,curitiba,pr
82580,-25.3863342717122,-49.23610973299099,curitiba,pr
82600,-25.39156863558196,-49.213520460038055,curitiba,pr
82630,-25.384089908130893,-49.21399443228113,curitiba,pr
82620,-25.3790622139032,-49.22700417208608,curitiba,pr
82650,-25.37578921565008,-49.247089475301486,curitiba,pr
82640,-25.383237045242065,-49.23195552997861,curitiba,pr
82720,-25.366615579893026,-49.22720183056799,curitiba,pr
82710,-25.354224471002325,-49.26115428573488,curitiba,pr
82700,-25.375735089647407,-49.261641820705165,curitiba,pr
82810,-25.43585833749783,-49.22158276824976,curitiba,pr
82840,-25.4046727705902,-49.19971258303454,curitiba,pr
82820,-25.424755962259752,-49.2010723395753,curitiba,pr
82800,-25.43880303497028,-49.22994083568014,curitiba,pr
82860,-25.38453248256217,-49.195069439695104,curitiba,pr
82821,-25.42292801352412,-49.21352454327722,curitiba,pr
82970,-25.469249343326208,-49.200833378296494,curitiba,pr
82920,-25.44954288613569,-49.21144025667293,curitiba,pr
82930,-25.455338193173286,-49.21312031640601,curitiba,pr
82980,-25.47410747821568,-49.19435007799064,curitiba,pr
82960,-25.465115514570957,-49.20990809186912,curitiba,pr
82950,-25.44745360753659,-49.219868535114514,curitiba,pr
82940,-25.454342472387303,-49.22258337676727,curitiba,pr
82990,-25.463871052156552,-49.19510577816825,curitiba,pr
82900,-25.450167784185595,-49.22439440716861,curitiba,pr
83055,-25.487067530671105,-49.15828868137229,so jos dos pinhais,pr
83075,-25.52257554902293,-49.09714820041269,sao jose dos pinhais,pr
83015,-25.562246280050744,-49.17501431181837,sao jose dos pinhais,pr
83010,-25.533552342489493,-49.18726902068778,sao jose dos pinhais,pr
83050,-25.497589516673177,-49.18687479711266,sao jose dos pinhais,pr
83060,-25.49540787967335,-49.155607852098925,sao jose dos pinhais,pr
83045,-25.50558541220332,-49.18988673051925,sao jose dos pinhais,pr
83020,-25.550486998908475,-49.18996687114555,sao jose dos pinhais,pr
83085,-25.549237938657765,-49.15384787705575,sao jose dos pinhais,pr
83040,-25.517907565641405,-49.195029478215694,sao jose dos pinhais,pr
83090,-25.616628638640396,-49.17295594047543,sao jose dos pinhais,pr
83005,-25.533751917338503,-49.199826126071535,sao jose dos pinhais,pr
83065,-25.50752580959667,-49.16454300054825,sao jose dos pinhais,pr
83030,-25.542654192336563,-49.21397019830916,so jos dos pinhais,pr
83025,-25.56923324562871,-49.20791101387846,sao jose dos pinhais,pr
83070,-25.516321166801344,-49.12281815098963,sao jose dos pinhais,pr
83035,-25.51827561281671,-49.20375639800334,so jos dos pinhais,pr
83021,-25.609392313768744,-49.24374340789936,sao jose dos pinhais,pr
83000,-25.53746611766413,-49.20187273743439,sao jose dos pinhais,pr
83095,-25.698926431300183,-49.14702415903973,sao jose dos pinhais,pr
83091,-25.62202018911059,-49.17068428539589,sao jose dos pinhais,pr
83115,-25.70067113354757,-49.14698171189292,sao jose dos pinhais,pr
83116,-25.662771489327056,-49.09909248635859,sao jose dos pinhais,pr
83212,-25.54845869660805,-48.55682115640703,paranagua,pr
83206,-25.5327393775075,-48.52054372415031,paranagua,pr
83203,-25.5093731854412,-48.51834821967465,paranagua,pr
83215,-25.57015533661374,-48.56941712713105,paranagua,pr
83209,-25.547635663426608,-48.52779305562683,paranagua,pr
83221,-25.516713753654106,-48.539559843604536,paranagua,pr
83218,-25.583184807988214,-48.57433657660294,paranagua,pr
83220,-25.528513967960983,-48.51849383081414,paranagua,pr
83320,-25.436908583386337,-49.17617026672054,pinhais,pr
83325,-25.422248161753803,-49.17481523920898,pinhais,pr
83330,-25.430491691093938,-49.15958321593226,pinhais,pr
83324,-25.428798209273445,-49.19005993003079,pinhais,pr
83327,-25.39247780481249,-49.16387036029701,pinhais,pr
83331,-25.44690031975288,-49.16096874271452,pinhais,pr
83326,-25.396429483997235,-49.179703264296975,pinhais,pr
83323,-25.440714449910494,-49.188443906024766,pinhais,pr
83301,-25.44358887001584,-49.06668149174124,piraquara,pr
83321,-25.44450819623171,-49.17725474672523,pinhais,pr
83312,-25.474161512429525,-49.13467707922696,piraquara,pr
83305,-25.449502371191144,-49.05494875881632,piraquara,pr
83302,-25.453973999999945,-49.10247799999996,piraquara,pr
83304,-25.43608466437587,-49.06047014983238,piraquara,pr
83303,-25.43917746883472,-49.095535757952064,piraquara,pr
83322,-25.45520782540837,-49.18886071388973,pinhais,pr
83306,-25.451465542111187,-49.06505900567522,piraquara,pr
83311,-25.45760163768181,-49.14793025776944,piraquara,pr
83328,-25.41705448600597,-49.14962252983438,pinhais,pr
83308,-25.484392511612363,-49.12243282812258,piraquara,pr
83314,-25.45148537000401,-49.16251262958495,piraquara,pr
83307,-25.463425331932903,-49.063212044549005,piraquara,pr
83310,-25.452296684625185,-49.14492373548572,piraquara,pr
83309,-25.521392071518928,-49.09215947308062,piraquara,pr
83410,-25.357121818045123,-49.16585406200442,colombo,pr
83415,-25.27683171941637,-49.247750873106014,colombo,pr
83409,-25.371132577664817,-49.18125077989034,colombo,pr
83413,-25.388481651539166,-49.16616839347383,colombo,pr
83408,-25.371298736141743,-49.18823376385825,colombo,pr
83405,-25.374464853535592,-49.19726615035309,colombo,pr
83412,-25.364112926573263,-49.1485038206046,colombo,pr
83414,-25.29388622779014,-49.225293065900594,colombo,pr
83404,-25.362961044442496,-49.20591884640265,colombo,pr
83406,-25.352293531164342,-49.193949392918206,colombo,pr
83403,-25.33422592758873,-49.21121894452015,colombo,pr
83407,-25.34828023042268,-49.17886786038601,colombo,pr
83401,-25.326799865914616,-49.2299780228954,colombo,pr
83402,-25.34347077721826,-49.227809047574894,colombo,pr
83411,-25.34346492470953,-49.16327640658161,colombo,pr
83507,-25.316851361274026,-49.30459161975918,almirante tamandare,pr
83508,-25.37338500000001,-49.29875325,almirante tamandare,pr
83505,-25.34270242907848,-49.23756463682272,almirante tamandar,pr
83514,-25.24248807908717,-49.30157494670784,almirante tamandar,pr
83504,-25.328459084107493,-49.2564525184661,almirante tamandar,pr
83501,-25.31357267638063,-49.29180267499566,almirante tamandar,pr
83506,-25.344631090195666,-49.27066986303304,almirante tamandare,pr
83503,-25.33160032638932,-49.27717645934557,almirante tamandare,pr
83513,-25.30340942855347,-49.30418023133953,almirante tamandare,pr
83512,-25.319400926164285,-49.30493578183975,almirante tamandare,pr
83502,-25.320346386346568,-49.27875530016162,almirante tamandare,pr
83511,-25.34929908298231,-49.29988844685209,almirante tamandare,pr
83608,-25.456502450481345,-49.43538130229186,camport alegre largo,pr
83602,-25.464021140347796,-49.550451239912576,camport alegre largo,pr
83601,-25.466635468752123,-49.53576575000499,camport alegre largo,pr
83604,-25.475842610773128,-49.57274029276336,camport alegre largo,pr
83609,-25.46490357793857,-49.39123456781457,camport alegre largo,pr
83605,-25.446647385196982,-49.55563586004068,camport alegre largo,pr
83606,-25.44794957803866,-49.54141858819425,camport alegre largo,pr
83607,-25.450216435405693,-49.51564087663902,camport alegre largo,pr
83600,-25.46054078166854,-49.53037085384862,camport alegre largo,pr
83660,-25.581093162340828,-48.354020791139256,bugre,mg
83648,-25.330219244708697,-49.49161180767325,camport alegre largo,pr
83603,-25.51160980837505,-49.54167514124038,camport alegre largo,pr
83707,-25.557676649395017,-49.37780909275544,araucaria,pr
83708,-25.59882689377149,-49.37212657909614,araucaria,pr
83709,-25.61138949693849,-49.36969938375004,araucaria,pr
83703,-25.580265224514296,-49.403427480350565,araucaria,pr
83701,-25.587399444600003,-49.39198424949333,araucaria,pr
83705,-25.568313168441374,-49.39750915829013,araucaria,pr
83704,-25.581182453673023,-49.4134921642734,araucaria,pr
83702,-25.58682955148217,-49.40008181635671,araucaria,pr
83700,-25.5949515,-49.41524474999999,araucaria,pr
83833,-25.635919522719284,-49.32299206659218,fazenda rio grande,pr
83880,-26.08644812451248,-49.78075054841446,rio negro,ms
83823,-25.66745573437876,-49.28880133395711,fazenda rio grande,pr
83830,-25.665981910215244,-49.32886111300174,fazenda rio grande,pr
83820,-25.63833400486329,-49.296168499706,fazenda rio grande,pr
83829,-25.660133532958547,-49.33422564082772,fazenda rio grande,pr
83825,-25.700762669910425,-49.305056660292855,fazenda rio grande,pr
83824,-25.670069134388523,-49.30557898570774,fazenda rio grande,pr
84063,-25.064879123255093,-50.207193362454426,port alegrenta grossa,pr
84015,-25.074043009435066,-50.15132717124473,port alegrenta grossa,pr
84026,-25.10220439771488,-50.14392929615091,port alegrenta grossa,pr
84062,-25.07393596280801,-50.2325527374344,port alegrenta grossa,pr
84010,-25.090806929770974,-50.15864960866176,port alegrenta grossa,pr
84071,-25.064650875930557,-50.17581163474524,port alegrenta grossa,pr
84031,-25.09682525618896,-50.12021573244275,port alegrenta grossa,pr
84073,-25.055310572854754,-50.16302080154659,port alegrenta grossa,pr
84072,-25.06080266833056,-50.17672815681802,port alegrenta grossa,pr
84045,-25.140280860407312,-50.15341082183036,port alegrenta grossa,pr
84050,-25.111054989058253,-50.16840959931533,port alegrenta grossa,pr
84021,-25.076083833301205,-50.13336325982566,port alegrenta grossa,pr
84025,-25.086792082329477,-50.127791387148,port alegrenta grossa,pr
84040,-25.11074915875126,-50.16128768235323,port alegrenta grossa,pr
84020,-25.08190948098565,-50.13386723910784,port alegrenta grossa,pr
84046,-25.14652408520401,-50.16801987567075,port alegrenta grossa,pr
84051,-25.098060237578625,-50.16913091090085,port alegrenta grossa,pr
84043,-25.141482662760595,-50.1521622594887,port alegrenta grossa,pr
84035,-25.11134715283512,-50.14605173867332,port alegrenta grossa,pr
84053,-25.08326715137251,-50.1872253869315,port alegrenta grossa,pr
84060,-25.10028868526743,-50.21000605078199,port alegrenta grossa,pr
84033,-25.12330821957547,-50.10258203967429,port alegrenta grossa,pr
84064,-25.051799136562924,-50.22484756287143,port alegrenta grossa,pr
84032,-25.100259726066103,-50.10316858465574,port alegrenta grossa,pr
84070,-25.084951512349253,-50.1719179396387,port alegrenta grossa,pr
84030,-25.0898641791368,-50.07670397764743,port alegrenta grossa,pr
84061,-25.096514742579348,-50.20768958538751,port alegrenta grossa,pr
84016,-25.062796694472123,-50.13504688484768,port alegrenta grossa,pr
84036,-25.11916694993584,-50.15360461736411,port alegrenta grossa,pr
84052,-25.096807477927214,-50.19155066472388,port alegrenta grossa,pr
84022,-25.0606855973076,-50.11427904872728,port alegrenta grossa,pr
84037,-25.136925929264127,-50.14077872118795,port alegrenta grossa,pr
84065,-25.04880862254023,-50.26939040689014,port alegrenta grossa,pr
84130,-25.42801578809382,-50.00165790130647,palmeira,pr
84172,-24.794234999999997,-49.99697099999999,castro,pr
84165,-24.788261778607744,-50.01007231886684,castro,pr
84174,-24.80200820899649,-49.99280471273954,castro,pr
84178,-24.79611036875941,-49.99949570990931,castro,pr
84168,-24.7814519908805,-50.00695048421677,castro,pr
84173,-24.78627890862091,-49.99174644618548,castro,pr
84269,-24.333499556541103,-50.65588179341895,telemaco borba,pr
84264,-24.348163260163293,-50.61341818701547,telemaco borba,pr
84272,-24.31700130225438,-50.63273800241009,telemaco borba,pr
84268,-24.32109582323217,-50.63847165883765,telemaco borba,pr
84271,-24.32551772441893,-50.65729570163472,telmaco borba,pr
84261,-24.325839812534188,-50.620755625778536,telemaco borba,pr
84262,-24.32419311407833,-50.62367220467264,telemaco borba,pr
84270,-24.31845955251807,-50.645762399243154,telemaco borba,pr
84267,-24.324944977872704,-50.64258024317045,telmaco borba,pr
84265,-24.338318579333773,-50.62355838299117,telemaco borba,pr
84266,-24.334528639666104,-50.63608839319225,telemaco borba,pr
84275,-24.25226253173092,-51.6760698235678,harmonia,pr
84263,-24.32205007279478,-50.61360481210749,telmaco borba,pr
84500,-25.46071165130973,-50.63828989673304,irati,pr
84600,-26.226014834302923,-51.08796890764874,uniao da vitoria,pr
84660,-26.41825719344005,-51.3163760544167,general carneiro,mt
84603,-26.230102829828525,-51.07053443036406,unio da vitoria,pr
84605,-26.257096285262428,-51.09507834388285,uniao da vitoria,pr
84602,-26.24306125332573,-51.12288205759586,uniao da vitoria,pr
84607,-26.22624071178068,-51.07040956827851,unio da vitoria,pr
84601,-26.25791447096965,-51.09839149969527,unio da vitoria,pr
84604,-26.209357698448294,-51.02302958582242,uniao da vitoria,pr
84608,-26.20241089981077,-51.05518149373981,uniao da vitoria,pr
84900,-23.84868060395721,-50.187369715436375,ibaiti,pr
84950,-23.872064968638337,-49.8008729112134,wenceslau braz,mg
84914,-23.70714707697101,-50.22457281407284,ibaiti,pr
85065,-25.37418387480538,-51.45285493089615,guarapuava,pr
85010,-25.38999640215828,-51.47482035400201,guarapuava,pr
85012,-25.397213164319837,-51.46133223062508,guarapuava,pr
85022,-25.416469895925857,-51.473275147354286,guarapuava,pr
85015,-25.399829188470083,-51.47669089552183,guarapuava,pr
85055,-25.37415727226045,-51.465691194010006,guarapuava,pr
85035,-25.38584962199197,-51.47413276060368,guarapuava,pr
85045,-25.35863541191045,-51.48439888213432,guarapuava,pr
85060,-25.36919256174625,-51.45680644627517,guarapuava,pr
85040,-25.380936241733576,-51.48886255438868,guarapuava,pr
85027,-25.397838673841814,-51.49661422468112,guarapuava,pr
85050,-25.35172499748984,-51.47217081305912,guarapuava,pr
85020,-25.41546668552724,-51.48818867998731,guarapuava,pr
85064,-25.377075000000005,-51.44796674999999,guarapuava,pr
85067,-25.36951502810429,-51.4365787350332,guarapuava,pr
85023,-25.41838279771924,-51.48031049108998,guarapuava,pr
85025,-25.39126136536148,-51.49090082472578,guarapuava,pr
85063,-25.360688620030068,-51.456390873160586,guarapuava,pr
85070,-25.39347752677597,-51.44274347986045,guarapuava,pr
85053,-25.35322512490615,-51.492239108806,guarapuava,pr
85031,-25.437618221670597,-51.63750731899797,guarapuava,pr
85030,-25.388345503202643,-51.50378688646213,guarapuava,pr
85170,-25.695269014822784,-51.659730246596006,pinhao,pr
85150,-25.04463564594593,-51.53867882668752,turvo,pr
85160,-25.372965792014,-52.12051564310542,cantagalo,mg
85139,-25.564634577485663,-51.48586164382362,vitoria,es
85138,-25.53495725335863,-51.50634312648354,vitoria,es
85174,-25.691744707885743,-51.66317663470837,pinhao,pr
85270,-24.885989906087783,-52.20321305716491,palmital,pr
85275,-24.897332999999943,-52.49122099999997,laranjal,mg
85301,-25.40409493828745,-52.41326011568435,laranjeiras do sul,pr
85304,-25.40628408665424,-52.40012161927952,laranjeiras do sul,pr
85303,-25.3945324699392,-52.409274171288544,laranjeiras do sul,pr
85302,-25.409077112741027,-52.4160105139818,laranjeiras do sul,pr
85415,-24.62885618118908,-53.31776941639194,cafelandia,pr
85410,-24.520814999999995,-53.26702819783664,nova aurora,go
85470,-25.20149782244086,-53.15418224606285,catanduvas,pr
85423,-24.71955600541613,-53.08490976085769,iguatu,ce
85555,-26.48257236390896,-51.9929615275,palmas,to
85502,-26.237511,-52.692075,pato branco,pr
85506,-26.24206599567016,-52.67532762924004,pato branco,pr
85501,-26.23309163375265,-52.67355012674504,pato branco,pr
85504,-26.19533745008356,-52.66734593313353,pato branco,pr
85575,-25.70776347936545,-52.91847366274079,sao jorge doeste,pr
85505,-26.23324352784424,-52.651170817242686,pato branco,pr
85508,-26.2653833907898,-52.68840357269141,pato branco,pr
85503,-26.205097456800125,-52.68373399514325,pato branco,pr
85507,-26.25401372189274,-52.67106665238838,pato branco,pr
85509,-26.24369336048591,-52.69758377302932,pato branco,pr
85579,-25.608283898808665,-53.005908491441794,sao jorge doeste,pr
85500,-26.253352251292466,-52.67281541486762,pato branco,pr
85601,-26.07915296665839,-53.06725661073275,francisco beltrao,pr
85602,-26.06631109928985,-53.06799796241553,francisco beltrao,pr
85603,-26.003670174999968,-53.23275043899997,francisco beltrao,pr
85604,-26.06368480687816,-53.05414926085676,francisco beltrao,pr
85605,-26.077204237725507,-53.04127445014873,francisco beltrao,pr
85606,-26.036243879430437,-53.05295273089938,francisco beltrao,pr
85760,-25.661649998264167,-53.80592314919518,capanema,pa
85770,-25.77211109455507,-53.5370316790837,realeza,mg
85750,-25.72142571455116,-53.76755071703437,planalto,ba
85795,-25.40960347066496,-53.5671828002423,santa lucia,pr
85700,-26.25659210854377,-53.619024353931664,barracao,pr
85851,-25.548584861815545,-54.58121020316589,foz do iguacu,pr
85862,-25.484806613139725,-54.50792805280905,foz do iguau,pr
85807,-24.9409988170985,-53.4931867821282,cascavel,pr
85868,-25.486974336261635,-54.575745953879874,foz do iguacu,pr
85804,-24.984995373593296,-53.47775799446008,cascavel,pr
85818,-24.96867905661036,-53.42122688063376,cascavel,pr
85865,-25.510380745556976,-54.58575674963803,foz do iguacu,pr
85819,-24.98699978821639,-53.450685208725176,cascavel,pr
85870,-25.452673652681117,-54.57881895704795,foz do iguacu,pr
85812,-24.950870359714838,-53.45032742855887,cascavel,pr
85853,-25.54871041283887,-54.55314628108788,foz do iguacu,pr
85801,-24.961400882504734,-53.45816618100577,cascavel,pr
85857,-25.52667100730884,-54.551597929862176,foz do iguau,pr
85856,-25.547820027528623,-54.55713292529019,foz do iguacu,pr
85803,-24.97604723812689,-53.46216762349251,cascavel,pr
85805,-24.960692450747217,-53.48805919911723,cascavel,pr
85811,-24.937606765316065,-53.47416098323686,cascavel,pr
85806,-24.960754560101478,-53.51081196779967,cascavel,pr
85861,-25.502404350701365,-54.552678340623295,foz do iguacu,pr
85867,-25.466806009071483,-54.582622516176365,foz do iguacu,pr
85863,-25.52742965797669,-54.57570382833004,foz do iguacu,pr
85817,-24.944115877662725,-53.41460591608291,cascavel,pr
85859,-25.50543908211398,-54.54002174535049,foz do iguacu,pr
85852,-25.53973808584764,-54.57837681339317,foz do iguau,pr
85813,-24.931724573143217,-53.44772739330013,cascavel,pr
85810,-24.94812606272721,-53.45992279514128,cascavel,pr
85864,-25.5199962069248,-54.589633436421295,foz do iguau,pr
85892,-24.854103580770524,-54.33630561913154,santa helena,ma
85802,-24.966371460470743,-53.46488320191585,cascavel,pr
85816,-24.955814183258344,-53.43029571217104,cascavel,pr
85815,-24.934945493219328,-53.426412,cascavel,pr
85855,-25.57664212570452,-54.5862005144858,foz do iguacu,pr
85869,-25.48998157839101,-54.54907713368398,foz do iguacu,pr
85814,-24.915528942004656,-53.4197738864908,cascavel,pr
85854,-25.560872999999997,-54.56496375,foz do iguacu,pr
85808,-24.95346147936716,-53.51858485131236,cascavel,pr
85858,-25.535477093892865,-54.53235921020954,foz do iguacu,pr
85866,-25.50590811226521,-54.578230647175744,foz do iguacu,pr
85860,-25.50066778347379,-54.56765079661093,foz do iguacu,pr
85820,-24.908986729384317,-53.43841037356462,cascavel,pr
85905,-24.70465085379017,-53.73705260924831,toledo,pr
85902,-24.741798360419654,-53.753890429702814,toledo,pr
85980,-24.085551215965108,-54.2456640799958,guaira,pr
85900,-24.72968994426537,-53.742043512648245,toledo,pr
85906,-24.678382498485828,-53.61770674181568,toledo,pr
85915,-24.7609081901724,-53.74310716601102,toledo,pr
85903,-24.71858536767589,-53.76181706327768,toledo,pr
85909,-24.740363374729355,-53.71854430037378,toledo,pr
85911,-24.76043235362205,-53.72475879783505,toledo,pr
85910,-24.75300694197659,-53.72502305170717,toledo,pr
85908,-24.74008085273519,-53.70768923277301,toledo,pr
85990,-24.169046805284385,-54.10121566151971,terra roxa,pr
85907,-24.742349114398635,-53.70805331768094,toledo,pr
85901,-24.73858251608397,-53.73620901608396,toledo,pr
85904,-24.709844492474502,-53.75003279931422,toledo,pr
85912,-24.765743408330685,-53.72702042732898,toledo,pr
85914,-24.74411170696674,-53.75236661963192,toledo,pr
85913,-24.75204887526052,-53.74344731531639,toledo,pr
86020,-23.30663451154119,-51.16454999999999,londrina,pr
86025,-23.300005493219327,-51.16752260352587,londrina,pr
86049,-23.36891478518663,-51.15406074173358,londrina,pr
86036,-23.31430876659561,-51.11965985684604,londrina,pr
86058,-23.348334768868305,-51.210697538480616,londrina,pr
86038,-23.326503549252777,-51.122454800161606,londrina,pr
86056,-23.31839640244674,-51.22474556148647,londrina,pr
86045,-23.362527183156548,-51.15813509735721,londrina,pr
86026,-23.306545499567303,-51.15347141909516,londrina,pr
86015,-23.32090779750426,-51.15760695247892,londrina,pr
86042,-23.36329204255109,-51.1464824908819,londrina,pr
86065,-23.304947270046764,-51.20519766871963,londrina,pr
86079,-23.292964885928185,-51.15382096548856,londrina,pr
86076,-23.285663979155043,-51.18045084353287,londrina,pr
86071,-23.297585859061133,-51.198316531208135,londrina,pr
86063,-23.30857924701369,-51.196409511945205,londrina,pr
86062,-23.303265034422022,-51.18830821980504,londrina,pr
86047,-23.35069393173468,-51.16308555117244,londrina,pr
86055,-23.323840543849784,-51.19324769917922,londrina,pr
86010,-23.32532644463037,-51.15843393839796,londrina,pr
86037,-23.316208922273155,-51.11121320098855,londrina,pr
86087,-23.26404502553522,-51.1416100799239,londrina,pr
86050,-23.331043778111702,-51.17743350000001,londrina,pr
86060,-23.309902583386343,-51.172848272548926,londrina,pr
86041,-23.357633512987647,-51.13515094048337,londrina,pr
86083,-23.27415226886964,-51.17184894702476,londrina,pr
86073,-23.280367482796247,-51.188884291727966,londrina,pr
86085,-23.25532056895961,-51.14744899417161,londrina,pr
86082,-23.257298482110823,-51.1710038381903,londrina,pr
86046,-23.34725214100632,-51.15045275673721,londrina,pr
86039,-23.31537709740904,-51.14494497224309,londrina,pr
86061,-23.318557344711184,-51.17755380195063,londrina,pr
86066,-23.3100135,-51.210994500000005,londrina,pr
86044,-23.377058530291723,-51.13484712020678,londrina,pr
86043,-23.36631045414578,-51.13702716959766,londrina,pr
86081,-23.263893735839535,-51.18150870269487,londrina,pr
86035,-23.312868686075493,-51.13516470581098,londrina,pr
86077,-23.27771716763806,-51.17100304328015,londrina,pr
86084,-23.25795336554321,-51.15321467790985,londrina,pr
86080,-23.28193075133742,-51.18000242096855,londrina,pr
86031,-23.281137906085277,-51.11127951783484,londrina,pr
86088,-23.25839473839377,-51.14718973839378,londrina,pr
86070,-23.29629750275249,-51.18570169059656,londrina,pr
86040,-23.33472238190318,-51.14522312378098,londrina,pr
86030,-23.294709000000005,-51.11458875,londrina,pr
86072,-23.28887580646104,-51.20611419384779,londrina,pr
86027,-23.30529518408854,-51.14147680759537,londrina,pr
86086,-23.26062993106124,-51.13956012083659,londrina,pr
86067,-23.292275260055437,-51.22279967583238,londrina,pr
86078,-23.27397904633858,-51.15695678198399,londrina,pr
86057,-23.320838002481505,-51.19884817262972,londrina,pr
86075,-23.28942185605891,-51.16724685095438,londrina,pr
86089,-23.25130161183701,-51.20975385471277,londrina,pr
86032,-23.288566694403528,-51.09645456398495,londrina,pr
86181,-23.28193402859364,-51.28510693242536,cambe,pr
86186,-23.296055526046462,-51.24057710872764,cambe,pr
86183,-23.26200369953909,-51.256513286633535,cambe,pr
86191,-23.28244583513189,-51.26877632861102,cambe,pr
86185,-23.29043487010217,-51.23807993158865,cambe,pr
86192,-23.29212231171705,-51.27502315585853,cambe,pr
86187,-23.302115769634728,-51.22426284693288,cambe,pr
86182,-23.272346640573627,-51.28581725618894,cambe,pr
86188,-23.310471258670454,-51.22612214348781,cambe,pr
86184,-23.26631582347514,-51.27849963809214,cambe,pr
86360,-23.123801224965774,-50.37285801357385,bandeirantes,mg
86310,-23.42798079078484,-50.57093863232637,nova fatima,ba
86305,-23.20065816207204,-50.72307968433729,congonhas,mg
86604,-23.32035841509884,-51.38586195252106,rolandia,pr
86605,-23.32155055487895,-51.363541933513794,rolandia,pr
86690,-22.83817968053156,-51.9775215993844,colorado,pr
86600,-23.31259824896755,-51.36894941889966,rolandia,pr
86601,-23.29871795823048,-51.36170759057071,rolandia,pr
86620,-22.96880673229988,-51.65009874487994,guaraci,pr
86602,-23.305500493764065,-51.38978144232616,rolandia,pr
86660,-22.63875790650031,-51.90432116575774,santa ines,ma
86613,-23.236888901152582,-51.58257559769153,pitangueiras,pr
86695,-22.899708903318157,-51.88900576018106,alto alegre,pr
86606,-23.33157553788986,-51.39252637098867,rolandia,pr
86701,-23.397298405970616,-51.44343683338199,araport alegrengas,pr
86705,-23.408215707935856,-51.420223656343694,araport alegrengas,pr
86703,-23.393562601044792,-51.421650018700745,araport alegrengas,pr
86708,-23.409001696126342,-51.44836965827616,araport alegrengas,pr
86707,-23.422194813273112,-51.43376667120238,araport alegrengas,pr
86700,-23.41507740422774,-51.42944823345752,araport alegrengas,pr
86706,-23.420739085916825,-51.41460369847018,araport alegrengas,pr
86709,-23.40693696576036,-51.459610956418295,araport alegrengas,pr
86710,-23.41497067724205,-51.435430062562034,araport alegrengas,pr
86704,-23.38098192789152,-51.41551751378712,araport alegrengas,pr
86716,-23.39370548478192,-51.424410974802846,araport alegrengas,pr
86702,-23.387311444268136,-51.44520034138108,araport alegrengas,pr
86711,-23.407946331291907,-51.45219638508648,araport alegrengas,pr
86801,-23.558241337915224,-51.489341276340376,apucarana,pr
86806,-23.52961677345554,-51.43667212317244,apucarana,pr
86812,-23.55023223662737,-51.428201098298814,apucarana,pr
86813,-23.579294110388933,-51.43262509645364,apucarana,pr
86800,-23.552512530494816,-51.46349357996916,apucarana,pr
86807,-23.548400397321775,-51.431891102678215,apucarana,pr
86804,-23.540448877849485,-51.45277360323112,apucarana,pr
86802,-23.561290751075305,-51.45814404693471,apucarana,pr
86808,-23.55529114283934,-51.45250563380107,apucarana,pr
86803,-23.52688188513449,-51.450321967080505,apucarana,pr
86818,-23.57393716136987,-51.46455923047483,apucarana,pr
86884,-24.311727000000005,-51.79081275,arapua,mg
86811,-23.56579938393303,-51.44331624192719,apucarana,pr
86805,-23.53711758864752,-51.44438815254782,apucarana,pr
86810,-23.57089171277503,-51.45720601453626,apucarana,pr
86809,-23.559104503052215,-51.4589035947108,apucarana,pr
86940,-23.710293898270724,-51.77447209083235,bom sucesso,mg
87010,-23.443459676669885,-51.93287204648106,maring,pr
87013,-23.41986366306706,-51.9370505253616,maringa,pr
87025,-23.377396999935016,-51.93100618003307,maringa,pr
87020,-23.40870190356673,-51.94097450684423,maringa,pr
87083,-23.38219409935399,-51.95529780691714,maringa,pr
87047,-23.41000679702781,-51.88262571961486,maringa,pr
87075,-23.39834981381488,-51.98161405716274,maringa,pr
87014,-23.423386352936397,-51.95203743140284,maring,pr
87060,-23.4372546568219,-51.9636153957686,maringa,pr
87030,-23.41848622413047,-51.92625934548862,maringa,pr
87050,-23.437975269077903,-51.91385959802448,maringa,pr
87005,-23.435118221374,-51.92885489694695,maringa,pr
87080,-23.410903058644777,-51.95808791739736,maringa,pr
87033,-23.403283128054564,-51.91369846564587,maringa,pr
87040,-23.41382198370398,-51.90777440824636,maringa,pr
87043,-23.40545272144952,-51.89969510559497,maringa,pr
87023,-23.38785238112001,-51.94226366643197,maringa,pr
87053,-23.46514439298334,-51.92266868978847,maringa,pr
87055,-23.45324990010192,-51.89900700200688,maringa,pr
87015,-23.42880633856904,-51.97183135000928,maringa,pr
87065,-23.396179945356447,-51.925220060790366,maring,pr
87045,-23.42831529103202,-51.89302878219085,maringa,pr
87035,-23.386583094415077,-51.905343129948655,maringa,pr
87070,-23.411103505732864,-51.98023531507588,maringa,pr
87062,-23.4706317780024,-51.9512175184998,maring,pr
87024,-23.37253783891545,-51.94241060885158,maringa,pr
87031,-23.421979830654045,-51.934053778463486,maringa,pr
87063,-23.468198465714533,-51.92501586662367,maringa,pr
87140,-23.456818505027293,-52.04686328687023,paicandu,pr
87111,-23.45643088849288,-51.86636940192774,sarandi,pr
87113,-23.44201867403269,-51.86961309158104,sarandi,pr
87145,-23.50199153846552,-52.15075469597017,paicandu,pr
87112,-23.45007592240018,-51.88079447019736,sarandi,pr
87103,-23.380640574186987,-52.05942220520233,maring,pr
87114,-23.431481257369107,-51.85490851643521,sarandi,pr
87120,-23.613754451404706,-52.07833684989032,floresta,mg
87175,-23.6542899592186,-52.00035759908371,itambe,ba
87110,-23.44161629807231,-51.87375715951959,sarandi,pr
87117,-23.470819980848265,-51.87608980315604,sarandi,pr
87118,-23.45502988799129,-51.890662759818326,sarandi,pr
87105,-23.41230898632022,-51.93040254699943,maringa,pr
87209,-23.66837933306229,-52.59191128521868,cianorte,pr
87260,-23.933221887810674,-52.496383028776826,araruna,pb
87200,-23.659805934108583,-52.60600388710681,cianorte,pr
87220,-23.539051159391967,-52.593363277787645,sao tome,pr
87204,-23.65751356438734,-52.63416252413392,cianorte,pr
87205,-23.6729461091774,-52.63516369645153,cianorte,pr
87235,-23.479429995816567,-52.69604553565791,indianoport alegrelis,mg
87207,-23.665830151019893,-52.614711598391736,cianorte,pr
87206,-23.67997501587077,-52.63136625804714,cianorte,pr
87203,-23.65537503694021,-52.62761849865488,cianorte,pr
87210,-23.65260815350081,-52.58404004928551,cianorte,pr
87225,-23.474385128899645,-52.56167206086927,japura,am
87208,-23.676889165987035,-52.61167898025696,cianorte,pr
87230,-23.62208737103585,-52.46578937273949,jussara,ba
87202,-23.66461410701088,-52.6227310016816,cianorte,pr
87201,-23.64501955695552,-52.61797557523342,cianorte,pr
87214,-23.605308754964646,-52.52012144390479,cianorte,pr
87308,-24.02873739264769,-52.368261526247714,camport alegre mourao,pr
87300,-24.04612326367625,-52.36897352310729,camport alegre mourao,pr
87301,-24.04860641575608,-52.37964493575812,camport alegre mourao,pr
87309,-24.031634774722807,-52.36000033249611,camport alegre mourao,pr
87303,-24.03529260389033,-52.37957021179355,camport alegre mourao,pr
87302,-24.037123500000003,-52.39895399999999,camport alegre mourao,pr
87305,-24.04802721221974,-52.406031811259375,camport alegre mourao,pr
87310,-24.02358089449387,-52.35432796790892,camport alegre mourao,pr
87306,-24.05607211724735,-52.41590576552196,camport alegre mourao,pr
87390,-24.243355701260043,-52.78414957325019,boa esao pauloerana,pr
87357,-24.474612953774336,-52.87775898122082,rio verde,go
87307,-24.0469444354564,-52.36576097795509,camport alegre mourao,pr
87430,-23.727448190441912,-52.86758715767643,tapejara,pr
87485,-23.38427201487653,-53.2984710826628,douradina,ms
87490,-23.471289458961653,-53.08857592523346,nova olimpia,mt
87504,-23.748416432474365,-53.29690112215509,umuarama,pr
87505,-23.770933593035988,-53.2903517529053,umuarama,pr
87501,-23.765117091320853,-53.31230739757064,umuarama,pr
87503,-23.77682273272903,-53.32485849429849,umuarama,pr
87502,-23.757178599774967,-53.29107393545511,umuarama,pr
87508,-23.77725337636325,-53.32721653621103,umuarama,pr
87509,-23.74650686234056,-53.32093910297761,umuarama,pr
87506,-23.77233229502572,-53.3077278938484,umuarama,pr
87510,-23.749412605055088,-53.326658733567925,umuarama,pr
87507,-23.790212802709647,-53.30525060557735,umuarama,pr
87575,-8.474008102898447,-35.74210988587654,rio bonito,pr
87520,-23.769557704371916,-53.19810145851718,umuarama,pr
87528,-23.50562086030579,-53.73231372825629,alto paraiso,pr
87569,-24.01213445624456,-53.5355741240701,jangada,mt
87650,-22.961890309870306,-52.16265588929291,cruzeiro do sul,ac
87660,-22.93825452398184,-52.15652385610892,paranacity,pr
87670,-22.75051478806147,-52.20109895136724,inaj,pe
87630,-23.15180858758235,-52.05073512371148,atalaia,al
87666,-22.931708640430134,-52.15463002001629,paranacity,pr
87708,-23.09588633672341,-52.4523632136921,paranavai,pr
87706,-23.073063041057956,-52.434486317128375,paranavai,pr
87701,-23.08436032484458,-52.46241168262883,paranavai,pr
87703,-23.0695428504722,-52.46855076635804,paranavai,pr
87705,-23.080239131902417,-52.45013902696006,paranavai,pr
87704,-23.08114344297706,-52.45984107381086,paranavai,pr
87707,-23.088896999058843,-52.45257007158398,paranavai,pr
87702,-23.0789334402109,-52.47044323342728,paranavai,pr
87711,-23.10254502186099,-52.46962843509759,paranavai,pr
87710,-23.0886618286752,-52.4607346572091,paranavai,pr
87709,-23.07397705129355,-52.44313832837248,paranavai,pr
87720,-23.0688054866298,-52.41784234492755,paranavai,pr
87830,-23.320432794923565,-53.06753586140773,tapira,mg
87840,-23.254679872918967,-52.77424992330448,mirador,ma
88034,-27.57865911904912,-48.50709600207745,florianoport alegrelis,sc
88036,-27.590329257833734,-48.52015089439666,florianoport alegrelis,sc
88080,-27.615683275030417,-48.58766573385637,florianoport alegrelis,sc
88010,-27.595379158751264,-48.55382695683541,florianoport alegrelis,sc
88015,-27.59186031447276,-48.54902548765073,florianoport alegrelis,sc
88090,-27.58902112461769,-48.598946219401,florianoport alegrelis,sc
88025,-27.58046831585774,-48.54149042867444,florianoport alegrelis,sc
88066,-27.712310029141904,-48.50495403234456,florianoport alegrelis,sc
88070,-27.58657286234056,-48.578813680679794,florianoport alegrelis,sc
88058,-27.44750424718865,-48.39733340340489,florianoport alegrelis,sc
88047,-27.649291379133214,-48.52180222785512,florianoport alegrelis,sc
88063,-27.68775442656832,-48.48827427364544,florianoport alegrelis,sc
88095,-27.582279610883464,-48.58985233291018,florianoport alegrelis,sc
88020,-27.59598577448037,-48.54618547457063,florianoport alegrelis,sc
88040,-27.609381931838456,-48.52161978907573,florianoport alegrelis,sc
88065,-27.68138596641469,-48.51067398225506,florianoport alegrelis,sc
88052,-27.45347922814357,-48.45176086940968,florianoport alegrelis,sc
88048,-27.64441001566128,-48.47653363335797,florianoport alegrelis,sc
88075,-27.58917099140166,-48.579840372323886,florianoport alegrelis,sc
88053,-27.442080754371283,-48.48344901581171,florianoport alegrelis,sc
88054,-27.42864592363426,-48.45905918284473,florianoport alegrelis,sc
88085,-27.60731306466045,-48.59058002775691,florianoport alegrelis,sc
88030,-27.5558008016528,-48.51133868720928,florianoport alegrelis,sc
88037,-27.60066334139297,-48.51412134485542,florianoport alegrelis,sc
88062,-27.625926604766622,-48.48014656036129,florianoport alegrelis,sc
88035,-27.591715047463765,-48.506655980581606,florianoport alegrelis,sc
88061,-27.592978505193035,-48.43589647774464,florianoport alegrelis,sc
88064,-27.790397402496748,-48.55979090125236,florianoport alegrelis,sc
88050,-27.541774322739933,-48.524876521904254,florianoport alegrelis,sc
88056,-27.42517433269942,-48.426350651572776,florianoport alegrelis,sc
88060,-27.482571511541188,-48.40972136081135,florianoport alegrelis,sc
88032,-27.536913214854422,-48.50901793197551,florianoport alegrelis,sc
88045,-27.60753508826243,-48.537684624329245,florianoport alegrelis,sc
88049,-27.68485354690382,-48.55820629045023,florianoport alegrelis,sc
88067,-27.78137386011885,-48.52971612447347,florianoport alegrelis,sc
88051,-27.490138109537263,-48.53100600075863,florianoport alegrelis,sc
88021,-27.612901001115706,-48.5439167605234,florianoport alegrelis,sc
88000,-27.46827814963834,-48.46685164154477,florianoport alegrelis,sc
88135,-27.675399941807463,-48.68445574523188,palhoa,sc
88108,-27.59180946782637,-48.62298221074738,sao jose,sc
88113,-27.562633674958704,-48.63782800645296,sao jose,sc
88110,-27.576619500608015,-48.61693708192752,sao jose,sc
88132,-27.64301988374891,-48.6725565749633,palhoca,sc
88117,-27.586488478573195,-48.610576008298985,sao jose,sc
88102,-27.594535616886628,-48.6167263916482,sao jose,sc
88133,-27.62886127396641,-48.66213201369509,palhoa,sc
88136,-27.640472922992824,-48.71401842605415,palhoca,sc
88122,-27.588803792283805,-48.69266462072365,sao jose,sc
88130,-27.666286906608608,-48.65481338508792,palhoca,sc
88111,-27.568918660944803,-48.6332460149761,sao jose,sc
88131,-27.653793574869443,-48.67077198860317,palhoca,sc
88101,-27.59986895857613,-48.61160100033628,sao jose,sc
88115,-27.543786658615705,-48.62567962615467,sao jose,sc
88165,-27.471347271855308,-48.66254250683506,biguacu,sc
88104,-27.62150704604186,-48.638515641286425,sao jose,sc
88123,-27.58544951917462,-48.713839329929165,sao jose,sc
88107,-27.57584828418084,-48.67614001749309,sao jose,sc
88162,-27.52651318539575,-48.63724861034361,biguacu,sc
88137,-27.623801411846078,-48.67428578001718,palhoa,sc
88103,-27.61752312265431,-48.62818614385562,sao jose,sc
88134,-27.676190142586574,-48.63760744853509,palhoca,sc
88160,-27.49432999699404,-48.66242401404204,biguacu,sc
88139,-27.84637732646714,-48.58924800079264,palhoca,sc
88161,-27.523776127748366,-48.65743786004288,biguacu,sc
88164,-27.49474983154892,-48.66211063380134,biguacu,sc
88168,-27.472212681735247,-48.64066702352659,biguacu,sc
88119,-27.569150557655234,-48.6325951744031,sao jose,sc
88180,-27.5225742489226,-48.76299047519584,antonio carlos,mg
88138,-27.74183035338775,-48.63570502072188,palhoca,sc
88240,-27.29777413959937,-48.860880726550846,sao joao batista,ma
88310,-26.89105185843889,-48.70160775209466,itajai,sc
88338,-26.976138317790983,-48.64145671357261,balneario camboriu,sc
88301,-26.91626999999994,-48.65245999999996,itajai,sc
88309,-26.895499920863333,-48.687951531134914,itajai,sc
88306,-26.93582349025945,-48.62774700312716,itajai,sc
88372,-26.85907968190116,-48.63953562951828,navegantes,sc
88311,-26.87764172364386,-48.70544081597868,itajai,sc
88353,-27.09960944237496,-48.910555294766944,brusque,sc
88350,-27.12100682014913,-48.94116396455869,brusque,sc
88373,-26.85066537853522,-48.66050076238111,navegantes,sc
88302,-26.920171924297723,-48.65785233328224,itajai,sc
88355,-27.011233923949707,-48.88051407386524,brusque,sc
88330,-26.999696999999948,-48.63513949999995,balneario camboriu,sc
88317,-26.87673954107072,-48.75040324302174,itajai,sc
88308,-26.9285092515089,-48.700389561720506,itajai,sc
88348,-26.99799029848867,-48.65605531454657,camboriu,sc
88303,-26.912428672061186,-48.6773810666573,itajai,sc
88340,-27.03257944981925,-48.65823216406999,camboriu,sc
88305,-26.898005885910283,-48.674262076496056,itajai,sc
88307,-26.939148384202333,-48.691224733151856,itajai,sc
88304,-26.89938,-48.67972874999998,itajai,sc
88370,-26.88690680838387,-48.66214683641898,navegantes,sc
88337,-27.00973911019097,-48.62968508021234,balneario camboriu,sc
88352,-27.08345828864908,-48.89710959769749,brusque,sc
88312,-26.9086910446324,-48.70361522178972,itajai,sc
88371,-26.878955021651237,-48.68433308448546,navegantes,sc
88316,-26.94530777195044,-48.71846720655428,itajai,sc
88343,-27.037883854358675,-48.64282834771643,camboriu,sc
88359,-27.14105704919435,-48.96146112936535,brusque,sc
88354,-27.10573505374388,-48.920455830982895,brusque,sc
88334,-27.056286,-48.5963148820474,balneario camboriu,sc
88375,-26.865666040970854,-48.6410225851885,navegantes,sc
88356,-27.085958999999995,-48.848868,brusque,sc
88351,-27.082320621703506,-48.93028666250217,brusque,sc
88358,-27.15299611296093,-48.92973849500833,brusque,sc
88345,-27.034085037613515,-48.66663167776647,camboriu,sc
88357,-27.14437151542649,-48.89989759099819,brusque,sc
88374,-26.798282309810467,-48.75471646765472,navegantes,sc
88336,-27.013328256448755,-48.61818233097696,balneario camboriu,sc
88339,-26.991894944516652,-48.64441158806528,balneario camboriu,sc
88332,-27.009682143798035,-48.6016870728936,balneario camboriu,sc
88318,-27.03728414364827,-48.86150470414312,itajai,sc
88347,-27.034452,-48.66295274999999,camboriu,sc
88333,-27.00986638911653,-48.58161348750651,balneario camboriu,sc
88313,-26.971307970209995,-48.68323247198162,itajai,sc
88349,-26.985156475676657,-48.68340194793031,camboriu,sc
88430,-27.46723708472355,-49.6569309939645,petrolandia,pe
88405,-26.44999999999993,-50.83332999999993,rio bonito,pr
88502,-27.80830141993188,-50.31892758549245,lages,sc
88514,-27.82466559641424,-50.35992251775606,lages,sc
88504,-27.82214624923539,-50.34177358422306,lages,sc
88511,-27.835897547319536,-50.31498267346643,lages,sc
88506,-27.79200649157036,-50.33499116363635,lages,sc
88501,-27.81568867055225,-50.33589889924407,lages,sc
88503,-27.83050585567545,-50.32859813849615,lages,sc
88524,-27.7960229686364,-50.280801448929545,lages,sc
88508,-27.807024551762936,-50.31439284387447,lages,sc
88509,-27.81812901165676,-50.31504228420568,lages,sc
88505,-27.810660101304173,-50.34879360421837,lages,sc
88523,-27.80074660444224,-50.29979761692014,lages,sc
88526,-27.826542502914187,-50.30579129003406,lages,sc
88520,-27.797601266099058,-50.2928678370159,lages,sc
88512,-27.837332612268444,-50.33639527171219,lages,sc
88525,-27.80628400479621,-50.28376416613112,lages,sc
88521,-27.77804837458397,-50.29409445953191,lages,sc
88519,-27.777300401610013,-50.304583540106165,lages,sc
88517,-27.76438635794551,-50.335973094224514,lages,sc
88516,-27.805941230913533,-50.36798925284209,lages,sc
88545,-27.58405028223308,-50.16019048698978,palmeira,pr
88513,-27.84747748496056,-50.355471953866285,lages,sc
88704,-28.46951928224586,-48.99324969252177,tubarao,sc
88702,-28.495481396815997,-49.02041621230492,tubarao,sc
88705,-28.47802628243179,-48.99718340569771,tubarao,sc
88701,-28.481289999999944,-49.00400999999994,tubarao,sc
88708,-28.460290491638133,-49.024419320745736,tubarao,sc
88703,-28.544618175464237,-49.06151957617777,tubarao,sc
88706,-28.469550456575604,-48.976829916180975,tubarao,sc
88765,-28.166286809287776,-48.97853845650907,sao martinho,rs
88763,-28.038920678369895,-49.12433449011333,santa rosa de lima,sc
88802,-28.680422038680614,-49.36995209892042,criciuma,sc
88811,-28.672534919023303,-49.36859410189644,criciuma,sc
88819,-28.644456089861247,-49.43169010506909,criciuma,sc
88810,-28.65899501430988,-49.38958426219532,criciuma,sc
88805,-28.70080388355569,-49.40656387717695,criciuma,sc
88865,-28.637145369606216,-49.49839388073582,nova veneza,go
88806,-28.706383164416295,-49.43510060742944,criciuma,sc
88815,-28.692374718228557,-49.34024683242198,criciuma,sc
88803,-28.692420266801093,-49.38370589578162,criciuma,sc
88801,-28.673779235468725,-49.37314563727728,criciuma,sc
88812,-28.78947535050223,-49.3618508848072,criciuma,sc
88809,-28.6818435,-49.38450974999999,cricima,sc
88804,-28.685998262631877,-49.38698516305797,cricima,sc
88807,-28.701226319408875,-49.442301986725326,cricima,sc
88816,-28.712779942008535,-49.36248100537097,cricima,sc
88818,-28.657198257543545,-49.42295856761518,criciuma,sc
88813,-28.680001204874007,-49.345926043307074,cricima,sc
88817,-28.67404615602646,-49.409246451214905,cricima,sc
88808,-28.70031452280068,-49.45453505325989,criciuma,sc
88814,-28.7693645420287,-49.40812520783725,criciuma,sc
88904,-28.95782178562493,-49.49669477597142,ararangu,sc
88901,-28.940918963179666,-49.49582082677826,ararangua,sc
88900,-28.93712082657122,-49.48552003388839,ararangua,sc
88915,-28.86100263994921,-49.446676367068925,maracana,ce
88906,-28.92148361900649,-49.45292490248774,ararangua,sc
88905,-28.940206653026983,-49.49045112356796,ararangua,sc
88990,-29.195096326599444,-49.953653511497805,praia grande,sp
88923,-28.899945513324457,-49.54701568750369,sapiranga,rs
88930,-28.923547604227323,-49.67645593231614,turvo,pr
88911,-28.93670333069545,-49.372022115366185,ararangu,sc
88910,-29.01999044466707,-49.61008157827842,ararangua,sc
88902,-28.968135994448204,-49.52745384885232,ararangua,sc
89080,-26.905292101127028,-49.24885309562462,indaial,sc
89026,-26.971132453228723,-49.07623407230649,blumenau,sc
89051,-26.91192369525076,-49.06680401774493,blumenau,sc
89075,-26.72794851536415,-49.06770351706809,blumenau,sc
89025,-26.964525231367062,-49.05155426835386,blumenau,sc
89062,-26.82033845826657,-49.07998967043567,blumenau,sc
89065,-26.87609219920492,-49.11778268660643,blumenau,sc
89031,-26.882803470063276,-49.10761309562108,blumenau,sc
89037,-26.91225753204585,-49.11088518056733,blumenau,sc
89063,-26.787333585127545,-49.07294363173752,blumenau,sc
89074,-26.85207023994163,-49.13558214027079,blumenau,sc
89015,-26.92066741472706,-49.05808668997069,blumenau,sc
89052,-26.89253147930259,-49.067225777731565,blumenau,sc
89068,-26.830589062903368,-49.09048870318102,blumenau,sc
89010,-26.921174162041066,-49.067103336739535,blumenau,sc
89023,-26.953576281983977,-49.08280584277794,blumenau,sc
89035,-26.89871292062437,-49.088533432136906,blumenau,sc
89022,-26.946227503750908,-49.07439125728547,blumenau,sc
89032,-26.91029449624909,-49.139432465722194,blumenau,sc
89057,-26.864032312263987,-49.06025812681599,blumenau,sc
89066,-26.83671964279533,-49.09822197890818,blumenau,sc
89012,-26.91366744240868,-49.075175441023696,blumenau,sc
89050,-26.904493462231457,-49.04979376883908,blumenau,sc
89069,-26.79317696058101,-49.10149805355832,blumenau,sc
89020,-26.93269493142928,-49.05836861475171,blumenau,sc
89040,-26.920205271548127,-49.123727309614914,blumenau,sc
89041,-26.91141069525076,-49.11143612738765,blumenau,sc
89036,-26.91679956310852,-49.10045008206197,blumenau,sc
89086,-26.897212612021043,-49.22647155066649,indaial,sc
89030,-26.89920664224707,-49.08352347071387,blumenau,sc
89046,-26.92271706469511,-49.14820561360983,blumenau,sc
89045,-26.945710453197155,-49.13247923401423,blumenau,sc
89070,-26.88088214922204,-49.14153434581907,blumenau,sc
89084,-26.881739290575016,-49.23777029507024,indaial,sc
89058,-26.85928009729968,-49.04705213755067,blumenau,sc
89055,-26.876427463788964,-49.06352325437129,blumenau,sc
89095,-26.708007741580207,-49.077516943868055,blumenau,sc
89056,-26.875866915056168,-49.06946447108648,blumenau,sc
89042,-26.917704,-49.134561291015,blumenau,sc
89027,-26.98596047100232,-49.08572167055226,blumenau,sc
89053,-26.88149071362121,-49.07183056352269,blumenau,sc
89082,-26.895813293115783,-49.24766995646648,indaial,sc
89085,-26.861984760397497,-49.228152864308925,indaial,sc
89021,-26.94379750375091,-49.06919261518263,blumenau,sc
89087,-26.91291964308109,-49.22616253887539,indaial,sc
89060,-26.83991256910593,-49.05560639300419,blumenau,sc
89016,-26.91076651438352,-49.09323843202645,blumenau,sc
89083,-26.88895431530736,-49.25906596755688,indaial,sc
89048,-26.913571480985645,-49.10539684456696,blumenau,sc
89072,-26.87911659710896,-49.16324256555642,blumenau,sc
89160,-27.20981137280685,-49.63292048422235,rio do sul,sc
89163,-27.20163932194593,-49.65371045031453,rio do sul,sc
89116,-26.924731602973864,-48.96055664215933,gasao pauloar,sc
89114,-26.94309217265287,-48.93548624284629,gasao pauloar,sc
89165,-27.227305885654083,-49.64789177350121,rio do sul,sc
89164,-27.218980466558925,-49.65040322964413,rio do sul,sc
89128,-26.229442939484237,-49.4052167110414,luiz alves,sc
89161,-27.193265556514444,-49.59971262943139,rio do sul,sc
89130,-26.90235592773759,-49.24262073142463,indaial,sc
89167,-27.219789026092812,-49.643018169762,rio do sul,sc
89110,-26.92832230624144,-48.95428876197569,gasao pauloar,sc
89115,-26.723201007518394,-48.93223082369532,luiz alves,sc
89108,-26.59892353667944,-48.99279267408672,massaranduba,pb
89162,-27.174681,-49.59299391869112,rio do sul,sc
89111,-26.900339739833008,-49.00693395911235,gasao pauloar,sc
89117,-26.83714879865378,-49.01135722220592,gasao pauloar,sc
89199,-26.777575514279143,-50.00674105232601,santa terezinha,ba
89112,-26.94640707690269,-48.94918364263056,gasao pauloar,sc
89118,-26.83212084365749,-49.03707801328262,gasao pauloar,sc
89186,-27.316917000000004,-49.636795500000005,aurora,ce
89113,-26.92259629964498,-48.65174807599772,gasao pauloar,sc
89219,-26.25413501236067,-48.87133423020441,joinville,sc
89221,-26.280106009435062,-48.83969902192853,joinville,sc
89286,-26.242374462882584,-49.44408726641652,sao bento do sul,sc
89223,-26.254870345495984,-48.85203074301249,joinville,sc
89228,-26.287890550358416,-48.778370341304736,joinville,sc
89222,-26.272013820675983,-48.85081272303685,joinville,sc
89288,-26.227777499999995,-49.41558674999999,sao bento do sul,sc
89229,-26.329608,-48.81747031112588,joinville,sc
89230,-26.32801293588781,-48.8059642559005,joinville,sc
89220,-26.27254649125743,-48.87520336219632,joinville,sc
89235,-26.365439325841063,-48.82646121189918,joinville,sc
89232,-26.361880768255038,-48.839076988494114,joinville,sc
89256,-26.487035474897464,-49.071400994171626,jaragua do sul,sc
89224,-26.270134671231133,-48.80876106346335,joinville,sc
89203,-26.302574503750908,-48.85193236372555,joinville,sc
89202,-26.313496554532893,-48.84862528282071,joinville,sc
89255,-26.473490109354252,-49.094843667234045,jaragua do sul,sc
89251,-26.491731442148883,-49.07562289508913,jaragua do sul,sc
89237,-26.29225819900166,-48.91274413780365,joinville,sc
89215,-26.3367734454671,-48.906451424923546,joinville,sc
89225,-26.25351566740153,-48.80168204279203,joinville,sc
89252,-26.487658571469776,-49.104342459634026,jaragua do sul,sc
89233,-26.354144958767428,-48.84080710505341,joinville,sc
89218,-26.270855620639093,-48.86166604614817,joinville,sc
89259,-26.49816628796401,-49.08619647149698,jaragua do sul,sc
89211,-26.33702051096427,-48.85493475437127,joinville,sc
89207,-26.322991407438398,-48.83333579156326,joinville,sc
89210,-26.332309917017685,-48.821610195394975,joinville,sc
89280,-26.25372275723957,-49.37880566812,sao bento do sul,sc
89205,-26.310132157366283,-48.827497033585296,joinville,sc
89291,-26.277191525239708,-49.38302629297094,sao bento do sul,sc
89226,-26.23667608520401,-48.81094156549717,joinville,sc
89254,-26.46850294670808,-49.109883098307336,jaragua do sul,sc
89212,-26.34757286955392,-48.84941300291419,joinville,sc
89204,-26.283149245628717,-48.85128463059032,joinville,sc
89285,-26.204199355299167,-49.39876136228898,sao bento do sul,sc
89216,-26.29479481522135,-48.88069388426183,joinville,sc
89258,-26.48928831929638,-49.06057033406625,jaragua do sul,sc
89217,-26.285093458703344,-48.87010250956512,joinville,sc
89265,-26.45735404218365,-49.16876750903103,jaragua do sul,sc
89201,-26.297897521784314,-48.84623041326677,joinville,sc
89260,-26.50713904579032,-49.13313967470719,jaragu do sul,sc
89234,-26.338683352761265,-48.76818851096428,joinville,sc
89294,-26.174139979809496,-49.39196083782136,camport alegre alegre,al
89208,-26.34347496353047,-48.837514116457605,joinville,sc
89231,-26.341808944159254,-48.78914364784285,joinville,sc
89213,-26.43411738903073,-48.81840775864952,joinville,sc
89266,-26.42640222086957,-49.105849382967264,jaragua do sul,sc
89253,-26.490468761584644,-49.11777500914658,jaragua do sul,sc
89257,-26.45975014526704,-49.0403656214996,jaragua do sul,sc
89209,-26.358126497835297,-48.80544104603789,joinville,sc
89214,-26.330548143460163,-48.88090174304856,joinville,sc
89282,-26.22784361154005,-49.3380117571398,sao bento do sul,sc
89239,-26.2278201895666,-48.900538550377966,joinville,sc
89283,-26.237757797194245,-49.34299806546354,sao bento do sul,sc
89227,-26.27365337607479,-48.817669368861424,joinville,sc
89287,-26.24064764899593,-49.392258941532816,sao bento do sul,sc
89261,-26.532729226970567,-49.12866346868034,jaragu do sul,sc
89281,-26.24293363739363,-49.37198010194776,sao bento do sul,sc
89292,-26.280049229927748,-49.37989721485172,sao bento do sul,sc
89206,-26.30158488121068,-48.8116395051359,joinville,sc
89289,-26.247030877437457,-49.4588742703789,sao bento do sul,sc
89284,-26.208116315019836,-49.37727121069671,sao bento do sul,sc
89290,-26.241614233866557,-49.44221509859792,sao bento do sul,sc
89262,-26.49982772329614,-49.1366294772634,jaragua do sul,sc
89267,-26.356923314184304,-49.12918260563199,jaragu do sul,sc
89264,-26.549359542616333,-49.15957560323741,jaragua do sul,sc
89380,-26.45707672112879,-50.22820257716885,monte castelo,sc
89500,-26.77759782919396,-51.0266006692904,cacador,sc
89509,-26.77926793602968,-51.004111803126335,cacador,sc
89510,-26.79056853616869,-50.99646512766669,cacador,sc
89503,-26.781021426798794,-51.01720747308502,caador,sc
89540,-26.96393791235805,-50.41650490545868,santa cecilia,pb
89506,-26.759717861546545,-51.02292460023334,cacador,sc
89505,-26.7699043621429,-51.037671908282064,cacador,sc
89504,-26.780174724964503,-51.02419321488277,caador,sc
89507,-26.768980099559357,-51.00213282237871,caador,sc
89511,-26.792626888633624,-50.98625622113231,cacador,sc
89550,-26.893142597404623,-51.07486197547425,rio das antas,sc
89501,-26.790840005264325,-51.00046871945912,cacador,sc
89555,-26.93998450514357,-51.11094481666518,rio das antas,sc
89670,-27.07370857673873,-51.66131769859549,catanduvas,pr
89675,-26.999694,-51.74448229787319,vargem bonita,mg
89642,-27.10545418766902,-51.25008226892607,tangara,rn
89669,-27.404145037174736,-51.77644290831424,ipira,ba
89638,-27.4934216714213,-50.97777249455896,vargem,sc
89700,-27.22653060850951,-52.02147812014162,concordia,sc
89760,-27.275085,-52.33922369343495,ita,rn
89703,-27.219406079575243,-52.038646085529074,concordia,sc
89708,-27.243439526955736,-52.03765778699477,concordia,sc
89707,-27.241979680744656,-52.041865129068654,concordia,sc
89701,-27.211807695727405,-52.0209908478637,concordia,sc
89711,-27.22952772658081,-51.99198463955511,concordia,sc
89705,-27.228495207129352,-52.05339553756219,concordia,sc
89709,-27.248751508481,-52.018287014538856,concordia,sc
89713,-27.15907529431431,-51.91406153564264,concordia,sc
89710,-27.238322544993427,-52.022187878479656,concordia,sc
89712,-27.24221860856959,-51.95274523612796,concordia,sc
89870,-26.841107282367645,-52.982327822317785,pinhalzinho,sc
89802,-27.10203969025658,-52.61515530531225,chapeco,sc
89805,-27.083665168898516,-52.612186909071255,chapeco,sc
89896,-27.174251650774437,-53.713752423076215,itapiranga,am
89803,-27.10060820622856,-52.64124589560222,chapeco,sc
89810,-27.073482284076302,-52.6389422956779,chapeco,sc
89874,-26.77286341394073,-53.17477023871976,maravilha,al
89814,-27.115420499999995,-52.61644125,chapeco,sc
89804,-27.078604345271568,-52.62989923324536,chapeco,sc
89801,-27.106398057114777,-52.611720735721306,chapeco,sc
89806,-27.04798768242452,-52.634008925881616,chapeco,sc
89815,-27.11723325404561,-52.62386390586773,chapeco,sc
89812,-27.111570666475647,-52.61231533338108,chapeco,sc
89885,-27.0817412352231,-53.00327240548199,sao carlos,sp
89835,-26.56213449977709,-52.5311856838026,sao domingos,ba
89848,-26.71964786600344,-52.85568044538061,jardinoport alegrelis,sc
89850,-26.72665513003572,-52.71820465926768,quilombo,rs
89809,-27.09823746094856,-52.66935995046094,chapeco,sc
89813,-27.148246277200982,-52.578978267493866,chapeco,sc
89856,-26.657331833077052,-52.89820781683987,irati,pr
89839,-26.400958290901617,-52.72752558685156,jupi,pe
89834,-26.690947470397933,-52.30857695253677,ouro verde,sc
89862,-26.724308263126765,-52.55984993309607,entre rios,ba
89824,-26.734393777596978,-52.39085754123138,bom jesus,go
89920,-26.60628204952914,-53.511029111400426,guaraciaba,mg
89998,-26.45973446031485,-52.822611539879134,novo horizonte,ba
89970,-26.532201134029517,-53.32910372152829,anchieta,es
89906,-26.620207420819792,-53.67422321303323,paraiso,sc
89915,-26.918984999999942,-53.614915999999965,santa helena,ma
89909,-26.6549131998767,-53.43887790780584,barra bonita,sc
89925,-26.843126626273516,-53.58007892116759,belmonte,ba
90010,-30.03215040714993,-51.2325516998384,port alegrerto alegre,rs
90050,-30.036636963096477,-51.22367993104038,port alegrerto alegre,rs
90030,-30.024860070777287,-51.22343202221699,port alegrerto alegre,rs
90035,-30.02933889702238,-51.21207766403137,port alegrerto alegre,rs
90040,-30.04307239410819,-51.21141662640671,port alegrerto alegre,rs
90020,-30.02996719492721,-51.2285747494748,port alegrerto alegre,rs
90018,-30.02948255092621,-51.232415679698846,port alegrerto alegre,rs
90022,-31.779919606272696,-52.34106626422659,port alegrerto alegre,rs
90002,-30.028363607536587,-51.23058931210683,port alegrerto alegre,rs
90038,-30.026346286427376,-51.22249899457566,port alegrerto alegre,rs
90090,-29.98906623199997,-51.26255999999995,port alegrerto alegre,rs
90013,-30.037325467684106,-51.23660377990652,port alegrerto alegre,rs
90027,-30.030124399676776,-51.230344987506506,port alegrerto alegre,rs
90029,-30.03203170967748,-51.2359907894858,port alegrerto alegre,rs
90001,-30.028363607536587,-51.23058931210683,port alegrerto alegre,rs
90110,-30.04143095697963,-51.22877353817293,port alegrerto alegre,rs
90130,-30.058735578683137,-51.22157241147777,port alegrerto alegre,rs
90150,-30.05684742270184,-51.22278129782434,port alegrerto alegre,rs
90160,-30.049304469328888,-51.213159697876485,port alegrerto alegre,rs
90170,-30.04420237024641,-51.22582051289751,port alegrerto alegre,rs
90119,-30.04153045989382,-51.22878262199197,port alegrerto alegre,rs
90169,-30.048350237867087,-51.217688425616025,port alegrerto alegre,rs
90120,-30.037760599150104,-51.18020368602456,port alegrerto alegre,rs
90220,-30.02445275114225,-51.21118835646234,port alegrerto alegre,rs
90240,-30.013169904996133,-51.19853892141162,port alegrerto alegre,rs
90230,-30.00731246906908,-51.19422244408211,port alegrerto alegre,rs
90250,-29.986860174851422,-51.19170121247608,port alegrerto alegre,rs
90200,-29.985547013590004,-51.16286896947312,port alegrerto alegre,rs
90245,-29.97914196725141,-51.19026344073523,port alegrerto alegre,rs
90251,-29.973775499999995,-51.19155225,port alegrerto alegre,rs
90241,-30.005852971694814,-51.20471440270655,port alegrerto alegre,rs
90231,-30.009775432685164,-51.2017257418778,port alegrerto alegre,rs
90430,-30.03327,-51.20423325688145,port alegrerto alegre,rs
90470,-30.02967049428719,-51.181592520687786,port alegrerto alegre,rs
90450,-30.02772762392521,-51.1870826147786,port alegrerto alegre,rs
90460,-30.04210197584976,-51.18305187425711,port alegrerto alegre,rs
90410,-30.043111181228067,-51.18142789148245,port alegrerto alegre,rs
90440,-30.018945290034058,-51.19805308050081,port alegrerto alegre,rs
90480,-30.02159907383571,-51.178723476398005,port alegrerto alegre,rs
90420,-30.03173353621104,-51.20999096863639,port alegrerto alegre,rs
90550,-30.020227009435057,-51.195131052859445,port alegrerto alegre,rs
90540,-30.0207634565756,-51.18892235636796,port alegrerto alegre,rs
90510,-30.023609543424392,-51.19870083527613,port alegrerto alegre,rs
90570,-30.025506635033704,-51.203962949477805,port alegrerto alegre,rs
90560,-30.01769047489746,-51.19121208090485,port alegrerto alegre,rs
90520,-30.01980485899368,-51.178789843470426,port alegrerto alegre,rs
90650,-30.06177937996993,-51.170740679987325,port alegrerto alegre,rs
90610,-30.04888496808813,-51.196545051358896,port alegrerto alegre,rs
90630,-30.04404879488149,-51.19180931334757,port alegrerto alegre,rs
90620,-30.04841850983909,-51.20840841355522,port alegrerto alegre,rs
90680,-30.05198212155928,-51.18651997336826,port alegrerto alegre,rs
90640,-30.063072457672124,-51.20322268985506,port alegrerto alegre,rs
90690,-30.043289074383967,-51.18007007118131,port alegrerto alegre,rs
90670,-30.04623721344161,-51.18559141220381,port alegrerto alegre,rs
90660,-30.073570239252074,-51.20294710534355,port alegrerto alegre,rs
90619,-30.057086670840715,-51.174181147787,port alegrerto alegre,rs
90771,-30.15809111507321,-51.21417966481317,port alegrerto alegre,rs
90820,-30.09460140714993,-51.22713380016161,port alegrerto alegre,rs
90880,-30.06173537552653,-51.216658276848094,port alegrerto alegre,rs
90840,-30.08265056608161,-51.22237970599537,port alegrerto alegre,rs
90810,-30.075698598389984,-51.24170887079466,port alegrerto alegre,rs
90850,-30.06838880309298,-51.22319513873832,port alegrerto alegre,rs
90870,-30.07883928365742,-51.208637249783656,port alegrerto alegre,rs
90830,-30.08715837393155,-51.21971299805737,port alegrerto alegre,rs
91010,-30.00830686984238,-51.17548660851754,port alegrerto alegre,rs
91060,-30.00074595920133,-51.14685155649479,port alegrerto alegre,rs
91050,-30.007404534277796,-51.151281673062414,port alegrerto alegre,rs
91030,-30.008157352685952,-51.17525078926519,port alegrerto alegre,rs
91040,-30.009462935339556,-51.15793605314793,port alegrerto alegre,rs
91020,-30.003930419095155,-51.187701749668086,port alegrerto alegre,rs
91170,-29.988864,-51.09603223590519,port alegrerto alegre,rs
91110,-30.003887356656406,-51.13607729058233,port alegrerto alegre,rs
91150,-30.00191787642484,-51.12065583605986,port alegrerto alegre,rs
91130,-30.01125892229781,-51.131081597841714,port alegrerto alegre,rs
91180,-30.006108587281485,-51.10585507397993,port alegrerto alegre,rs
91140,-29.963407806474702,-51.11430213950879,port alegrerto alegre,rs
91120,-29.980257317790983,-51.13296840354325,port alegrerto alegre,rs
91160,-29.991483510663272,-51.09895269471816,port alegrerto alegre,rs
91175,-29.975930241726743,-51.19591931331479,port alegrerto alegre,rs
91215,-30.02792349708581,-51.141100794189015,port alegrerto alegre,rs
91270,-30.03434804774172,-51.11959916946656,port alegrerto alegre,rs
91240,-30.018454124617698,-51.11764303095958,port alegrerto alegre,rs
91230,-30.018951471002325,-51.12713188190318,port alegrerto alegre,rs
91250,-30.01789974937962,-51.097314656673774,port alegrerto alegre,rs
91260,-30.0373750279428,-51.10576615986805,port alegrerto alegre,rs
91210,-30.03535047792722,-51.14769316763807,port alegrerto alegre,rs
91220,-30.01890821065843,-51.13541895461369,port alegrerto alegre,rs
91225,-30.027049627531888,-51.13176889301168,port alegrerto alegre,rs
91263,-30.04510491433292,-51.10609287102105,port alegrerto alegre,rs
91280,-30.04513453566277,-51.09709286179231,port alegrerto alegre,rs
91350,-30.01895817707312,-51.16296204564608,port alegrerto alegre,rs
91330,-30.02870741909516,-51.16881473134623,port alegrerto alegre,rs
91340,-30.028941461278805,-51.18007165696225,port alegrerto alegre,rs
91380,-30.024479620030064,-51.14424295628714,port alegrerto alegre,rs
91360,-30.0222114410237,-51.15161116293486,port alegrerto alegre,rs
91370,-30.018188622470177,-51.14962402449404,port alegrerto alegre,rs
91310,-30.04023920511851,-51.16414789716661,port alegrerto alegre,rs
91320,-30.038351353597985,-51.15238157172958,port alegrerto alegre,rs
91349,-30.02530441326677,-51.1632907503319,port alegrerto alegre,rs
91430,-30.052386519109746,-51.14631362022254,port alegrerto alegre,rs
91410,-30.050167734952897,-51.17127491243006,port alegrerto alegre,rs
91450,-30.047581192965318,-51.13461203217546,port alegrerto alegre,rs
91420,-30.04228042382702,-51.16980228573488,port alegrerto alegre,rs
91440,-30.06252728362876,-51.14664332084941,port alegrerto alegre,rs
91501,-30.07653850836813,-51.12485036649549,port alegrerto alegre,rs
91550,-30.077021487809752,-51.1313949910142,port alegrerto alegre,rs
91530,-30.06897070552254,-51.155099487362286,port alegrerto alegre,rs
91510,-30.07200823826747,-51.17719962332037,port alegrerto alegre,rs
91560,-30.11889887949572,-51.10879320084046,port alegrerto alegre,rs
91520,-30.0671587507646,-51.1688040863292,port alegrerto alegre,rs
91570,-30.11401508742571,-51.10201427950246,port alegrerto alegre,rs
91540,-30.08286804902226,-51.13043961349074,port alegrerto alegre,rs
91509,-30.07653850836813,-51.12485036649549,port alegrerto alegre,rs
91720,-30.089115335824385,-51.20802961919336,port alegrerto alegre,rs
91760,-30.140645406601674,-51.22478800124076,port alegrerto alegre,rs
91751,-30.12782206628604,-51.22261917680643,port alegrerto alegre,rs
91787,-30.155818294217656,-51.18248335983039,port alegrerto alegre,rs
91755,-30.16380984595193,-51.20104756189048,port alegrerto alegre,rs
91780,-30.21046165390383,-51.1749209536614,port alegrerto alegre,rs
91770,-30.15709837996993,-51.21783645920132,port alegrerto alegre,rs
91750,-30.12330956203472,-51.216144101736845,port alegrerto alegre,rs
91740,-30.103303723122416,-51.215815419555454,port alegrerto alegre,rs
91793,-30.14799052542876,-51.14342059417206,port alegrerto alegre,rs
91795,-30.15131597483807,-51.14698474149685,port alegrerto alegre,rs
91712,-30.09377354143865,-51.17694363995685,port alegrerto alegre,rs
91788,-30.150172090294287,-51.16147719229931,port alegrerto alegre,rs
91790,-30.155891426596973,-51.13714794448616,port alegrerto alegre,rs
91710,-30.07322370384909,-51.18980548765074,port alegrerto alegre,rs
91781,-30.184998641145253,-51.17471677600879,port alegrerto alegre,rs
91792,-30.150929999999946,-51.140401999999966,port alegrerto alegre,rs
91771,-30.157826699694155,-51.2149033960701,port alegrerto alegre,rs
91778,-30.176519940879476,-51.18383904356863,port alegrerto alegre,rs
91798,-30.178748805929928,-51.14277606016652,port alegrerto alegre,rs
91791,-30.14436457394796,-51.12637161148598,port alegrerto alegre,rs
91786,-30.17646813044608,-51.17617126475863,port alegrerto alegre,rs
91796,-30.170601024432525,-51.081018139449576,port alegrerto alegre,rs
91782,-30.214011008990425,-51.12691285254736,port alegrerto alegre,rs
91785,-30.187861327915748,-51.13588004454206,port alegrerto alegre,rs
91810,-30.08572310485261,-51.24753469894402,port alegrerto alegre,rs
91920,-30.110020899532547,-51.23162798932419,port alegrerto alegre,rs
91900,-30.10480681877193,-51.25245549916327,port alegrerto alegre,rs
91910,-30.099819425212,-51.234831738963614,port alegrerto alegre,rs
92020,-29.91005335319802,-51.169226719006566,canoas,rs
92035,-29.916624328065343,-51.12650249999999,canoas,rs
92030,-29.914668849530724,-51.14844143722624,canoas,rs
92025,-29.92327422093021,-51.16155342258625,canoas,rs
92010,-29.91685197169481,-51.17985034021047,canoas,rs
92031,-29.890712869697197,-51.13984355283061,canoas,rs
92032,-29.90980403831717,-51.14917761336497,canoas,rs
92022,-29.9164269523776,-51.155579325490265,canoas,rs
92027,-29.92737822093021,-51.147500809740905,canoas,rs
92120,-29.956390513994027,-51.16761355689882,canoas,rs
92130,-29.957644549281436,-51.1617512235846,canoas,rs
92110,-29.929553444630383,-51.17033878971692,canoas,rs
92200,-29.942863836805337,-51.17746565589438,canoas,rs
92310,-29.915258224808355,-51.18616902904408,canoas,rs
92320,-29.927407825667792,-51.191704757208896,canoas,rs
92314,-29.93074999999993,-51.16271999999998,canoas,rs
92330,-29.905850536211037,-51.21874199125742,canoas,rs
92323,-29.922570471002324,-51.19970512101102,canoas,rs
92340,-29.905357986409992,-51.18793495311316,canoas,rs
92325,-29.912353332794627,-51.22234711962604,canoas,rs
92420,-29.88670447489746,-51.17760427990652,canoas,rs
92480,-29.856533702649784,-51.2689583252686,nova santa rita,pi
92410,-29.898716481245444,-51.16985096863638,canoas,rs
92425,-29.8803711689455,-51.155818596111246,canoas,rs
92440,-29.891277574350177,-51.13013500104341,canoas,rs
92412,-29.89597695920133,-51.14571254440535,canoas,rs
92441,-29.886169431040383,-51.13587932653354,canoas,rs
92415,-29.90400999489953,-51.14177599825473,canoas,rs
93025,-29.777429782822736,-51.16438266988546,sao leoport alegreldo,rs
93037,-29.790041557369143,-51.13274825026866,so leoport alegreldo,rs
93022,-29.796679498470787,-51.1497622797336,sao leoport alegreldo,rs
93030,-29.782461144841907,-51.142074220884496,sao leoport alegreldo,rs
93010,-29.764677078798385,-51.15238582550074,sao leoport alegreldo,rs
93044,-29.781279,-51.1092675,sao leoport alegreldo,rs
93032,-29.77065486733257,-51.13215300635966,sao leoport alegreldo,rs
93040,-29.768607176102204,-51.14036966545228,so leoport alegreldo,rs
93020,-29.77828044322147,-51.153167107540376,sao leoport alegreldo,rs
93046,-29.76976254764075,-51.13719159816135,sao leoport alegreldo,rs
93048,-29.766743455810964,-51.11028957273602,sao leoport alegreldo,rs
93056,-29.75442278825133,-51.09169360675705,sao leoport alegreldo,rs
93035,-29.787684884440413,-51.13421625687577,sao leoport alegreldo,rs
93054,-29.76058386465735,-51.11064585075084,sao leoport alegreldo,rs
93052,-29.74431716729497,-51.094097726253246,sao leoport alegreldo,rs
93042,-29.76129327355972,-51.11963512462503,sao leoport alegreldo,rs
93050,-29.756439012164865,-51.10895049918932,sao leoport alegreldo,rs
93115,-29.738170937387963,-51.13832328205961,sao leoport alegreldo,rs
93120,-29.729129705057428,-51.15428902585259,sao leoport alegreldo,rs
93130,-29.747926474225835,-51.15495231553815,so leoport alegreldo,rs
93135,-29.72751166708342,-51.17677291132294,so leoport alegreldo,rs
93110,-29.75169998873485,-51.15040271029801,sao leoport alegreldo,rs
93125,-29.72088148602069,-51.16546029362847,sao leoport alegreldo,rs
93140,-29.72154010169792,-51.18969188290544,so leoport alegreldo,rs
93145,-29.717737322678605,-51.18180191895945,sao leoport alegreldo,rs
93113,-29.751067503115827,-51.144514144571474,so leoport alegreldo,rs
93150,-29.704248,-51.19477649999998,sao leoport alegreldo,rs
93222,-29.820015785794464,-51.14116990854474,sapucaia do sul,rs
93218,-29.81823871095309,-51.14661084261517,sapucaia do sul,rs
93295,-29.863317938656767,-51.12455872921976,esteio,rs
93230,-29.841239356916784,-51.13348753831546,sapucaia do sul,rs
93285,-29.856316025899183,-51.161812350173314,esteio,rs
93225,-29.83008895915575,-51.12987830813117,sapucaia do sul,rs
93265,-29.846107901962423,-51.16915245423768,esteio,rs
93280,-29.85099586021264,-51.14763031444107,esteio,rs
93270,-29.843090570257583,-51.18132555183935,esteio,rs
93216,-29.813910531808045,-51.15997035688906,sapucaia do sul,rs
93212,-29.81897388511325,-51.171957673395454,sapucaia do sul,rs
93260,-29.84902518598416,-51.17602955525653,esteio,rs
93214,-29.82100208780975,-51.15350759362968,sapucaia do sul,rs
93226,-29.8384527020796,-51.15106272154019,sapucaia do sul,rs
93220,-29.83400066105778,-51.15660258374496,sapucaia do sul,rs
93224,-29.834752308636915,-51.14338850911179,sapucaia do sul,rs
93210,-29.82712741817817,-51.16258925580344,sapucaia do sul,rs
93228,-29.843337872590972,-51.13101604599175,sapucaia do sul,rs
93290,-29.85840529703007,-51.1458296209508,esteio,rs
93234,-29.85854393724704,-51.10655127132628,sapucaia do sul,rs
93211,-29.797688513056315,-51.18580019300437,sapucaia do sul,rs
93219,-29.802155724082,-51.13181189430493,sapucaia do sul,rs
93336,-29.6948240514127,-51.13882357830916,novo hamburgo,rs
93310,-29.681469082819493,-51.13042979447871,novo hamburgo,rs
93334,-29.699426612548717,-51.14372106653372,novo hamburgo,rs
93340,-29.68912359715008,-51.1470983181276,novo hamburgo,rs
93320,-29.724040852613463,-51.13808449588731,novo hamburgo,rs
93330,-29.719659791684908,-51.142611685738096,novo hamburgo,rs
93315,-29.67967551000983,-51.136968187982,novo hamburgo,rs
93347,-29.675741335580245,-51.16812324157407,novo hamburgo,rs
93351,-29.651251126642787,-51.14171812609125,novo hamburgo,rs
93348,-29.67923604262464,-51.14794390232424,novo hamburgo,rs
93346,-29.673292020648528,-51.150339345946186,novo hamburgo,rs
93332,-29.7103410181936,-51.13665779773532,novo hamburgo,rs
93344,-29.676297206103012,-51.15850882038814,novo hamburgo,rs
93490,-29.756924954434872,-51.05065245881262,novo hamburgo,rs
93410,-29.690317947293,-51.12693819084448,novo hamburgo,rs
93415,-29.696975127696938,-51.12095566913109,novo hamburgo,rs
93425,-29.71840516884322,-51.11541301407027,novo hamburgo,rs
93420,-29.7227321685652,-51.13125728638828,novo hamburgo,rs
93534,-29.66792430519753,-51.10686728863666,novo hamburgo,rs
93546,-29.704215831922262,-51.103925054245146,novo hamburgo,rs
93510,-29.684009472963563,-51.128338877236175,novo hamburgo,rs
93548,-29.69097966967412,-51.116357834642415,novo hamburgo,rs
93525,-29.66670799324444,-51.120587238003694,novo hamburgo,rs
93540,-29.68362502337961,-51.10112265149159,novo hamburgo,rs
93544,-29.686798958814887,-51.08351545164221,novo hamburgo,rs
93520,-29.67599592787156,-51.12362541701777,novo hamburgo,rs
93542,-29.6881809883103,-51.0915608374261,novo hamburgo,rs
93537,-29.674354722915453,-51.09797900206841,novo hamburgo,rs
93530,-29.6606624853088,-51.113336509445865,novo hamburgo,rs
93610,-29.656939934893288,-51.16408845245996,estancia velha,rs
93615,-29.65203390182492,-51.18563041930782,estancia velha,rs
93608,-29.66684200084112,-51.15445514217226,estancia velha,rs
93600,-29.66127235588946,-51.14916786970565,estancia velha,rs
93611,-29.66890889162752,-51.17518294945239,estancia velha,rs
93601,-29.64089056198603,-51.17042592433398,estancia velha,rs
93604,-29.650077699839542,-51.22078997584424,estancia velha,rs
93614,-29.65758205674681,-51.19277442979914,estancia velha,rs
93607,-11.274704431863016,-37.44243569811498,estancia velha,rs
93609,-26.91742748383478,-49.08366301315655,estancia velha,rs
93616,-29.663019941965512,-51.21322109229162,estancia velha,rs
93612,-29.666979970214843,-51.19048127580911,estancia velha,rs
93800,-29.645176899762305,-51.02025736303104,sapiranga,rs
93819,-29.640840456688228,-50.99064842277813,sapiranga,rs
93821,-29.63224021357254,-50.97767556672235,sapiranga,rs
93807,-29.66179344712717,-51.00025561436421,sapiranga,rs
93806,-29.6509592336392,-50.99699626461684,sapiranga,rs
93822,-29.626139140088043,-50.96152802907555,sapiranga,rs
93805,-29.647478988599183,-51.02432009886484,sapiranga,rs
93815,-29.65460116349433,-50.98287226429686,sapiranga,rs
93804,-29.63869409856004,-51.01984450930279,sapiranga,rs
93820,-29.62673626309145,-50.980918567963855,sapiranga,rs
93801,-29.617157103650147,-50.99639724457308,sapiranga,rs
94065,-29.94641399464261,-51.052913746428416,gravatai,rs
94060,-29.93480300575264,-51.05395760312391,gravatai,rs
94010,-29.947182643227062,-50.98726850565194,gravatai,rs
94040,-29.939446277690998,-51.02740628746429,gravatai,rs
94055,-29.94687511296093,-51.03326321732352,gravatai,rs
94035,-29.94048599009596,-50.9981061223831,gravatai,rs
94090,-29.927162200386643,-51.044465529978616,gravatai,rs
94045,-29.94357697446478,-51.021830907986654,gravatai,rs
94050,-29.9319110586173,-51.073657600086015,gravatai,rs
94070,-29.94668826089216,-51.06579546156727,gravatai,rs
94030,-29.94589374564382,-51.02070628128247,gravatai,rs
94015,-29.93119707526035,-50.99828745175177,gravatai,rs
94025,-29.931202897263518,-51.00628514988111,gravatai,rs
94080,-29.920144913959263,-51.07064924355125,gravatai,rs
94085,-29.92480530030584,-51.05765008465576,gravatai,rs
94075,-29.93556524562872,-51.06278127976229,gravatai,rs
94020,-29.9340890774044,-51.00763699513621,gravatai,rs
94071,-29.935830174851425,-51.06824050276997,gravatai,rs
94135,-29.931213017485145,-51.04173773397196,gravatai,rs
94150,-29.927994288910604,-51.02459690676839,gravatai,rs
94130,-29.92155326206326,-51.03848528353922,gravatai,rs
94180,-29.944483898455072,-50.95107873217742,gravatai,rs
94110,-29.910453421582652,-51.05375071280656,gravatai,rs
94195,-29.957697068917305,-50.96320988067767,gravatai,rs
94175,-29.87872452539099,-50.99375471634259,gravatai,rs
94170,-29.92163944823706,-50.99591169885743,gravatai,rs
94197,-29.92882426278949,-50.92917370121869,gravatai,rs
94100,-29.893223650297152,-51.063959342345264,gravatai,rs
94198,-29.91461000805008,-50.92070034387446,gravatai,rs
94190,-29.951552807663436,-50.97146917568816,gravatai,rs
94185,-29.94434666833055,-50.97062188813559,gravatai,rs
94120,-29.9129934343586,-51.04388179294825,gravatai,rs
94155,-29.93388154371285,-51.01198560367011,gravatai,rs
94199,-29.93097920676329,-50.9719799753015,gravatai,rs
94140,-29.913127297826005,-51.034285042485166,gravatai,rs
94196,-29.897089494681627,-50.89892306577915,gravatai,rs
94430,-30.093155400501757,-51.020694288459616,viamao,rs
94455,-30.097074815806867,-51.071084680720624,viamao,rs
94475,-30.07387922090301,-51.09598918358619,viamo,rs
94495,-30.05563661302039,-51.08595118098548,viamao,rs
94440,-30.09088635144701,-51.06177295421514,viamao,rs
94445,-30.100024278603996,-51.06033541989852,viamao,rs
94415,-30.076031178872505,-51.02419473083855,viamao,rs
94410,-30.08061351221984,-51.0272582031978,viamao,rs
94450,-30.09146582358089,-51.063176365409866,viamao,rs
94451,-30.15946930410813,-50.832839089335735,viamao,rs
94435,-30.08207652276208,-51.035804214096224,viamao,rs
94480,-30.06527822380848,-51.10253137982866,viamao,rs
94490,-30.065664596491978,-51.11735338327992,viamao,rs
94460,-30.114109861258587,-51.07733018429709,viamao,rs
94470,-30.083666686856688,-51.08265281874019,viamao,rs
94420,-30.019941040799285,-51.024457024074096,viamao,rs
94465,-30.122451782388044,-51.08440613070943,viamao,rs
94425,-30.077556371637115,-51.014792543558976,viamo,rs
94416,-30.05930601043429,-51.02079067722752,viamao,rs
94463,-30.13803398331282,-50.8668697570924,viamao,rs
94500,-30.06565935728178,-51.1109404409334,viamo,rs
94515,-30.073824,-51.04559925000001,viamo,rs
94505,-30.134648153236668,-51.07011399207671,viamao,rs
94510,-30.06286829641035,-51.08511797543464,viamao,rs
94855,-30.045270560790065,-51.0608988611771,alvorada,rs
94810,-30.009630605709347,-51.07718453138239,alvorada,rs
94818,-30.00620556531,-51.05450977585838,alvorada,rs
94852,-30.004788494713157,-51.05249422841804,alvorada,rs
94859,-30.034015194094764,-51.08206819862761,alvorada,rs
94838,-30.010775679948647,-51.04112711825188,alvorada,rs
94850,-30.012852212499343,-51.08235229027944,alvorada,rs
94824,-29.99145358478012,-51.07722022536116,alvorada,rs
94820,-29.997056471063942,-51.08329485192022,alvorada,rs
94853,-30.023630346810968,-51.05868310343233,alvorada,rs
94856,-30.04564234370892,-51.08332668676049,alvorada,rs
94828,-29.99070444935213,-51.06209200169434,alvorada,rs
94858,-30.03860801506777,-51.07783034323312,alvorada,rs
94834,-29.995244743410076,-51.04947655095901,alvorada,rs
94814,-29.99933700388208,-51.07390917257923,alvorada,rs
94836,-30.000191890403272,-51.029234623602704,alvorada,rs
94830,-29.985256734666656,-51.0328950535929,alvorada,rs
94945,-29.9278774167412,-51.08474530651221,cachoeirinha,rs
94940,-29.936371140294536,-51.093639461342185,cachoeirinha,rs
94935,-29.94145639030968,-51.1005061362448,cachoeirinha,rs
94910,-29.95355420966261,-51.103414237425575,cachoeirinha,rs
94960,-29.90197869711241,-51.08639518356351,cachoeirinha,rs
94950,-29.94678488392952,-51.081698861959794,cachoeirinha,rs
94965,-29.90828909779852,-51.069163834525725,cachoeirinha,rs
94930,-29.91836557306762,-51.10041765990425,cachoeirinha,rs
94955,-29.91991954986052,-51.0736587409013,cachoeirinha,rs
94970,-29.88763965221807,-51.08846430359143,cachoeirinha,rs
94920,-29.95928387606828,-51.1074070934673,cachoeirinha,rs
94931,-29.904147441009016,-51.09583343110395,cachoeirinha,rs
94967,-29.949363,-51.0704865,cachoeirinha,rs
94901,-29.950756365314483,-51.100477547091074,cachoeirinha,rs
95095,-29.19829438602458,-51.20720195133252,caxias do sul,rs
95050,-29.15937450115852,-51.16824032553391,caxias do sul,rs
95072,-29.173493709674137,-51.15643225763195,caxias do sul,rs
95052,-29.159362483403115,-51.16004653249217,caxias do sul,rs
95080,-29.18731198431491,-51.17689049812128,caxias do sul,rs
95020,-29.16957635052199,-51.164852512339095,caxias do sul,rs
95076,-29.17682210847989,-51.15690685509721,caxias do sul,rs
95010,-29.172729100166038,-51.20046833219573,caxias do sul,rs
95055,-29.154640299465,-51.13991683804836,caxias do sul,rs
95057,-29.14367508913857,-51.14242252553059,caxias do sul,rs
95030,-29.151517655694896,-51.22367778576782,caxias do sul,rs
95032,-29.15083937910365,-51.19747911590059,caxias do sul,rs
95041,-29.150929318247144,-51.17473438467261,caxias do sul,rs
95034,-29.15431985306487,-51.18599374251306,caxias do sul,rs
95088,-29.193359085518043,-51.162024291842336,caxias do sul,rs
95097,-29.17928910622808,-51.19211762043794,caxias do sul,rs
95082,-29.178365921096788,-51.17747690331007,caxias do sul,rs
95074,-29.167307264772514,-51.13622368243964,caxias do sul,rs
95054,-29.155776088054317,-51.15628446049319,caxias do sul,rs
95013,-29.15817748296765,-51.20612593982097,caxias do sul,rs
95084,-29.173247442319,-51.1670813773732,caxias do sul,rs
95044,-29.132262204597478,-51.19687239336617,caxias do sul,rs
95060,-29.11011905606211,-51.08238191188181,caxias do sul,rs
95070,-29.17755456451863,-51.16087871013524,caxias do sul,rs
95098,-29.1962475,-51.180777,caxias do sul,rs
95045,-29.12782096078328,-51.16655636274146,caxias do sul,rs
95096,-29.188235982923587,-51.20387666313388,caxias do sul,rs
95012,-29.16624369279465,-51.209531752064,caxias do sul,rs
95059,-29.11864025625293,-51.12974418075046,caxias do sul,rs
95047,-29.123703751343527,-51.18499659404691,caxias do sul,rs
95043,-29.13979854399035,-51.17723746491975,caxias do sul,rs
95040,-29.158776348159197,-51.17517711853063,caxias do sul,rs
95058,-29.127821398042546,-51.120535116480895,caxias do sul,rs
95090,-29.238399647222668,-51.154882623765765,caxias do sul,rs
95086,-29.184544429214423,-51.166294435965895,caxias do sul,rs
95099,-29.17703545546198,-51.20039080991622,caxias do sul,rs
95042,-29.13782524390656,-51.19322878416799,caxias do sul,rs
95065,-29.079822035046963,-51.10581067201552,caxias do sul,rs
95062,-29.094112450969867,-51.07730341728767,caxias do sul,rs
95046,-29.108004172732247,-51.19179719767769,caxias do sul,rs
95180,-29.20322965727452,-51.35111427008906,farroupilha,rs
95110,-29.184320575640843,-51.23000145931209,caxias do sul,rs
95170,-29.891348178542295,-50.27310902841568,farroupilha,rs
95112,-29.165805491392764,-51.22259602757247,caxias do sul,rs
95174,-29.214094419358688,-51.3480169667421,farroupilha,rs
95175,-29.454218608982814,-51.1349063786892,picada cafe,rs
95124,-29.0366325,-51.09108074999999,caxias do sul,rs
95178,-30.022399704281373,-51.203934228377584,farroupilha,rs
95172,-29.217417668094708,-51.359345450600976,farroupilha,rs
95181,-29.242491345586405,-51.34917632592451,farroupilha,rs
95171,-29.23058084392574,-51.366360479471325,farroupilha,rs
95166,-29.4514439595505,-51.10285896784354,picada cafe,rs
95173,-29.21232369707128,-51.36400022144829,farroupilha,rs
95176,-29.215368243892076,-51.341382586743606,farroupilha,rs
95179,-29.23591485198681,-51.32942609065818,farroupilha,rs
95115,-29.21174838350724,-51.28434221430823,caxias do sul,rs
95177,-29.219357955038785,-51.3337069852712,farroupilha,rs
95100,-29.17415237180965,-51.185055097984,caxias do sul,rs
95290,-28.685709247684887,-50.43074377295551,bom jesus,go
95370,-27.67623669724828,-51.45915574192975,barracao,pr
95400,-29.44971064980456,-50.5894233872282,sao francisco de paula,mg
95528,-29.974089269182752,-50.19950034276832,santa luzia,mg
95611,-29.64387851457095,-50.7801597485429,taquara,rs
95603,-29.65938112352117,-50.77973318924948,taquara,rs
95600,-29.648827519014347,-50.78100277488619,taquara,rs
95601,-29.64380920759954,-50.77561655896943,taquara,rs
95607,-29.619774853133777,-50.76582650138261,taquara,rs
95609,-29.643820260892152,-50.76736232335956,taquara,rs
95605,-29.664140436561503,-50.7785049414428,taquara,rs
95612,-29.643009263680312,-50.79251057050056,taquara,rs
95700,-29.16904841329661,-51.52189899460921,bento goncalves,rs
95701,-29.16576741199998,-51.52613992799997,bento goncalves,rs
95702,-29.190008917676018,-51.50806143040303,bento goncalves,rs
95703,-29.16026705184501,-51.50783498069227,bento gonalves,rs
95708,-29.13984815798745,-51.514149862518416,bento goncalves,rs
95705,-29.159003201842477,-51.49977005197258,bento goncalves,rs
95706,-29.15662251644065,-51.49044835645681,bento gonalves,rs
95785,-29.54920820783232,-51.42406103820736,harmonia,pr
95707,-29.15864514218251,-51.52659827102689,bento goncalves,rs
95709,-29.12272547332157,-51.54158370633298,bento goncalves,rs
95710,-29.20397519050369,-51.53130455480548,tuiuti,rs
95840,-29.93588901027001,-51.72117279377729,triunfo,pb
95895,-29.388253629228064,-51.86899308717813,colinas,ma
95905,-29.4497261134858,-51.98325275120958,lajeado,rs
95900,-29.45957919035882,-51.96768363129545,lajeado,rs
95914,-29.434770858166107,-51.96763151874975,lajeado,rs
95930,-29.549963999999942,-52.04395249999996,cruzeiro do sul,ac
95913,-29.44175457955597,-51.96130964790591,lajeado,rs
95901,-29.471235469924064,-51.9908817474406,lajeado,rs
95911,-29.42473294717406,-52.00566388065239,lajeado,rs
95903,-29.46307478757639,-52.0214695848447,lajeado,rs
95910,-29.430489990467024,-52.00653647329336,lajeado,rs
95906,-29.43545342617655,-52.02639038959537,lajeado,rs
95912,-29.43825668192769,-51.97282139670203,lajeado,rs
95908,-29.43208534047225,-52.02006949688271,lajeado,rs
95907,-29.42906690633956,-52.05100941938532,lajeado,rs
95904,-29.45599673661706,-51.98895887224266,lajeado,rs
95902,-29.49566360791614,-51.9731930476302,lajeado,rs
96010,-31.77452642353856,-52.33668313682272,pelotas,rs
96040,-31.752725605603345,-52.37692831779098,pelotas,rs
96065,-31.717691664723876,-52.34280772577763,pelotas,rs
96015,-31.767831461278803,-52.34106915266308,pelotas,rs
96083,-31.75835629447746,-52.27031137898898,pelotas,rs
96020,-31.77241286955392,-52.34399183819032,pelotas,rs
96090,-31.761505561746255,-52.23305115889549,pelotas,rs
96080,-31.744230956979628,-52.32876086398534,pelotas,rs
96030,-31.759626173754903,-52.36515273411618,pelotas,rs
96087,-31.71743115791454,-52.307314662934864,pelotas,rs
96070,-31.69656034346417,-52.34306597570368,pelotas,rs
96077,-31.75881207744239,-52.325715828351214,pelotas,rs
96025,-31.76856507410672,-52.36008633681014,pelotas,rs
96085,-31.74406768275678,-52.294588438000126,pelotas,rs
96060,-31.727025292544223,-52.308651016388616,pelotas,rs
96071,-31.700616047010367,-52.32082066955027,pelotas,rs
96075,-31.77338257617298,-52.324852395089145,pelotas,rs
96045,-31.7485434343586,-52.39092172064175,pelotas,rs
96072,-31.65064323420054,-52.33046221202315,pelotas,rs
96055,-31.739274041635383,-52.3380757009349,pelotas,rs
96076,-31.77158639993657,-52.31383959048413,pelotas,rs
96081,-31.735528166253083,-52.31964031112587,pelotas,rs
96050,-31.74287758312654,-52.394740863581305,pelotas,rs
96095,-31.735485725716536,-52.21494118918343,pelotas,rs
96100,-33.52580018289036,-53.36455302895945,santa vitoria do palmar,rs
96145,-31.51223506094132,-52.43996165576453,quilombo,rs
96230,-33.525600570674555,-53.366420074758125,santa vitoria do palmar,rs
96211,-32.04232063459594,-52.12953397213267,rio grande,rs
96212,-32.046351104875974,-52.131604799924105,rio grande,rs
96207,-32.18884624958893,-52.16495031785904,rio grande,rs
96205,-32.18183859342639,-52.16558527879533,rio grande,rs
96210,-32.204285231363016,-52.17945779216544,rio grande,rs
96290,-31.291059448106548,-51.09270135288632,tavares,pb
96217,-32.167247769274,-52.18343651210432,rio grande,rs
96216,-32.10985414775633,-52.1712025231468,rio grande,rs
96200,-32.032076778660375,-52.103793550113096,rio grande,rs
96215,-32.09689312405125,-52.17768712456428,rio grande,rs
96203,-32.0795133795473,-52.15767795961282,rio grande,rs
96202,-32.05802756482065,-52.14196550262986,rio grande,rs
96214,-32.078338859139464,-52.17979647950831,rio grande,rs
96201,-32.03094717184131,-52.08162508196311,rio grande,rs
96213,-32.06167451342092,-52.16588860914919,rio grande,rs
96206,-32.17180652234449,-52.16630677830477,rio grande,rs
96208,-32.18810994930214,-52.16849032961152,rio grande,rs
96209,-32.205217165051806,-52.18304214576772,rio grande,rs
96204,-32.143004466054286,-52.10926869054296,rio grande,rs
96222,-32.07492017908405,-52.255627496826506,rio grande,rs
96223,-32.02579999999995,-52.19684999999998,rio grande,rs
96408,-31.30534057119673,-54.11136802600594,bage,rs
96412,-31.31124851159016,-54.09360649811303,bage,rs
96418,-31.328497375345503,-54.06035599565912,bage,rs
96415,-31.32637009278509,-54.08931492238784,bage,rs
96400,-31.32151917200534,-54.10078389798132,bag,rs
96425,-31.339753621824745,-54.125660069716666,bage,rs
96405,-31.30802343854719,-54.12340168750899,bag,rs
96407,-31.31213884246524,-54.11482657142898,bage,rs
96402,-31.326536600772723,-54.11837385390225,bag,rs
96420,-31.363005828719945,-54.084159397926655,bage,rs
96413,-31.30330170405856,-54.08223909046783,bage,rs
96410,-31.30164311339537,-54.13757138582962,bage,rs
96422,-31.36485786714552,-54.10791676472466,bage,rs
96419,-31.335025726509983,-54.06422386731213,bage,rs
96503,-30.02360801408486,-52.91332609031451,cachoeira do sul,rs
96501,-30.032271535261707,-52.901199902750456,cachoeira do sul,rs
96508,-30.04253649475705,-52.89548555163659,cachoeira do sul,rs
96506,-30.045254119772707,-52.90081924683006,cachoeira do sul,rs
96505,-30.00647353265712,-52.90836727744279,cachoeira do sul,rs
96504,-30.00550902503089,-52.9188085287372,cachoeira do sul,rs
96810,-29.720993053788824,-52.4277166004204,santa cruz do sul,rs
96830,-29.736744259578053,-52.41449670262238,santa cruz do sul,rs
96840,-29.72864779135777,-52.42936341728446,santa cruz do sul,rs
96825,-29.71592506318239,-52.42031971237576,santa cruz do sul,rs
96880,-29.717571202010305,-52.514748694847896,vera cruz,ba
96845,-29.723040177666807,-52.43790076754427,santa cruz do sul,rs
96815,-29.68772012684158,-52.439021450126496,santa cruz do sul,rs
96824,-29.70163832337782,-52.4032311080202,santa cruz do sul,rs
96835,-29.74923524105816,-52.41544052452032,santa cruz do sul,rs
96820,-29.704781007155663,-52.42944384718152,santa cruz do sul,rs
96821,-29.68594251005741,-52.4069416018279,santa cruz do sul,rs
96816,-29.698897125855755,-52.44208124328146,santa cruz do sul,rs
96832,-29.75175870340277,-52.40912421068749,santa cruz do sul,rs
96822,-29.68374996318899,-52.395289521143845,santa cruz do sul,rs
96842,-29.76529848764945,-52.44190941473362,santa cruz do sul,rs
96836,-29.765050955969635,-52.41321384811222,santa cruz do sul,rs
96843,-29.73701082238471,-52.44162567135935,santa cruz do sul,rs
96823,-29.69370551384592,-52.41316538256117,santa cruz do sul,rs
96814,-29.713965177343656,-52.44756322230524,santa cruz do sul,rs
96817,-29.688199999999934,-52.44850999999994,santa cruz do sul,rs
96900,-29.41729980418472,-53.0164225530434,sobradinho,df
97030,-29.700413412718515,-53.846744201915854,santa maria,rs
97015,-29.689198816146927,-53.8064289212743,santa maria,rs
97010,-29.686990820416717,-53.81325546364473,santa maria,rs
97090,-29.659794696648746,-53.79247096356932,santa maria,rs
97050,-29.691002326389324,-53.80623715543304,santa maria,rs
97060,-29.70761096087477,-53.80869747224308,santa maria,rs
97032,-29.697507759968666,-53.87413877997511,santa maria,rs
97070,-29.71767393533955,-53.81885346932888,santa maria,rs
97035,-29.695667280599,-53.84827128988983,santa maria,rs
97020,-29.690599035534813,-53.82274321519881,santa maria,rs
97045,-29.672763490539225,-53.80435998702572,santa maria,rs
97095,-29.69573056287144,-53.76793581141435,santa maria,rs
97043,-29.676095769634724,-53.825063139736905,santa maria,rs
97040,-29.6697527364191,-53.82938393614169,santa maria,rs
97065,-29.72324605652905,-53.80179753967373,santa maria,rs
97037,-29.686905199001668,-53.86708236358132,santa maria,rs
97021,-29.696123999999948,-53.83582099999997,santa maria,rs
97105,-29.711717453854856,-53.716523831178186,santa maria,rs
97110,-29.696176744247623,-53.72535127945654,santa maria,rs
97300,-30.325751778150916,-54.32844740484445,sao gabriel,ba
97313,-30.323953690341096,-54.32300176197933,so gabriel,rs
97310,-30.336462269736597,-54.336532991235806,so gabriel,rs
97314,-30.326340235138595,-54.31949961677185,so gabriel,rs
97306,-30.35653016584817,-54.333653070914245,so gabriel,rs
97503,-29.775123954116783,-57.09109952167133,uruguaiana,rs
97576,-30.888468385183245,-55.512956236883575,santana do livramento,rs
97575,-30.891886448654123,-55.48441854936742,santana do livramento,rs
97541,-29.78530482202707,-55.79110885322128,alegrete,rs
97542,-29.78918848961021,-55.79694262151192,alegrete,rs
97578,-30.86581269558843,-55.489215711497216,santana do livramento,rs
97543,-29.80050445204419,-55.79828161835262,alegrete,rs
97545,-29.79448663716991,-55.7988416853683,alegrete,rs
97502,-29.765334960364797,-57.08632042334778,uruguaiana,rs
97501,-29.751091889187794,-57.08572064476392,uruguaiana,rs
97511,-29.77453496382761,-57.06138411890778,uruguaiana,rs
97573,-30.89313313850788,-55.53526684015964,santana do livramento,rs
97547,-29.798041390524272,-55.75839035395308,alegrete,rs
97544,-29.79645588367611,-55.80629280612684,alegrete,rs
97507,-29.77500543408407,-57.07420851446703,uruguaiana,rs
97572,-30.86642170643905,-55.54323871280383,santana do livramento,rs
97500,-29.77847965952392,-57.087864594217706,uruguaiana,rs
97574,-30.89801321009646,-55.53031539786274,santana do livramento,rs
97577,-30.876093254780372,-55.50398166997534,santana do livramento,rs
97546,-29.78622192549547,-55.77079086762944,alegrete,rs
97510,-29.76942061570869,-57.08521196614581,uruguaiana,rs
97513,-29.76565129507203,-57.05383477839022,uruguaiana,rs
97571,-30.8568269805816,-55.54738268585502,santana do livramento,rs
97509,-29.795943670748663,-57.06321657653186,uruguaiana,rs
97504,-29.78232668998409,-57.10666833382248,uruguaiana,rs
97508,-29.788462527628266,-57.08943799172175,uruguaiana,rs
98035,-28.64591621382899,-53.59514022698211,cruz alta,rs
98050,-28.65293904794109,-53.60253654743034,cruz alta,rs
98040,-28.64924117913528,-53.58583383413245,cruz alta,rs
98030,-28.633642865504992,-53.590733445076445,cruz alta,rs
98010,-28.6479893882828,-53.616872043630565,cruz alta,rs
98025,-28.637796465784547,-53.60409081119892,cruz alta,rs
98005,-28.644997714736004,-53.60101202888114,cruz alta,rs
98015,-28.62196387455739,-53.62389862391862,cruz alta,rs
98020,-28.625265897412955,-53.611554763237386,cruz alta,rs
98045,-28.68059454334762,-53.6132387105548,cruz alta,rs
98470,-27.327018524192564,-53.055681397580734,planalto,ba
98415,-27.3693645268089,-53.493846554246886,vista alegre,mg
98440,-27.275512671035827,-53.43205269419929,caicara,pb
98690,-27.70997649068157,-53.96247033037334,sao martinho,rs
98780,-36.6053744107061,-64.28394645581311,santa rosa,rs
98785,-27.844038,-54.47366999999999,santa rosa,rs
98787,-27.856125327438573,-54.45671549203492,santa rosa,rs
98792,-27.881013998725752,-54.470745911081096,santa rosa,rs
98789,-27.868149969438303,-54.43965039677959,santa rosa,rs
98794,-27.87720630492272,-54.48236728205352,santa rosa,rs
98796,-27.874708821688778,-54.4925497092881,santa rosa,rs
98781,-27.864757017448305,-54.49298047997839,santa rosa,rs
98790,-27.8510535,-54.43722,santa rosa,rs
98801,-28.302982775967653,-54.26130006953182,santo angelo,rs
98807,-28.30640680173214,-54.24076840098552,santo angelo,rs
98802,-28.28209062869852,-54.27230710850652,santo angelo,rs
98805,-28.28982397676211,-54.23917401173067,santo angelo,rs
98804,-28.305374056063265,-54.25625160625922,santo angelo,rs
98803,-28.281003423550747,-54.258283178397335,santo angelo,rs
98825,-28.29677952743852,-54.39350272277933,buriti,ma
98900,-27.855757535796112,-54.44738121480089,santa rosa,rs
98905,-27.82856114642677,-54.05627715056851,alegria,mg
98915,-27.85737258969363,-54.18951743792309,independencia,ce
99010,-28.246010663976687,-52.38356841481704,passo fundo,rs
99054,-28.26150826898496,-52.38134157591174,passo fundo,rs
99072,-28.27168576620111,-52.41537392728977,passo fundo,rs
99070,-28.26481430502933,-52.3973923714434,passo fundo,rs
99064,-28.288593138981824,-52.36016384811921,passo fundo,rs
99074,-28.26983588040974,-52.39984769135617,passo fundo,rs
99025,-28.26109770117858,-52.40767078126318,passo fundo,rs
99050,-28.240763676781484,-52.380996013740216,passo fundo,rs
99036,-28.283110907861783,-52.43201404729224,passo fundo,rs
99052,-28.23220745460625,-52.36742007074947,passo fundo,rs
99060,-28.276252933191227,-52.36908671420292,passo fundo,rs
99062,-28.284206765499057,-52.383798137288096,passo fundo,rs
99020,-28.25025416550504,-52.41247883497071,passo fundo,rs
99040,-28.25321226374913,-52.42606977001876,passo fundo,rs
99051,-28.237518508958857,-52.37959996714663,passo fundo,rs
99030,-28.269554285927235,-52.437539915518336,passo fundo,rs
99032,-28.26088324617175,-52.44214852887998,passo fundo,rs
99034,-28.263508541001773,-52.457229813095005,passo fundo,rs
99022,-28.24581620055631,-52.41566061573423,passo fundo,rs
99043,-28.226596432935995,-52.46750482654652,passo fundo,rs
99042,-28.223326405249583,-52.43740020966434,passo fundo,rs
99066,-28.2584800364218,-52.40429212686273,passo fundo,rs
99001,-28.242894499597448,-52.37965831615985,passo fundo,rs
99150,-28.4595254944111,-52.20408391320524,marau,ba
99300,-28.831260250517516,-52.51073263982766,soledade,pb
99460,-28.53130875451151,-52.99192035280185,colorado,pr
99430,-28.77644316100997,-52.987249256131896,alto alegre,pr
99560,-27.943647471553252,-52.924767349144965,sarandi,pr
99708,-27.65750342315629,-52.27005072567331,erechim,rs
99705,-27.644251723889,-52.23220379891902,erechim,rs
99704,-27.641798287264105,-52.26214115404806,erechim,rs
99711,-27.631672869774285,-52.28768561981151,erechim,rs
99700,-27.63476848098565,-52.28029411864509,erechim,rs
99709,-27.651375007161093,-52.28848553959546,erechim,rs
99701,-27.629151734056546,-52.248574632425616,erechim,rs
99712,-27.640021056509,-52.31398248342731,erechim,rs
99713,-27.643750486510744,-52.29607977132165,erechim,rs
99714,-27.649503568367617,-52.30329032453772,erechim,rs
99706,-27.653810489324183,-52.24736272009349,erechim,rs
99730,-27.729372911015968,-52.537491045681705,jacutinga,mg
99702,-27.625951026371947,-52.24665486248478,erechim,rs
99838,-27.76319792204414,-52.00161066239056,centenario,rs
99830,-27.586162631461903,-52.09106111682944,gaurama,rs
99839,-27.58695046405568,-52.09247811359098,gaurama,rs
99950,-28.071152747663124,-52.01215595312689,tapejara,pr
